wpid,userid,user_type,event,edit_count,revert_count,revert_ratio,ave_true,final_check
08limi,23213101,1,ebola,1,1,1,0.63923823,0
09flower,23214516,1,ebola,2,0,0,0.566087583,0
1989,23334321,3,blm,274,1,0.003649635,0.958926596,1
2014:f.ace,22329100,2,ebola,31,0,0,0.819771955,0
21 bruh,23252097,1,ebola,1,1,1,0.262377907,0
2manyJimmiesRustled,22044636,1,ebola,1,1,1,0.210716626,0
3!13,22271024,1,ebola,2,0,0,0.574073356,0
42Q7,21979093,1,fifa,34,3,0.090909091,0.704677574,0
99.99percent,25532589,1,blm,11,6,0.545454545,0.226013384,0
A5176868,21647163,1,fifa,2,0,0,0.821771691,0
ADDCharlie,25893465,1,blm,1,1,1,0.277706453,0
Aangell123,23430388,2,ebola,6,2,0.333333333,0.592649831,0
AashishAashish,21785673,1,fifa,1,1,1,0.240052465,0
Abcdefghijklmnopqrstuvwxyz12345678910111,23172042,1,ebola,1,1,1,0.436937825,0
Abhinav0908,21299956,3,fifa,529,60,0.116054159,0.933628206,0
Abiyarajan77,22773833,1,ebola,1,0,0,0.578859757,0
Abpokhrel,21558487,1,fifa,7,0,0,0.848315276,0
Acaddoc,21673285,2,fifa,2,1,0.5,0.77021685,0
Adam9007,24796666,2,blm,332,7,0.021084337,0.966615184,1
Admiller6,23379611,1,blm,1,1,1,0.158186224,0
Adrian-re14,21646720,1,fifa,1,0,0,0.839732482,0
Adrien Glauser,21692166,1,fifa,3,0,0,0.905959919,0
Afk3004,23010510,1,ebola,1,0,0,0.676516711,0
Afropwnswest,24827597,1,blm,9,0,0,0.493430956,0
Agent0047,20601081,2,fifa,152,17,0.113333333,0.711796052,0
Agiufurta,22851142,2,ebola,5,0,0,0.66621297,0
Ahavahisrael,22057934,2,ebola,20,2,0.1,0.61235418,0
Akkckkc,25865582,1,blm,2,0,0,0.272974061,0
AlaskanNativeRU,24682483,2,blm,322,63,0.196875,0.700099714,0
Alex 75596,21556280,2,fifa,31,5,0.161290323,0.579792589,0
Alikaraji78,21553092,2,fifa,20,6,0.3,0.799000491,0
Allegations,25905471,3,blm,9,5,0.555555556,0.559382308,0
Allthefoxes,26932540,3,blm,3252,242,0.074415744,0.942756321,1
Alpha Monarch,21632347,3,fifa,331,46,0.140672783,0.934212946,0
Alvisprabhu1,22174142,1,ebola,1,0,0,0.247075,0
Amax1701,25757421,2,blm,23,5,0.217391304,0.544437155,0
Ammorain,22736357,2,ebola,40,5,0.125,0.830314713,0
Amortias,21319995,3,blm,2443,287,0.118252987,0.944140876,0
AngelisDragon,23051129,1,ebola,3,1,0.333333333,0.649763649,0
Anouyous151,25857880,1,blm,3,2,0.666666667,0.394599975,0
Anthony112358,24732752,1,ebola,1,1,1,0.596138258,0
Anuragpai123,21458734,2,fifa,5,0,0,0.669427901,0
Aparuthi,22646930,3,ebola,11,0,0,0.838850569,0
Apox 24,22213692,1,ebola,2,0,0,0.485025634,0
Aragornbattle,22806372,1,ebola,3,0,0,0.373198159,0
Ariq maul,21797377,1,fifa,2,2,1,0.436317197,0
Arjunsanyal,21538496,2,fifa,63,39,0.629032258,0.81125581,0
Arsalan a.gh,21550334,1,fifa,6,0,0,0.879545197,0
Arslan963,21421968,2,fifa,3,3,1,0.360961507,0
Aryehh89,22181073,2,blm,29,0,0,0.705175376,1
Asere3000,26389553,1,blm,1,0,0,0.112156064,0
Ashish kumar sharma99,21786302,1,fifa,1,1,1,0.856548602,0
Ashu-97,21624226,1,fifa,4,0,0,0.944688056,0
Asniaaprilia,21348121,1,fifa,2,0,0,0.548803937,0
Asracing120,23254673,1,ebola,1,1,1,0.182313105,0
Assasin chan666,22822332,1,ebola,1,0,0,0.441661894,0
Aurelienreys,21306816,2,fifa,12,5,0.416666667,0.6497361,0
AusLondonder,24801517,2,blm,2947,115,0.039182283,0.965719422,1
AutonomousOrangePages,23378365,1,blm,1,1,1,0.552904328,0
AuxZane,22488679,2,ebola,18,3,0.166666667,0.517591738,0
BadDJ,25823689,2,blm,16,0,0,0.323704272,0
Baking Soda,26883893,1,blm,2056,81,0.039396887,0.89092938,1
Bal Mungram,21767315,1,fifa,3,0,0,0.560051157,0
Bander.Quraishi,22332479,1,blm,1,0,0,0.638535596,0
Barnaby.rostant,21714764,1,fifa,1,1,1,0.72881759,0
Basefut,21738163,2,fifa,6,0,0,0.556586814,0
BatHunter,22065417,1,blm,8,0,0,0.63779076,0
Bbetev2,21783006,2,fifa,10,2,0.2,0.628020857,0
Becker-Sievert,21713123,3,ebola,13,13,1,0.727563181,1
Belltoes,26478780,3,blm,824,18,0.021871203,0.721616445,1
Benfxmth,22898432,2,ebola,186,36,0.195652174,0.732691056,1
Benjaminherberger,21635583,1,fifa,3,0,0,0.661828196,0
Bhavinderrao9,21896149,1,ebola,1,0,0,0.655918557,0
Big12isu,23369095,1,blm,1,1,1,0.217447368,0
BigFaCL,21314864,1,fifa,1,0,0,0.616867863,0
Bluemousered,23334109,1,blm,1,0,0,0.597886027,0
Blzjms,23377306,1,blm,1,0,0,0.463484888,0
Bmf 051,21404818,3,fifa,504,15,0.03006012,0.842259552,0
Bohemian Baltimore,22066013,2,blm,910,6,0.006622517,0.963126438,1
BookOfJahMez,22961808,1,ebola,1,0,0,0.516821274,0
BoomChakaLakaBoom,23566036,1,blm,1,0,0,0.291715003,0
BoricuaBonita,25871548,1,blm,1,0,0,0.522736917,0
BrianGroen,22058183,1,ebola,1374,62,0.045621781,0.832137397,0
BunnyTaker55,22945140,2,blm,2,0,0,0.200642161,0
CAPTAIN RAJU,25523690,2,blm,3445,194,0.05637896,0.976450252,1
CDC Latam,22210107,1,ebola,1,1,1,0.083624863,0
CLCStudent,26398660,2,blm,2648,345,0.130582892,0.954978001,1
Cabj94,21373646,2,fifa,1948,18,0.00933126,0.820092358,0
Caealn,21564287,2,fifa,597,73,0.123102867,0.72126375,0
CalLightman1990,26729435,2,blm,5,0,0,0.656538044,0
Calthaus,22394843,1,ebola,3,0,0,0.960205025,0
Car200,21926087,1,ebola,2,0,0,0.688512405,0
Carcake1999,22493912,2,ebola,149,49,0.331081081,0.658717819,0
Cathar66,23395611,3,blm,352,43,0.122159091,0.722655771,0
Cbowman7289,22645352,3,ebola,1,0,0,0.970982682,0
Cbursaw,23398438,2,blm,287,6,0.020905923,0.790060876,0
Cewlt,24382660,2,blm,33,1,0.03030303,0.744830585,0
Cfavsmba,23580749,2,blm,3,3,1,0.290799833,0
Cfcgau,23042377,1,ebola,1,1,1,0.55276323,0
Chaiso123,23399457,2,ebola,3,1,0.333333333,0.461457377,0
ChamithN,21929136,2,blm,2796,261,0.09408796,0.961926484,0
Chibike94,21970264,1,ebola,2,1,0.5,0.38040304,0
Chief hiccup horrendous haddock,21480626,2,fifa,26,9,0.36,0.58248752,0
Chiffchaff2015,25571777,1,blm,7,0,0,0.38448384,0
Chizzy92,21965356,1,ebola,1,1,1,0.441332774,0
Chris2787,21381203,1,fifa,1,0,0,0.496372825,0
Chyluchicago,22725398,2,ebola,5,0,0,0.603146772,0
CitiV,22123746,3,blm,389,20,0.051679587,0.591613211,0
Cjsmith.us,21746182,2,fifa,11,1,0.090909091,0.657646774,0
ClassicOnAStick,21693145,2,fifa,4484,481,0.108284557,0.710605241,0
Clinton227,23274467,1,ebola,1,1,1,0.454107131,0
Clinton30,21179961,2,fifa,2,0,0,0.771919426,0
CookieMonster755,22164567,3,blm,242,26,0.108786611,0.970951735,0
Coolguy1235,23142341,1,ebola,1,1,1,0.112206676,0
Coolguy922,21562873,2,fifa,138,59,0.427536232,0.633220141,0
Coreysutphin,26538214,1,blm,1,1,1,0.211237251,0
Cowpie12345678901,25800235,1,blm,2,2,1,0.11809229,0
Cranberry Products,21375375,3,blm,92,1,0.010869565,0.847374198,1
Crogand3,22632556,3,ebola,2,0,0,0.823122749,0
Crystallizedcarbon,22150306,3,blm,266,22,0.083333333,0.965403227,1
Cttuckerrrr,21729600,1,fifa,2,2,1,0.683188962,0
CyanoTex,24347243,3,blm,151,11,0.072847682,0.964157939,1
CyberWarfare,25812203,2,blm,691,44,0.063675832,0.947669549,0
CynthiaAch,21599510,1,fifa,1,0,0,0.774308496,0
DERPALERT,24532235,3,blm,181,5,0.027624309,0.754206591,0
Daddy2d,23617662,1,blm,1,0,0,0.628832087,0
Damvile,23253239,2,blm,306,2,0.00660066,0.639524024,0
DangerousJXD,22220474,2,blm,119,16,0.13559322,0.509514375,0
Danjuma10,22308202,2,blm,7,1,0.142857143,0.607960108,0
Daqueenonmypeen,23265487,1,ebola,2,2,1,0.409477899,0
Darcty rice,26896170,1,blm,1,1,1,0.171497761,0
DatGuy,26830382,2,blm,3171,320,0.100914538,0.960647274,0
Dbonte35,22195037,1,blm,1,0,0,0.131856038,0
DeLittle,24721351,2,blm,26,2,0.076923077,0.737810725,0
Deangelohnynjyjyj,22947010,1,ebola,1,1,1,0.261617764,0
Deeeogo,25780540,2,blm,1739,98,0.056386651,0.792601695,0
Deeznutzhagotem,25077931,1,blm,5,3,0.6,0.223355517,0
Dengg2,24345691,1,blm,1,1,1,0.780387442,0
Denniscabrams,24382878,2,blm,685,11,0.016058394,0.829442699,0
Desertguardsman,23595994,1,blm,1,1,1,0.471731231,0
DestinationAlan,21614443,2,fifa,32,4,0.125,0.720951091,0
Dianaoh339,23387877,2,blm,16,2,0.125,0.780304613,0
DiscantX,23278095,2,blm,902,51,0.056603774,0.964366501,0
Doc Ayomide,21941077,1,ebola,2,0,0,0.564875719,0
Doctorjokes,22166581,1,ebola,1,1,1,0.097613401,0
DomanicAssyrian,22951759,3,ebola,4,2,0.5,0.608060539,0
Dontmakemetypepasswordagain,26733996,3,blm,73,10,0.136986301,0.732514348,0
DoubleDr,23868411,2,ebola,15,0,0,0.869579362,0
Douglas.j.chapman,22301296,1,blm,1,1,1,0.225010973,0
Dr.Oberd,23509049,1,ebola,4,0,0,0.91052523,0
DuckMan23,22079756,1,ebola,4,1,0.25,0.632479196,0
Dunkleosteus77,24697189,2,ebola,621,78,0.125806452,0.731169522,0
Dylang010,22011743,1,ebola,1,0,0,0.433954065,0
E10QZ,22198436,1,blm,4,0,0,0.640155023,0
"Eat me, I'm an azuki",25540432,2,blm,424,20,0.047393365,0.958538634,0
Ebola guy,21959760,1,ebola,2,2,1,0.577961069,0
Editboyxxx999snipez,22764491,1,ebola,2,2,1,0.104281177,0
Ek93,21605873,1,fifa,2,0,0,0.904035608,0
Emily1015,21730821,2,ebola,2,2,1,0.068910177,0
Emmyfan,23008268,2,blm,16,4,0.25,0.60573634,0
Engl1105,24848423,2,blm,9,3,0.333333333,0.758455186,0
Enhickman,22523564,1,ebola,4,2,0.5,0.79540133,0
EoRdE6,22581480,2,ebola,625,62,0.100323625,0.958504184,0
Equinox,24880950,2,blm,712,6,0.008426966,0.688486837,1
Erinarrow,25137754,1,ebola,1,1,1,0.14566246,0
EternalNomad,24473955,3,blm,84,6,0.071428571,0.765882911,0
Ethanhuron,24668182,1,blm,1,1,1,0.258525655,0
EvanWikiby,21860056,2,fifa,4,0,0,0.828189375,0
Everrreton,23275635,1,blm,2,0,0,0.815971409,0
Excetor,22525551,1,ebola,2,0,0,0.840753609,0
ExoSuho,21844486,1,ebola,2,2,1,0.579755099,0
Extraperson,21601323,1,fifa,3,0,0,0.945105392,0
F Camp,22126370,2,ebola,28,2,0.071428571,0.81171438,0
F8Rx,23388662,1,blm,1,0,0,0.442286724,0
FACTSvsOPINION,25829255,1,blm,1,1,1,0.172570228,0
FCHulbenheim,21657406,2,fifa,17,9,0.5625,0.597775167,0
Fakecolepoland,22002453,1,ebola,1,1,1,0.078641312,0
Fakih99,21795415,2,fifa,8,1,0.125,0.597957223,0
Fatnard,24976792,1,blm,2,2,1,0.433243969,0
Feelerino,21883597,1,fifa,1,0,0,0.659927296,0
Fgauivfhrhgfighifdh,25147706,1,ebola,3,3,1,0.026672563,0
Fgghhhjjjj,21792088,1,fifa,3,1,0.333333333,0.366519679,0
Flyer500,21853441,3,ebola,173,3,0.017647059,0.781339653,0
Flystar125,21625447,2,fifa,9,4,0.444444444,0.61289225,0
Football14fever,21606249,1,fifa,11,5,0.5,0.824193763,0
Forbidden User,21314070,2,blm,587,36,0.061538462,0.760496168,1
FourViolas,22764313,3,ebola,486,45,0.092783505,0.826481289,0
FriarTuck1981,22590519,2,ebola,341,20,0.058823529,0.815122338,0
Frostayy,22799226,1,ebola,1,1,1,0.616493946,0
Frostnibble12343456,22940347,1,ebola,1,1,1,0.109544874,0
Frozenfire14,21678082,1,fifa,15,3,0.2,0.764310783,0
Ftbl2014,21740386,1,fifa,20,0,0,0.652343845,0
Futeb00l,21774160,2,fifa,29,0,0,0.772968751,0
Gabrielptavares,20657819,1,fifa,1,0,0,0.50627738,0
GaiaHugger,21396837,3,blm,3,1,0.333333333,0.384970847,1
Gamerboi1,25578442,1,blm,1,1,1,0.339854906,0
Gf95750,22915410,2,blm,22,1,0.045454545,0.746642085,0
Gg3iii,25552606,1,blm,1,0,0,0.292601339,0
Gggff555,22857826,1,ebola,1,1,1,0.100173226,0
GianDawal1234,24169389,2,ebola,68,16,0.235294118,0.811215477,0
Ginothewall30,21781384,2,fifa,30,4,0.133333333,0.7932942,0
Gladiator Decimus Meridius,23664853,2,blm,15,3,0.2,0.683457538,1
GoLeor,24907752,2,blm,9,2,0.222222222,0.456395049,0
Goalieboss,22827806,1,ebola,2,0,0,0.63939608,0
Goaliegirl133,23213899,1,ebola,1,1,1,0.520845833,0
Gonzales2011,21715655,1,ebola,2,0,0,0.557758273,0
Gorblestein,22800527,1,ebola,6,5,1,0.205597494,0
GraalPK,21483047,3,fifa,5,2,0.5,0.816176431,0
Grammarian3.14159265359,24373534,2,blm,62,0,0,0.732260084,1
GrecianEarn,26353285,3,blm,711,31,0.043723554,0.769791257,0
GrimaceMcDonald,25528513,1,blm,1,0,0,0.352567035,0
HMS88,21533729,2,fifa,31,0,0,0.62213638,0
Haaslk,21800872,1,fifa,1,0,0,0.146053672,0
Halahala9X9,24979737,1,blm,6,0,0,0.836364585,0
Ham.star.01,22812081,1,ebola,1,0,0,0.551046981,0
HamedV00,21339499,1,fifa,5,0,0,0.889535056,0
Handsomewealth,22568229,1,ebola,1,1,1,0.227799337,0
Harka1998,22388250,2,ebola,116,10,0.086956522,0.665538836,0
Harrismark,21938133,2,ebola,7,0,0,0.393649983,0
Hawkmoonb,22162361,1,blm,1,1,1,0.113233314,0
Hehoo99,23377850,2,blm,4,4,1,0.271922369,0
Hejhej123hejhej,21794253,1,fifa,1,0,0,0.203566845,0
Hemlata0005,22287630,1,ebola,1,1,1,0.111708699,0
Hermionedidallthework,25776260,2,blm,1224,55,0.045081967,0.970790775,1
Hernanx32a,21651749,1,fifa,3,3,1,0.641412158,0
Hmoshrif,21581893,1,fifa,1,0,0,0.917360343,0
Hobbes7,23076611,2,ebola,21,0,0,0.782976115,0
Homo mundi,21846525,1,fifa,20,2,0.105263158,0.720175336,0
Homomnius,21685326,1,ebola,2,2,1,0.248835192,0
Hrrael,22986945,1,ebola,1,0,0,0.809066739,0
ILLWRECKYOU,21603481,1,fifa,1,1,1,0.02435118,0
IRVONBRABBS420BLAZE,23580979,1,ebola,3,3,1,0.29199939,0
IRW0,22287343,2,ebola,298,9,0.030405405,0.647703321,0
Iamchukzzy,22781464,1,ebola,1,1,1,0.603306351,0
Iazyges,23299921,3,blm,20,1,0.05,0.977967013,0
Icarosaurvus,22245365,2,blm,13,1,0.076923077,0.546484031,0
Igor gdsgsdgifsscvu,23732876,1,ebola,2,1,0.5,0.479784189,0
Ija2002,22732690,1,ebola,2,0,0,0.629594126,0
Impendingtruth,26797572,1,blm,6,2,0.333333333,0.255136046,0
Inemudom,21965466,1,ebola,1,0,0,0.763841097,0
Irishlad99,22216664,1,ebola,5,1,0.2,0.49532859,0
Iron Caterpillar,22778720,3,ebola,1,1,1,0.80052284,0
Ishac.ishac,21605711,1,fifa,4,0,0,0.844562232,0
Itzzz Michael,21497331,1,fifa,2,2,1,0.113051499,0
Iwalrusfriend,23257101,1,ebola,1,1,1,0.043826433,0
JJHk2000,21360819,2,fifa,64,3,0.047619048,0.861500857,0
JJMC89,24812038,2,blm,3576,238,0.066722736,0.969422008,0
JT2958,22138907,3,blm,19,1,0.052631579,0.832441785,0
JafarFromAfar,23504924,2,ebola,2,2,1,0.272999442,0
Jamesdean32,23581710,1,blm,1,1,1,0.056997138,0
Jaxst99,23060270,1,ebola,1,0,0,0.320956262,0
Jc21539,22936038,1,blm,1,0,0,0.959603939,0
Jdavi333,23304355,2,blm,415,53,0.127710843,0.958841983,1
Jetsmoothin,22407763,2,ebola,7,7,1,0.215268773,0
Jhanae Kelly,22057832,1,ebola,1,1,1,0.381692732,0
Jimbob761,26440004,2,blm,3,3,1,0.449196977,0
Jimmywagtail01,22487294,2,ebola,124,22,0.177419355,0.817132453,0
Jimothyjones123,22798829,1,ebola,1,1,1,0.304333187,0
Jjayy138,22411359,3,ebola,10,2,0.2,0.555367273,0
Jlightsky,24352640,3,blm,5,0,0,0.72578288,0
Jlrubin,22545397,1,ebola,4,0,0,0.726857452,0
Jmvilla1509,21723444,1,fifa,1,1,1,0.777226182,0
John Milton Nagel,22854370,1,ebola,2,0,0,0.34912829,0
Johnmirenda,21631128,2,fifa,4,0,0,0.638552467,0
Jon Stakes,21746499,3,fifa,1,1,1,0.563060857,0
Joseph2302,23498277,2,ebola,2817,270,0.096291013,0.966875748,1
Josephdavoudzadeh,21633531,1,fifa,1,0,0,0.775625788,0
Josephp18810,25627763,2,blm,3,1,0.333333333,0.552324352,0
Joshephpeterson,26331924,1,blm,1,1,1,0.02232327,0
Jrdrew102,25612250,1,blm,1,1,1,0.712988102,0
Jsoik,23255479,1,ebola,1,1,1,0.149999012,0
JupiterSaturnw,21580502,1,fifa,1,0,0,0.860600156,0
JustSmart14,22203617,1,blm,1,1,1,0.161951249,0
Justice2001,25832095,1,blm,8,2,0.25,0.444631309,0
JusticeForFreddieGray,25086134,1,blm,3,3,1,0.464445534,0
Justincase1992,23365561,2,blm,66,6,0.090909091,0.510471785,0
KH-1,21857263,2,blm,7716,432,0.056514914,0.945919821,0
Kachiokeke12,24242762,1,ebola,1,0,0,0.673806073,0
Kaizena,26481923,1,blm,13,1,0.076923077,0.708731932,0
Kakers100,22855597,1,ebola,1,1,1,0.643828557,0
Kanye East1234,24300299,1,ebola,1,1,1,0.053152801,0
Kapibara100,24303793,3,ebola,24,0,0,0.701699097,0
Karamonas,21613377,1,fifa,1,1,1,0.875231526,0
Kieran P. Clark,22986857,2,ebola,32,20,0.625,0.753362674,0
Kiwidwj,25596182,1,blm,3,0,0,0.830316644,0
Kiwifist,24791530,2,blm,225,23,0.102222222,0.750897518,0
Kowl00n,23237249,2,ebola,14,1,0.071428571,0.802949632,0
Kravinec,23170157,1,ebola,3,3,1,0.619913611,0
Krimsonquinn,26932106,1,blm,3,1,0.333333333,0.512584292,0
Krisdan55,22021075,1,ebola,2,0,0,0.343782435,0
Kwaks321,22942673,1,ebola,1,1,1,0.2461537,0
Kwbeie12,23096918,1,ebola,1,1,1,0.476968908,0
Kwoff,22283456,1,blm,2,0,0,0.479522938,0
Kykydani,25640137,1,blm,5,0,0,0.492961511,0
Kyle Lynch15,25074101,1,blm,2,2,1,0.320050037,0
LLBeanBrother,21634751,2,ebola,31,2,0.064516129,0.417764429,0
Landingdude13,20659301,2,fifa,5086,46,0.009090909,0.729337542,0
Lashantae3,22623851,1,ebola,1,1,1,0.180206512,0
Laurel Wreath of Victors,25771936,2,blm,238,7,0.029411765,0.650181368,0
Legochima,23626977,1,blm,1,1,1,0.516755045,0
Leo Bonilla,21626799,3,fifa,11,0,0,0.714032739,0
Lib arts premed96,24992570,3,blm,21,4,0.19047619,0.725277826,1
LiciaLace,22119550,1,blm,2,0,0,0.403170198,0
Lifebiomedguru,22147463,3,ebola,2,0,0,0.665330517,0
Lilhpster,23384693,1,blm,1,1,1,0.250923078,0
Lilnelson1234,23083653,1,ebola,1,0,0,0.090502208,0
Liverpool8765,21800893,2,fifa,25,9,0.36,0.542498093,0
Lizard the Wizard,26692711,3,blm,1837,22,0.011976048,0.956178577,1
Loudaboss,22778809,1,ebola,4,4,1,0.253815778,0
Lowkey40,24991961,1,blm,6,6,1,0.504920118,0
Lucazinzula,22121750,2,ebola,5,2,0.4,0.529238487,0
LuckyLeftyy,25763355,2,blm,18,3,0.166666667,0.49957251,0
Luyg97,21413246,2,fifa,29,1,0.035714286,0.652149329,0
M.dajohnna,22747837,1,ebola,1,1,1,0.481757815,0
MB298,24524350,2,blm,1157,81,0.070190641,0.963578249,1
MPS1992,26860051,2,blm,1126,10,0.008880995,0.698532836,0
MaddiKadafy,21891220,3,blm,865,1,0.001169591,0.758458059,0
Madoti mojeed,21721474,3,fifa,2,1,0.5,0.682673249,0
Mahhon,25099877,2,ebola,119,4,0.033898305,0.665708467,0
ManiiMACK,23377834,1,blm,1,1,1,0.014690858,0
Mariocarioca22,21556789,1,fifa,2,2,1,0.573339881,0
Mariojack3,24656564,2,blm,58,6,0.103448276,0.74681831,1
Mariquilla1988,22491234,3,ebola,12,0,0,0.610670267,0
MarkBM,21794115,3,fifa,14,3,0.214285714,0.53948693,0
Masterfrac,26388641,2,blm,5,5,1,0.24198565,0
Matosizi,21622900,1,fifa,1,1,1,0.788071402,0
Matthew898,21814693,2,fifa,50,19,0.387755102,0.598840237,0
Mattoeftering,25896539,1,blm,2,2,1,0.366414957,0
Mattswag5603,24427364,1,ebola,1,0,0,0.444044222,0
Mejesik,23054210,2,ebola,4,3,1,0.322082482,0
Mexanoh,21772591,1,fifa,1,1,1,0.65110294,0
Michael hunter,22655301,2,ebola,18,14,0.777777778,0.555100422,0
Mico Antonio1234,24513045,2,blm,12,6,0.5,0.687754549,1
Mikestrike,21605546,1,fifa,2,1,0.5,0.881301041,0
MissKatie89,21641081,3,ebola,7,3,0.428571429,0.755947773,0
Mixo45,21336330,2,fifa,30,3,0.1,0.767677801,0
Mj3322,22828071,1,ebola,4,2,0.5,0.59701513,0
Mjay54,23323345,1,blm,2,1,0.5,0.400994398,0
Mohammad961,21605647,1,fifa,9,0,0,0.853581957,0
Mov283br3,26889133,1,blm,3,0,0,0.697146392,0
Mpena12,23388826,2,blm,6,0,0,0.85479256,0
MrAtifAyub,23186517,1,ebola,2,2,1,0.468119113,0
MrHassanSan,22935515,1,ebola,3,0,0,0.729546702,0
MrMohammed305,21901010,3,fifa,18,2,0.111111111,0.755992036,0
Mrs.Maddys,23400956,1,ebola,1,1,1,0.211092514,0
Mtchief,21580764,1,ebola,3,1,0.333333333,0.430390837,0
Mucky Poo,22325480,1,ebola,4,0,0,0.560829092,0
Mulderttt,21637755,1,fifa,1,1,1,0.875027999,0
Mundogamesvicioam,21191932,1,fifa,1,1,1,0.651501832,0
Murilo12,22055388,1,ebola,2,1,0.5,0.381513068,0
MusaSaleemPK,21607835,1,fifa,1,0,0,0.978084868,0
MyEditIsValid,23379465,1,blm,2,1,0.5,0.448173139,0
Nammage,24947538,2,blm,50,1,0.02,0.705829919,0
Nauzemophonic,22709814,1,ebola,1,1,1,0.079383283,0
Necent,26783598,1,blm,1,1,1,0.110601513,0
NekoKatsun,23242057,3,blm,152,7,0.046357616,0.758134693,0
Nelson Joel,23088697,1,ebola,2,0,0,0.49023606,0
NetworkOP,23595433,3,ebola,126,8,0.063492063,0.83022769,0
NextGenSam619,21733618,2,fifa,139,18,0.129496403,0.934377853,0
Nikzilla,22439607,1,ebola,1,1,1,0.212745197,0
Niw1984,23653569,1,blm,1,0,0,0.414635348,0
Nqemgray,21414483,2,fifa,14,5,0.357142857,0.702476824,0
O.Stolz,26750562,2,blm,14,1,0.071428571,0.890223334,0
Oakhilljoseph,23010121,1,ebola,3,1,0.333333333,0.636054712,0
Ogmios78,24962314,1,blm,2,2,1,0.517018646,0
Ogramzes,21774013,2,fifa,2,1,0.5,0.187798413,0
Oiyarbepsy,21840846,2,fifa,2568,72,0.028114018,0.97386288,0
Okymyo,22166916,3,ebola,8,1,0.125,0.371878707,0
OliviaEMcCheyne,26710930,2,blm,4,0,0,0.812903353,0
OliwierEOB,21660035,1,fifa,1,1,1,0.840686411,0
Olympiads are best,21846768,2,fifa,6,5,0.833333333,0.327966211,0
Omelly97,21969174,1,ebola,2,0,0,0.14324675,0
Omodeletobi,21915112,1,ebola,1,0,0,0.385423119,0
Omuhnate,21723336,1,fifa,2,0,0,0.562481159,0
Ooebbbbyyy,21606496,1,fifa,1,0,0,0.937889868,0
Ooopps,22117632,1,ebola,1,0,0,0.297320846,0
OrganicEarth,25844825,2,blm,4246,57,0.01344974,0.7386339,0
Oskar Kopaczewski,21378766,2,fifa,50,24,0.48,0.66154471,0
P4TG30RG13V,21625824,1,fifa,7,1,0.142857143,0.83940125,0
Pencilthebee,26832848,2,blm,2,1,0.5,0.600078319,0
PewdsBro12,25838030,2,blm,56,16,0.285714286,0.559888904,0
Phoenix9630,21788124,1,fifa,13,0,0,0.775859114,0
Pizzaguy232roundhouse,23272223,1,ebola,2,0,0,0.493772611,0
Poiuytrewqvtaatv123321,21847831,2,ebola,46,6,0.130434783,0.829822581,1
Politrukki,24723863,2,blm,5,0,0,0.699502623,1
Polugap,21704913,3,fifa,42,11,0.261904762,0.782670427,0
Pookiebabie,23331249,2,ebola,2,2,1,0.220459425,0
Poseidon Nep,21727454,1,fifa,219,19,0.086757991,0.768468683,0
Pprika,21787522,1,fifa,1,1,1,0.738726474,0
Princessbananahammock,22097365,1,ebola,1,1,1,0.077573652,0
Prinsgezinde,24340726,3,blm,1114,194,0.174617462,0.749028564,0
Prisoner326,22716753,1,ebola,12,1,0.083333333,0.556335655,0
ProfessorLuka,24252134,2,ebola,10,8,0.8,0.584907949,0
Proficuous,22988073,1,ebola,9,1,0.111111111,0.726913202,0
Profoundblkwmn,24797594,1,blm,1,0,0,0.268597942,0
PuffinSoc,22572488,3,ebola,901,12,0.013468013,0.856165002,0
Puppy9000,22747637,2,ebola,87,38,0.463414634,0.739245656,0
Pwfen,23673468,1,ebola,3,0,0,0.619110798,0
QuartzReload,21639897,2,fifa,249,26,0.10483871,0.930536617,0
Qzd,26906394,2,blm,4927,233,0.04729044,0.949554531,0
Rachelwalexander,21664415,3,ebola,22,0,0,0.666428759,0
Rajeshavaghela,21603545,1,fifa,1,0,0,0.98599516,0
Randomlettersinaspace,25800230,1,blm,1,1,1,0.129007439,0
RapdosS,21607695,1,fifa,2,1,0.5,0.892516532,0
RatRat,24512952,2,blm,289,19,0.065743945,0.75973214,0
Ratatosca,21381695,2,blm,28,2,0.071428571,0.678376621,1
RazorThunder,21902977,2,fifa,24,4,0.166666667,0.668985849,0
RealPyro,21981816,1,ebola,1,1,1,0.070382385,0
Realtruth4all,26835139,1,blm,4,4,1,0.209979051,0
RegistryKey,22632709,2,ebola,189,26,0.137566138,0.963633882,0
Reyalfre,20668798,1,fifa,1,0,0,0.971670483,0
Rich4527,22741668,1,ebola,1,1,1,0.292553913,0
Rick13ellms,21816963,2,fifa,15,10,0.714285714,0.332344407,0
Ricola.joe,22981203,1,ebola,3,3,1,0.354874703,0
Rjlnjd,24380114,1,blm,1,0,0,0.259463808,0
Rjryan94,21897518,1,blm,1,0,0,0.46093618,0
Rlincoln1986,23370248,1,blm,2,0,0,0.292333173,0
Rochoa2,22926347,1,ebola,3,0,0,0.516814659,0
Rondo33,25866009,3,blm,1,0,0,0.152402189,0
Ronit.Dey.357,21710434,2,ebola,2,2,1,0.348160302,1
Rpdodds,21609041,2,fifa,5,0,0,0.639669402,0
Rusavuk,24848124,2,blm,25,2,0.08,0.793164223,0
Russsdean,21799547,1,fifa,1,1,1,0.774364353,0
S3oody8,26802104,1,blm,2,1,0.5,0.342810727,0
SLCLibraryGirl,21854618,1,blm,14,2,0.153846154,0.825410222,1
Saeranv,22278526,3,blm,3,1,0.333333333,0.611716222,0
Sage1982,25517950,2,blm,11,0,0,0.841827494,0
Sam3026885,23721311,1,ebola,4,4,1,0.520075493,0
SamSkulls,21825329,1,fifa,22,0,0,0.709959553,0
SamanthaAnnesley,25098281,1,blm,1,1,1,0.497493264,0
SamuelOdinga,22376301,2,ebola,79,2,0.025974026,0.503742265,0
Samuelrowland,21526810,3,fifa,51,2,0.039215686,0.607602272,0
Sankhu01,21819126,1,fifa,6,3,0.6,0.570562115,0
Sarahkooper,23520820,1,ebola,2,0,0,0.873988689,0
Sarahlively,26639426,2,blm,18,3,0.166666667,0.72931849,1
Saricmu,22035931,2,ebola,4,0,0,0.368974015,0
Satkara,23049166,1,ebola,310,3,0.00974026,0.629095598,0
Sayfutri,21566507,2,fifa,56,10,0.185185185,0.726680094,0
Scoottz,22788329,1,ebola,2,0,0,0.86018221,0
Scorcher592,22209020,1,ebola,6,5,0.833333333,0.268587804,0
Scotch93,22249977,1,ebola,1,1,1,0.726653546,0
Seardluin,21742088,1,fifa,1,1,1,0.752861783,0
Sedlarczuk,23003822,1,ebola,3,2,0.666666667,0.672253434,0
Sethyre,26338745,3,blm,3,2,0.666666667,0.666133348,0
Sgt1988,24330416,1,blm,1,0,0,0.317704787,0
ShadowHawk555,23071829,2,blm,34,9,0.264705882,0.792647752,0
Shadowvault,23005758,3,ebola,1,1,1,0.332765608,0
Shakiratrackleb,21606065,2,fifa,12,2,0.166666667,0.427692118,0
Shakiriwein,21624935,1,fifa,1,1,1,0.744786707,0
Shastaman19,22953194,1,ebola,1,1,1,0.356698653,0
Shriram10,22233382,1,ebola,1,1,1,0.226060555,0
Siguy85,21954978,1,blm,4,0,0,0.164089028,0
Silvrcraze,24297747,2,blm,4,0,0,0.230111222,0
Sirgrossgergeofficial,22064290,1,ebola,2,0,0,0.519782858,0
Sizzlingsteve669,22143495,1,ebola,1,1,1,0.035486951,0
Skubydoo,26373160,3,blm,100,21,0.21,0.808312127,0
Snd0,21602800,2,ebola,26,1,0.038461538,0.715131026,0
Soccer addict980,21781730,1,fifa,3,3,1,0.248201783,0
Some of everything,25593358,2,blm,217,11,0.050691244,0.817438017,0
Somuchstuffismeta,24975166,1,blm,9,1,0.111111111,0.478151179,0
Sos edelbi23,21606501,1,fifa,1,0,0,0.863892242,0
Spanzi,21613175,1,fifa,1,0,0,0.559274037,0
Stamboliyski,22271376,2,blm,546,7,0.013035382,0.852176957,0
Starstr,22661304,1,ebola,722,21,0.029288703,0.795570602,0
StealthyJoker85,23377551,2,blm,70,7,0.1,0.598366538,0
StjJackson,25806245,1,blm,424,17,0.04009434,0.799738264,0
Superjonboy01,21561671,2,fifa,3,0,0,0.899973422,0
Swaggyswig,22957991,2,ebola,2,2,1,0.445637453,0
Sweglife,25536757,1,blm,2,2,1,0.607355953,0
Swukus,21746033,1,ebola,4,0,0,0.575357467,0
Taiesecs,26764017,3,blm,2,1,0.5,0.881556985,1
Tbnaff,22853047,1,ebola,2,2,1,0.36327806,0
Teryuslimmy45,26890387,1,blm,3,0,0,0.702519059,0
Thankcleat,22223958,2,ebola,80,2,0.025316456,0.679242552,0
The Replicator,21637138,1,fifa,212,14,0.066350711,0.739376667,0
TheAGamer,21600093,3,fifa,15,4,0.266666667,0.816931712,0
TheBlinkster,24312438,2,blm,1695,7,0.004144464,0.811115789,1
TheGracefulSlick,23588386,2,blm,3415,62,0.018187152,0.952462058,1
TheMrKlWl,21730941,1,fifa,2,0,0,0.482762412,0
Theleo1234,23847471,2,ebola,2,2,1,0.237777897,0
ThurstonHowell3rd,24435954,2,blm,21,3,0.142857143,0.646591756,0
Tiger7890,24844794,3,blm,664,78,0.118181818,0.825463568,0
Tiggahuhot,23379425,1,blm,1,0,0,0.218043749,0
TimeFox,22977958,2,blm,4,0,0,0.496389223,1
Tjl2051,21937009,2,ebola,356,71,0.199438202,0.73000242,0
Tlpinto1,21875037,1,blm,10,0,0,0.57960286,0
Tobyasds,21823208,1,fifa,1,1,1,0.923225164,0
Toks3257,22354476,2,ebola,42,13,0.317073171,0.657816491,0
Trees are more important than people,25088381,3,blm,1,0,0,0.397146467,0
Tritzim,23051773,1,ebola,3,0,0,0.660230296,0
Ttextt,24719872,1,blm,5,1,0.2,0.881801995,0
Tuanminh01,21609933,3,fifa,40,2,0.051282051,0.728780369,0
TwinTowers911,25800157,1,blm,1,1,1,0.047838921,0
Ulubeyli,22139134,1,ebola,6,2,0.333333333,0.575003707,0
UnionJaren,24680355,2,blm,37,17,0.459459459,0.514259534,0
Username041313,24975002,1,blm,1,0,0,0.23217893,0
Vanished user 9j34rnfjemnrjnasj4,21556758,2,fifa,1185,69,0.059125964,0.835449736,0
Vaselineeeeeeee,21345908,1,fifa,33,11,0.333333333,0.935235375,0
VeNeMousKAT,22008334,2,ebola,234,30,0.131578947,0.731518725,0
Velojareal,26742571,2,blm,21,1,0.047619048,0.652055111,0
VeniVidiVici476,22423485,1,ebola,13,12,0.923076923,0.435200831,0
Veracity134,23636100,1,blm,1,1,1,0.065860806,0
Vicoskachaa,21607982,1,fifa,1,1,1,0.457471256,0
Vkhoury,21836170,1,fifa,1,0,0,0.976272447,0
W12345I,23151077,1,ebola,8,0,0,0.557397524,0
WMKT fr,22920072,2,ebola,7,0,0,0.786624743,1
Wa71la,22109672,1,ebola,2,0,0,0.581638261,0
Walfin,23402834,1,blm,1,0,0,0.37839153,0
Walifa Waqar,23483832,2,ebola,14,1,0.071428571,0.482553435,0
Walsh8157,24505878,1,blm,1,0,0,0.127420167,0
We43ff21,26764488,3,blm,31,5,0.161290323,0.597535846,0
WebSurfer01,23379546,1,blm,1,0,0,0.431249178,0
White Arabian Filly,26780745,3,blm,2853,48,0.016824395,0.952785101,0
WickedTurth,23571975,1,blm,7,7,1,0.523599285,0
Wikimarcel2002,23824712,1,ebola,5,5,1,0.264536608,0
Wikimaster2525,22708031,1,ebola,2,0,0,0.787592246,0
Wikipedianeedseditting,22675187,1,ebola,3,2,0.666666667,0.71136343,0
Wikipedianorthernireland,22857347,2,ebola,12,0,0,0.473128107,0
Wikipuser777,22078499,2,blm,45,15,0.333333333,0.788083188,0
Wikitesh Thapa,21711139,2,ebola,5,4,0.8,0.381450732,0
Wikiwang8,23577638,2,ebola,6,0,0,0.47964037,0
WillSchenk,23334859,2,blm,2,2,1,0.237888027,0
WilleHelm,22634215,2,ebola,3,2,0.666666667,0.594508667,0
WolverhmptonLad01,25232934,2,ebola,38,2,0.052631579,0.869665934,0
Wrsa,21960546,3,ebola,110,3,0.027522936,0.829201815,0
Wulframm Rolf,25599093,1,blm,4,2,0.5,0.310697814,0
Wwhitbyiv,25245419,1,ebola,17,6,0.352941176,0.749002353,0
Wybulldog,22287595,1,blm,3,3,1,0.294482813,0
Wyqy,22685997,1,ebola,1,1,1,0.808768107,0
XavierItzm,22888068,1,ebola,119,4,0.033613445,0.800640986,0
Xboxy,21615116,1,fifa,2,2,1,0.741810579,0
XcoIu,21617654,1,fifa,1,1,1,0.724626665,0
Xqxf,22765172,1,ebola,460,17,0.037694013,0.653131133,0
Xstokenmen,21602446,1,fifa,1,0,0,0.898736224,0
XxMorningXxXStarxX,24410372,1,blm,1,1,1,0.489345628,0
Xxxebloadubnusxxx,23436940,1,ebola,1,1,1,0.25445653,0
Yankeekid13,23376982,1,blm,1,0,0,0.385226377,0
Yellow Dingo,23215288,3,ebola,122,3,0.025862069,0.961792629,0
Yessy1205,21753789,1,fifa,8,8,1,0.552726935,0
Yogo770,23068686,1,ebola,30,0,0,0.673859396,0
Youareagrt,24523851,2,blm,3,2,1,0.428131995,0
Yunghomiek,25561760,1,blm,2,1,1,0.355526593,0
ZeFreightTrain,25764360,2,blm,3,1,0.333333333,0.373348786,0
Zexcoiler Kingbolt,26896767,1,blm,3,0,0,0.609389569,0