wpid,userid,register,event_newcomers,is_in_event,time,death,user_type,before_time_span,before_ave_sizediff,before_article_sizediff,before_unique_articles,before_article_count,before_edit_count,before_talk_count,before_user_count,before_usertalk_count,after_time_span,after_ave_sizediff,after_article_sizediff,after_unique_articles,after_article_count,after_edit_count,after_talk_count,after_user_count,after_usertalk_count,event,first_edit_type3
1989,23334321,11/29/14,0,1,1055,0,0,17,1.846149112,1.999988889,16,18,39,0,7,0,1012,635.1515735,237.1955515,2501,3692,24364,5197,463,13664,BLM,3
99.99percent,25532589,6/18/15,1,1,0,1,1,0,-390.9200698,-251.9068008,1,11,13,0,0,2,0,0,0,0,0,0,0,0,0,BLM,1
ADDCharlie,25893465,7/30/15,1,1,0,1,1,0,588.9411059,588.9411059,1,1,1,0,0,0,0,0,0,0,0,0,0,0,0,BLM,1
Adam9007,24796666,4/16/15,0,1,917,0,0,29,489.620059,35.03121351,77,96,187,7,4,46,886,503.2264147,267.3984755,8361,16154,35077,920,2417,12789,BLM,2
Admiller6,23379611,12/4/14,1,1,0,1,1,0,-20.99790021,-20.99790021,1,1,1,0,0,0,0,0,0,0,0,0,0,0,0,BLM,1
Afropwnswest,24827597,4/18/15,1,1,309,1,1,0,30.44410618,30.44410618,2,9,9,0,0,0,7,-34.99825009,-34.99825009,1,2,2,0,0,0,BLM,1
Akkckkc,25865582,7/27/15,1,1,0,1,1,0,63.49682516,63.49682516,1,2,2,0,0,0,0,0,0,0,0,0,0,0,0,BLM,1
AlaskanNativeRU,24682483,4/8/15,0,1,922,0,0,30,86.65935749,1.872879769,57,118,138,11,2,5,891,19.43073453,28.62083812,520,1142,1386,102,5,84,BLM,2
Allegations,25905471,8/1/15,1,1,1,1,1,1,99.599336,18.44423951,1,9,15,2,0,4,0,0,0,0,0,0,0,0,0,BLM,3
Allthefoxes,26932540,11/30/15,0,1,678,0,0,30,692.2977922,286.5636417,1373,1453,3519,12,224,1764,647,572.5431834,385.8848562,1703,2076,5429,563,306,2212,BLM,3
Amax1701,25757421,7/13/15,0,1,141,1,0,28,20.38445858,20.38445858,8,13,13,0,0,0,102,43.71982512,43.71982512,11,25,25,0,0,0,BLM,2
Amortias,21319995,5/3/14,0,1,1262,0,0,30,309.1426452,94.16752815,302,376,820,27,22,205,1231,689.9937485,737.8441344,7101,8912,25285,399,2196,10719,BLM,3
Anouyous151,25857880,7/26/15,1,1,4,1,1,3,0.333322223,0.333322223,3,3,3,0,0,0,0,0,0,0,0,0,0,0,0,BLM,1
Aryehh89,22181073,8/12/14,0,1,1099,1,0,9,196.1372547,196.1372547,9,29,29,0,0,0,246,246.5786229,233.1686857,14,71,76,0,0,0,BLM,2
Asere3000,26389553,9/29/15,1,1,0,1,1,0,94.99050095,94.99050095,1,1,1,0,0,0,0,0,0,0,0,0,0,0,0,BLM,1
AusLondonder,24801517,4/17/15,0,1,916,0,0,30,512.1538724,382.8059333,300,634,981,31,1,141,885,213.3650038,125.6375574,8904,14154,21923,2360,107,1718,BLM,2
AutonomousOrangePages,23378365,12/3/14,1,1,1,1,1,0,0,0,1,1,1,0,0,0,0,0,0,0,0,0,0,0,0,BLM,1
BadDJ,25823689,7/22/15,0,1,5,1,0,5,48.6246961,48.6246961,3,16,16,0,0,0,0,0,0,0,0,0,0,0,0,BLM,2
Baking Soda,26883893,11/24/15,1,1,243,1,1,30,79.39985564,82.46921945,11,49,55,3,0,0,211,178.2355414,97.64134779,1574,4029,5638,544,43,316,BLM,1
Bander.Quraishi,22332479,8/26/14,1,1,15,1,1,0,4.99950005,4.99950005,1,1,1,0,0,0,0,0,0,0,0,0,0,0,0,BLM,1
BatHunter,22065417,8/5/14,1,1,140,1,1,1,264.1390837,253.9957667,1,6,7,1,0,0,75,-39.39921202,-39.39921202,2,5,5,0,0,0,BLM,1
Belltoes,26478780,10/9/15,0,1,660,1,0,16,1.003002702,-31.74263539,28,272,333,4,57,0,629,65.17276634,65.67373134,54,754,764,5,1,3,BLM,3
Big12isu,23369095,12/3/14,1,1,0,1,1,0,90.99090091,90.99090091,1,1,1,0,0,0,0,0,0,0,0,0,0,0,0,BLM,1
Bluemousered,23334109,11/29/14,1,1,967,1,1,0,12.99870013,12.99870013,1,1,1,0,0,0,844,317.2186976,3.499956251,3,8,9,1,0,0,BLM,1
Blzjms,23377306,12/3/14,1,1,0,1,1,0,-81.99180082,-81.99180082,1,1,1,0,0,0,0,0,0,0,0,0,0,0,0,BLM,1
Bohemian Baltimore,22066013,8/5/14,0,1,1165,0,0,20,67.17290267,100.3958774,65,245,480,10,1,1,1099,48.45691476,38.7265165,12968,17917,33341,1215,19,16,BLM,2
BoomChakaLakaBoom,23566036,12/23/14,1,1,0,1,1,0,11.99880012,11.99880012,1,1,1,0,0,0,0,0,0,0,0,0,0,0,0,BLM,1
BoricuaBonita,25871548,7/28/15,1,1,0,1,1,0,-43.99560044,-43.99560044,1,1,1,0,0,0,0,0,0,0,0,0,0,0,0,BLM,1
BunnyTaker55,22945140,10/23/14,0,1,0,1,0,0,-23.99880006,-23.99880006,2,2,2,0,0,0,0,0,0,0,0,0,0,0,0,BLM,2
CAPTAIN RAJU,25523690,6/17/15,0,1,855,0,0,30,1757.347359,1707.497659,249,500,748,0,3,242,824,744.7847999,529.0111601,42563,58597,148425,1874,4649,49721,BLM,2
CLCStudent,26398660,9/30/15,0,1,748,0,0,30,1179.948783,1903.852389,493,611,1330,10,0,642,715,903.694817,1192.616248,11289,16167,34052,182,83,15879,BLM,2
CalLightman1990,26729435,11/7/15,0,1,46,1,0,1,204.1959161,169.7457564,1,4,5,1,0,0,0,-0.99990001,-0.99990001,1,1,1,0,0,0,BLM,2
Cathar66,23395611,12/5/14,0,1,969,1,0,29,162.356563,-44.13616302,12,22,28,0,2,4,938,152.0706538,262.8520391,166,453,665,47,46,83,BLM,3
Cbursaw,23398438,12/5/14,0,1,929,1,0,28,35.98239301,35.98239301,13,57,57,0,0,0,834,38.95214938,41.93660103,161,978,1045,0,0,1,BLM,2
Cewlt,24382660,3/10/15,0,1,708,1,0,15,82.11019878,82.11019878,4,9,9,0,0,0,649,-42.03294394,-65.9197124,115,162,182,1,9,6,BLM,2
Cfavsmba,23580749,12/24/14,0,1,0,1,0,0,16.99943335,16.99943335,2,3,3,0,0,0,0,0,0,0,0,0,0,0,0,BLM,2
ChamithN,21929136,7/26/14,0,1,1181,0,0,30,157.5127397,72.66418054,89,137,195,10,20,20,1150,303.2767349,66.11355346,3317,12690,20272,1232,334,5067,BLM,2
Chiffchaff2015,25571777,6/22/15,1,1,0,1,1,0,1.999971429,1.999971429,1,7,7,0,0,0,0,0,0,0,0,0,0,0,0,BLM,1
CitiV,22123746,8/8/14,0,1,288,1,0,30,31.56344377,26.92427495,147,383,394,9,0,0,257,37.72201266,-21.49982083,7,12,18,0,0,0,BLM,3
CookieMonster755,22164567,8/11/14,0,1,1165,0,0,0,0,0,0,0,0,0,0,0,1119,347.8258279,164.5184105,1188,2552,6511,1306,588,1249,BLM,3
Coreysutphin,26538214,10/16/15,1,1,0,1,1,0,-2483.751625,-2483.751625,1,1,1,0,0,0,0,0,0,0,0,0,0,0,0,BLM,1
Cowpie12345678901,25800235,7/18/15,1,1,0,1,1,0,19.99900005,19.99900005,1,2,2,0,0,0,0,0,0,0,0,0,0,0,0,BLM,1
Cranberry Products,21375375,5/11/14,0,1,1257,0,0,27,362.278879,126.3991573,8,15,68,0,33,20,1225,1009.124479,1167.861152,437,541,674,7,11,83,BLM,3
Crystallizedcarbon,22150306,8/10/14,0,1,1166,0,0,30,311.7996718,82.08310532,20,36,95,24,9,11,1135,712.6595363,572.9272544,10548,14036,27545,380,229,11823,BLM,3
CyanoTex,24347243,3/7/15,0,1,942,0,0,15,240.1126014,-67.99954667,13,15,133,5,56,53,911,700.7546416,655.8496111,1447,1583,3432,8,135,1605,BLM,3
CyberWarfare,25812203,7/20/15,0,1,90,1,0,30,634.7308058,782.6977617,121,169,368,28,47,116,59,-20.35385842,769.1046154,400,525,1088,17,24,483,BLM,2
DERPALERT,24532235,3/24/15,0,1,937,0,0,30,90.11459228,98.18858661,39,106,157,12,22,11,906,104.1449315,115.5127404,314,784,1028,35,77,0,BLM,3
Daddy2d,23617662,12/29/14,1,1,0,1,1,0,56.99430057,56.99430057,1,1,1,0,0,0,0,0,0,0,0,0,0,0,0,BLM,1
Damvile,23253239,11/21/14,0,1,22,1,0,22,283.9059311,255.1012238,127,306,383,24,27,11,0,0,0,0,0,0,0,0,0,BLM,2
DangerousJXD,22220474,8/16/14,0,1,1160,0,0,17,116.7886067,3.504198736,69,119,317,3,35,65,984,0.67683957,-13.60296658,13084,35259,39058,776,1646,755,BLM,2
Danjuma10,22308202,8/24/14,0,1,1,1,0,1,293.9958001,293.9958001,5,7,7,0,0,0,0,0,0,0,0,0,0,0,0,BLM,2
Darcty rice,26896170,11/26/15,1,1,0,1,1,0,18.99810019,18.99810019,1,1,1,0,0,0,0,0,0,0,0,0,0,0,0,BLM,1
DatGuy,26830382,11/18/15,0,1,701,0,0,30,430.303421,576.3080043,377,555,1829,85,209,773,670,249.1113957,306.4652266,9765,11317,20997,452,1088,6055,BLM,2
Dbonte35,22195037,8/13/14,1,1,0,1,1,0,265.9734027,265.9734027,1,1,1,0,0,0,0,0,0,0,0,0,0,0,0,BLM,1
DeLittle,24721351,4/11/15,0,1,21,1,0,21,107.6918935,107.6918935,14,26,26,0,0,0,0,0,0,0,0,0,0,0,0,BLM,2
Deeeogo,25780540,7/16/15,0,1,701,1,0,30,85.69184386,86.01955264,128,511,516,2,0,0,670,244.8444248,242.7412723,974,4414,4641,8,0,1,BLM,2
Deeznutzhagotem,25077931,5/5/15,1,1,140,1,1,10,-116.797664,-116.797664,2,5,5,0,0,0,0,-0.499975001,-0.499975001,1,2,2,0,0,0,BLM,1
Dengg2,24345691,3/7/15,1,1,0,1,1,0,26.99730027,26.99730027,1,1,1,0,0,0,0,0,0,0,0,0,0,0,0,BLM,1
Denniscabrams,24382878,3/10/15,0,1,954,0,0,24,147.7210118,127.1510149,46,86,104,2,14,0,923,125.6071156,124.0579094,2949,5612,5704,28,27,9,BLM,2
Desertguardsman,23595994,12/26/14,1,1,303,1,1,0,272.9727027,272.9727027,1,1,1,0,0,0,0,-6.666444452,-6.666444452,1,3,3,0,0,0,BLM,1
Dianaoh339,23387877,12/4/14,0,1,14,1,0,9,196.0377075,233.3110418,9,16,26,0,9,1,0,0,0,0,0,0,0,0,0,BLM,2
DiscantX,23278095,11/24/14,0,1,1012,1,0,29,222.1912812,142.6733723,97,147,209,16,14,15,981,749.0304396,614.9113815,1649,2156,4334,85,139,1497,BLM,2
Dontmakemetypepasswordagain,26733996,11/7/15,0,1,213,1,0,27,40.14979925,-62.88198305,3,17,20,0,1,2,149,711.2644444,832.4857467,6,76,272,72,0,36,BLM,3
Douglas.j.chapman,22301296,8/23/14,1,1,0,1,1,0,284.9715028,284.9715028,1,1,1,0,0,0,0,0,0,0,0,0,0,0,0,BLM,1
E10QZ,22198436,8/14/14,1,1,197,1,1,11,34.49827509,34.49827509,2,2,2,0,0,0,85,53.99820006,53.99820006,2,3,3,0,0,0,BLM,1
"Eat me, I'm an azuki",25540432,6/19/15,0,1,850,0,0,29,543.3134527,68.70723328,61,82,271,2,48,52,819,748.3880717,264.0372653,670,858,2471,49,485,673,BLM,2
Emmyfan,23008268,10/29/14,0,1,30,1,0,30,638.6835082,638.6835082,16,16,16,0,0,0,0,0,0,0,0,0,0,0,0,BLM,2
Engl1105,24848423,4/20/15,0,1,17,1,0,17,198.7487578,220.6642148,5,9,16,0,5,1,0,0,0,0,0,0,0,0,0,BLM,2
Equinox,24880950,4/21/15,0,1,910,0,0,29,2.747823698,-27.49035818,86,104,115,7,2,1,879,2.194474806,-10.59307665,5566,6731,7312,437,27,36,BLM,2
EternalNomad,24473955,3/19/15,0,1,943,0,0,19,41.04329981,35.42840272,13,21,23,1,1,0,911,179.0597265,82.70838672,520,1406,1674,42,9,9,BLM,3
Ethanhuron,24668182,4/6/15,1,1,0,1,1,0,8.99910009,8.99910009,1,1,1,0,0,0,0,0,0,0,0,0,0,0,0,BLM,1
Everrreton,23275635,11/24/14,1,1,370,1,1,0,235.9882006,235.9882006,1,2,2,0,0,0,244,178.8284011,144.9830917,22,60,105,1,43,1,BLM,1
F8Rx,23388662,12/4/14,1,1,0,1,1,0,2.99970003,2.99970003,1,1,1,0,0,0,0,0,0,0,0,0,0,0,0,BLM,1
FACTSvsOPINION,25829255,7/22/15,1,1,0,1,1,0,993.9006099,993.9006099,1,1,1,0,0,0,0,0,0,0,0,0,0,0,0,BLM,1
Fatnard,24976792,4/28/15,1,1,2,1,1,2,976.9674344,907.9546023,1,2,3,0,0,1,0,0,0,0,0,0,0,0,0,BLM,1
Forbidden User,21314070,5/2/14,0,1,946,1,0,30,165.6666264,27.02968959,37,202,411,127,7,41,915,236.4092717,-13.39192081,82,421,1378,411,19,190,BLM,2
GaiaHugger,21396837,5/14/14,0,1,361,1,0,10,28.39943201,-344.9827509,1,2,5,2,1,0,269,308.7360296,69.2847245,4,7,38,9,0,5,BLM,3
Gamerboi1,25578442,6/23/15,1,1,0,1,1,0,0,0,1,1,1,0,0,0,0,0,0,0,0,0,0,0,0,BLM,1
Gf95750,22915410,10/21/14,0,1,633,1,0,13,120.798792,120.798792,3,10,10,0,0,0,599,114.4825612,114.4825612,37,58,58,0,0,0,BLM,2
Gg3iii,25552606,6/20/15,1,1,0,1,1,0,-7.99920008,-7.99920008,1,1,1,0,0,0,0,0,0,0,0,0,0,0,0,BLM,1
Gladiator Decimus Meridius,23664853,1/3/15,0,1,705,1,0,5,-65.99780007,-65.99780007,1,3,3,0,0,0,661,56.09357471,47.64268699,18,28,32,3,1,0,BLM,2
GoLeor,24907752,4/23/15,0,1,347,1,0,12,255.7468032,255.7468032,2,8,8,0,0,0,231,29.88872284,29.88872284,5,18,18,0,0,0,BLM,2
Grammarian3.14159265359,24373534,3/9/15,0,1,954,0,0,16,1.999950001,1.999950001,2,4,4,0,0,0,900,44.00047342,42.14087005,728,2087,2103,14,1,0,BLM,2
GrecianEarn,26353285,9/25/15,0,1,88,1,0,30,379.1903257,402.1390708,88,237,252,7,5,0,57,185.0328462,187.5139069,152,502,517,9,0,1,BLM,3
GrimaceMcDonald,25528513,6/18/15,1,1,0,1,1,0,1.99980002,1.99980002,1,1,1,0,0,0,0,0,0,0,0,0,0,0,0,BLM,1
Halahala9X9,24979737,4/28/15,1,1,0,1,1,0,1026.149564,1026.149564,1,6,6,0,0,0,0,0,0,0,0,0,0,0,0,BLM,1
Hawkmoonb,22162361,8/11/14,1,1,0,1,1,0,2.99970003,2.99970003,1,1,1,0,0,0,0,0,0,0,0,0,0,0,0,BLM,1
Hehoo99,23377850,12/3/14,0,1,0,1,0,0,-42150.69623,-42150.69623,3,4,4,0,0,0,0,0,0,0,0,0,0,0,0,BLM,2
Hermionedidallthework,25776260,7/15/15,0,1,814,0,0,29,213.714992,278.4070637,42,81,172,1,67,4,782,497.1347773,411.3544057,982,2181,3613,52,162,1032,BLM,2
Iazyges,23299921,11/26/14,0,1,1057,0,0,19,482.895171,463.1907362,2,5,10,0,3,2,1009,184.9368435,116.7666306,2219,5862,17354,3469,2701,1122,BLM,3
Icarosaurvus,22245365,8/18/14,0,1,1137,0,0,28,248.8473821,10.84607041,10,13,105,73,1,10,1027,148.9182154,-8.54537686,11,11,98,21,0,0,BLM,2
Impendingtruth,26797572,11/14/15,1,1,1,1,1,1,90.66515558,90.66515558,1,6,6,0,0,0,0,0,0,0,0,0,0,0,0,BLM,1
JJMC89,24812038,4/18/15,0,1,915,0,0,30,414.4721616,-219.7450262,274,306,684,1,55,315,882,181.2911541,-255.1302555,29920,38217,72872,3868,2926,13600,BLM,2
JT2958,22138907,8/9/14,0,1,1130,1,0,20,357.7928441,0,0,0,5,5,0,0,1088,312.9480061,255.5489358,32,71,116,35,3,7,BLM,3
Jamesdean32,23581710,12/25/14,1,1,0,1,1,0,-3.99960004,-3.99960004,1,1,1,0,0,0,0,0,0,0,0,0,0,0,0,BLM,1
Jc21539,22936038,10/22/14,1,1,0,1,1,0,1277.872213,1277.872213,1,1,1,0,0,0,0,0,0,0,0,0,0,0,0,BLM,1
Jdavi333,23304355,11/26/14,0,1,1058,0,0,15,-3.499825009,-3.499825009,2,2,2,0,0,0,1024,-34.84697902,-58.56693361,1054,5722,7267,173,10,98,BLM,2
Jimbob761,26440004,10/5/15,0,1,8,1,0,8,-1324.622513,-1324.622513,2,3,3,0,0,0,0,0,0,0,0,0,0,0,0,BLM,2
Jlightsky,24352640,3/7/15,1,1,459,1,1,9,138.1241367,348.3217226,2,3,16,0,8,0,427,36.66625926,21.33297778,6,6,9,0,1,0,BLM,3
Josephp18810,25627763,6/28/15,0,1,7,1,0,7,-28.66571114,-28.66571114,2,3,3,0,0,0,0,0,0,0,0,0,0,0,0,BLM,2
Joshephpeterson,26331924,9/23/15,1,1,0,1,1,0,35.99640036,35.99640036,1,1,1,0,0,0,0,0,0,0,0,0,0,0,0,BLM,1
Jrdrew102,25612250,6/26/15,1,1,0,1,1,0,-5070.492951,-5070.492951,1,1,1,0,0,0,0,0,0,0,0,0,0,0,0,BLM,1
JustSmart14,22203617,8/14/14,1,1,0,1,1,0,49.9950005,49.9950005,1,1,1,0,0,0,0,0,0,0,0,0,0,0,0,BLM,1
Justice2001,25832095,7/23/15,1,1,0,1,1,0,137.998275,137.998275,1,8,8,0,0,0,0,0,0,0,0,0,0,0,0,BLM,1
JusticeForFreddieGray,25086134,5/6/15,1,1,0,1,1,0,119.9970001,104.3298557,1,3,4,0,0,1,0,0,0,0,0,0,0,0,0,BLM,1
Justincase1992,23365561,12/2/14,0,1,13,1,0,13,-2278.981943,-2403.20848,7,66,68,1,0,1,0,0,0,0,0,0,0,0,0,BLM,2
KH-1,21857263,7/18/14,0,1,1189,0,0,30,201.8523115,96.98434469,213,320,359,1,2,19,1158,281.6868881,69.8808767,17592,24630,29769,103,85,3301,BLM,2
Kaizena,26481923,10/10/15,1,1,135,1,1,0,4.749940626,4.749940626,7,8,8,0,0,0,61,125.5379787,128.1594874,11,25,26,0,1,0,BLM,1
Kiwidwj,25596182,6/25/15,1,1,331,1,1,0,269.3243559,269.3243559,1,3,3,0,0,0,0,-2.499875006,-2.499875006,1,2,2,0,0,0,BLM,1
Kiwifist,24791530,4/16/15,0,1,908,0,0,30,3.281239746,3.281239746,20,32,32,0,0,0,875,119.7877498,96.9927884,762,1388,1503,61,4,38,BLM,2
Krimsonquinn,26932106,11/30/15,1,1,3,1,1,3,120.4281413,623.6458785,3,3,28,0,18,0,0,0,0,0,0,0,0,0,0,BLM,1
Kwoff,22283456,8/21/14,1,1,0,1,1,0,-0.499975001,-0.499975001,1,2,2,0,0,0,0,0,0,0,0,0,0,0,0,BLM,1
Kykydani,25640137,6/29/15,1,1,26,1,1,26,30.99938001,30.99938001,3,5,5,0,0,0,0,0,0,0,0,0,0,0,0,BLM,1
Kyle Lynch15,25074101,5/5/15,1,1,0,1,1,0,1698.415079,1698.415079,1,2,2,0,0,0,0,0,0,0,0,0,0,0,0,BLM,1
Laurel Wreath of Victors,25771936,7/15/15,0,1,826,0,0,30,368.069274,385.8867876,79,177,216,3,14,14,795,82.64798019,51.62344116,409,725,821,24,19,22,BLM,2
Legochima,23626977,12/29/14,1,1,0,1,1,0,-0.99990001,-0.99990001,1,1,1,0,0,0,0,0,0,0,0,0,0,0,0,BLM,1
Lib arts premed96,24992570,4/29/15,0,1,334,1,0,1,423.6284292,-31.0998445,18,20,97,0,30,47,279,332.2120591,99.51689822,26,29,47,1,0,15,BLM,3
LiciaLace,22119550,8/8/14,1,1,0,1,1,0,-6.999650017,-6.999650017,1,2,2,0,0,0,0,0,0,0,0,0,0,0,0,BLM,1
Lilhpster,23384693,12/4/14,1,1,0,1,1,0,1.99980002,1.99980002,1,1,1,0,0,0,0,0,0,0,0,0,0,0,0,BLM,1
Lizard the Wizard,26692711,11/3/15,0,1,716,0,0,30,-28.3332284,-34.17376446,19,23,27,0,4,0,683,58.38128664,6.109166559,5925,21142,27478,1416,1207,2230,BLM,3
Lowkey40,24991961,4/29/15,1,1,0,1,1,0,20.7139898,-10.66648889,1,6,7,0,0,1,0,0,0,0,0,0,0,0,0,BLM,1
LuckyLeftyy,25763355,7/13/15,0,1,13,1,0,13,-4142.208445,-5200.637774,8,18,22,4,0,0,0,0,0,0,0,0,0,0,0,BLM,2
MB298,24524350,3/24/15,0,1,940,0,0,0,85.99140086,85.99140086,1,1,1,0,0,0,894,113.2185497,87.35415594,17331,31904,40151,2899,1383,1377,BLM,2
MPS1992,26860051,11/21/15,0,1,697,0,0,24,-38.88615203,-15.35387777,167,438,448,5,0,3,666,342.7608747,-60.22963002,1219,3584,5997,363,42,1530,BLM,2
MaddiKadafy,21891220,7/23/14,0,1,309,1,0,30,61.74672194,55.42686652,476,506,612,0,10,0,273,71.34571165,55.01297272,372,385,538,1,10,2,BLM,3
ManiiMACK,23377834,12/3/14,1,1,0,1,1,0,25.99740026,25.99740026,1,1,1,0,0,0,0,0,0,0,0,0,0,0,0,BLM,1
Mariojack3,24656564,4/6/15,0,1,858,1,0,29,194.6150104,215.0326166,12,30,52,1,17,4,819,92.89644495,134.7774034,31,36,87,0,41,8,BLM,2
Masterfrac,26388641,9/29/15,0,1,1,1,0,1,-982.7002471,-1460.370793,4,5,7,0,1,1,0,0,0,0,0,0,0,0,0,BLM,2
Mattoeftering,25896539,7/31/15,1,1,0,1,1,0,2245.887706,2245.887706,1,2,2,0,0,0,0,0,0,0,0,0,0,0,0,BLM,1
Mico Antonio1234,24513045,3/23/15,0,1,66,1,0,14,0,0,1,3,3,0,0,0,6,1499.440914,4.999944445,2,9,11,0,2,0,BLM,2
Mjay54,23323345,11/28/14,1,1,0,1,1,0,0,0,1,2,2,0,0,0,0,0,0,0,0,0,0,0,0,BLM,1
Mov283br3,26889133,11/25/15,1,1,0,1,1,0,22.99923336,22.99923336,2,3,3,0,0,0,0,0,0,0,0,0,0,0,0,BLM,1
Mpena12,23388826,12/4/14,0,1,14,1,0,0,653.4891085,653.4891085,4,6,6,0,0,0,0,0,0,0,0,0,0,0,0,BLM,2
MyEditIsValid,23379465,12/4/14,1,1,0,1,1,0,0,0,1,2,2,0,0,0,0,0,0,0,0,0,0,0,0,BLM,1
Nammage,24947538,4/26/15,0,1,783,1,0,6,-1.833302778,-1.833302778,6,6,6,0,0,0,747,1.988949177,-0.005555552,140,180,181,1,0,0,BLM,2
Necent,26783598,11/13/15,1,1,0,1,1,0,102.989701,102.989701,1,1,1,0,0,0,0,0,0,0,0,0,0,0,0,BLM,1
NekoKatsun,23242057,11/20/14,0,1,1064,0,0,27,97.6921574,31.48142318,45,54,65,0,2,8,1032,467.849769,453.7142422,461,1043,1285,61,5,141,BLM,3
Niw1984,23653569,1/1/15,1,1,0,1,1,0,-4.99950005,-4.99950005,1,1,1,0,0,0,0,0,0,0,0,0,0,0,0,BLM,1
O.Stolz,26750562,11/9/15,0,1,28,1,0,18,589.4957893,589.4957893,7,14,14,0,0,0,0,0,0,0,0,0,0,0,0,BLM,2
Ogmios78,24962314,4/27/15,1,1,0,1,1,0,-393.980301,-393.980301,1,2,2,0,0,0,0,0,0,0,0,0,0,0,0,BLM,1
OliviaEMcCheyne,26710930,11/4/15,0,1,1,1,0,0,432.4891878,432.4891878,2,4,4,0,0,0,0,0,0,0,0,0,0,0,0,BLM,2
OrganicEarth,25844825,7/24/15,0,1,60,1,0,30,130.0025328,124.6219479,1328,3772,3943,116,5,49,29,119.7244654,120.4767678,149,474,490,14,0,1,BLM,2
Pencilthebee,26832848,11/18/15,0,1,0,1,0,0,613.9693015,613.9693015,2,2,2,0,0,0,0,0,0,0,0,0,0,0,0,BLM,2
PewdsBro12,25838030,7/23/15,0,1,160,1,0,22,1.642845408,1.642845408,9,14,14,0,0,0,129,5.085095564,5.085095564,31,47,47,0,0,0,BLM,2
Politrukki,24723863,4/11/15,0,1,893,0,0,0,-168.9831017,-168.9831017,1,1,1,0,0,0,778,106.9294968,-255.8355268,425,1508,2227,153,3,485,BLM,2
Prinsgezinde,24340726,3/6/15,0,1,958,0,0,30,60.39266649,-102.1066842,113,178,219,28,0,11,927,79.49741029,32.2375151,3351,6408,7919,1244,33,131,BLM,3
Profoundblkwmn,24797594,4/17/15,1,1,0,1,1,0,-7.99920008,-7.99920008,1,1,1,0,0,0,0,0,0,0,0,0,0,0,0,BLM,1
Qzd,26906394,11/27/15,0,1,692,0,0,30,339.9561431,87.62336197,2214,2371,3649,19,29,1203,661,352.2470426,134.1555936,9653,10733,17426,46,27,6317,BLM,2
Randomlettersinaspace,25800230,7/18/15,1,1,0,1,1,0,3.99960004,3.99960004,1,1,1,0,0,0,0,0,0,0,0,0,0,0,0,BLM,1
RatRat,24512952,3/23/15,0,1,791,1,0,29,283.2315135,323.1505914,64,199,272,0,56,1,759,1367.381614,751.3527764,49,99,225,25,20,69,BLM,2
Ratatosca,21381695,5/12/14,0,1,1255,0,0,9,-0.199996,-0.199996,2,5,5,0,0,0,1221,1.211008063,1.211008063,62,109,109,0,0,0,BLM,2
Realtruth4all,26835139,11/19/15,1,1,0,1,1,0,-3051.738965,-4479.638009,1,4,5,0,0,1,0,0,0,0,0,0,0,0,0,BLM,1
Rjlnjd,24380114,3/10/15,1,1,0,1,1,0,2.99970003,2.99970003,1,1,1,0,0,0,0,0,0,0,0,0,0,0,0,BLM,1
Rjryan94,21897518,7/23/14,1,1,0,1,1,0,-178.9821018,-178.9821018,1,1,1,0,0,0,0,0,0,0,0,0,0,0,0,BLM,1
Rlincoln1986,23370248,12/3/14,1,1,0,1,1,0,4.499775011,4.499775011,1,2,2,0,0,0,0,0,0,0,0,0,0,0,0,BLM,1
Rondo33,25866009,7/27/15,1,1,0,1,1,0,234.7441314,45.99540046,1,1,4,3,0,0,0,0,0,0,0,0,0,0,0,BLM,3
Rusavuk,24848124,4/20/15,0,1,269,1,0,13,95.27961888,95.27961888,13,25,25,0,0,0,0,-0.99990001,-0.99990001,1,1,1,0,0,0,BLM,2
S3oody8,26802104,11/15/15,1,1,436,1,1,0,0,0,1,2,2,0,0,0,18,-21.99926669,-21.99926669,3,3,3,0,0,0,BLM,1
SLCLibraryGirl,21854618,7/17/14,1,1,413,1,1,4,131.7467063,-8.99910009,1,1,4,0,1,0,339,117.7362224,117.7362224,7,19,19,0,0,0,BLM,1
Saeranv,22278526,8/21/14,0,1,101,1,0,25,471.2808429,238.4880756,2,2,39,37,0,0,65,497.2269444,702.929707,1,1,13,12,0,0,BLM,3
Sage1982,25517950,6/17/15,0,1,45,1,0,12,4.99995,4.99995,9,10,10,0,0,0,0,741.9258074,741.9258074,1,1,1,0,0,0,BLM,2
SamanthaAnnesley,25098281,5/7/15,1,1,0,1,1,0,-133.9866013,-133.9866013,1,1,1,0,0,0,0,0,0,0,0,0,0,0,0,BLM,1
Sarahlively,26639426,10/27/15,0,1,577,1,0,23,24.33292778,24.33292778,6,6,6,0,0,0,521,91.70938158,93.46635511,23,30,31,0,0,0,BLM,2
Sethyre,26338745,9/23/15,1,1,434,1,1,30,318.6825332,0,0,0,19,7,1,6,403,309.9721781,125.4968626,3,4,73,34,0,14,BLM,3
Sgt1988,24330416,3/5/15,1,1,0,1,1,0,1208.879112,1208.879112,1,1,1,0,0,0,0,0,0,0,0,0,0,0,0,BLM,1
ShadowHawk555,23071829,11/4/14,0,1,741,1,0,15,49.99750012,49.99750012,2,2,2,0,0,0,674,-46.66660185,-5.428561735,32,56,72,9,1,6,BLM,2
Siguy85,21954978,7/29/14,1,1,16,1,1,16,186.9953251,186.9953251,1,4,4,0,0,0,0,0,0,0,0,0,0,0,0,BLM,1
Silvrcraze,24297747,3/2/15,0,1,1,1,0,1,132.9966751,132.9966751,2,4,4,0,0,0,0,0,0,0,0,0,0,0,0,BLM,2
Skubydoo,26373160,9/28/15,0,1,304,1,0,27,414.0342356,428.7391528,26,27,28,0,0,1,273,233.4997006,233.4997006,24,78,78,0,0,0,BLM,3
Some of everything,25593358,6/24/15,0,1,845,0,0,29,325.6096176,274.5187028,22,52,59,3,1,3,812,134.0913738,141.555121,137,544,558,9,0,5,BLM,2
Somuchstuffismeta,24975166,4/27/15,1,1,0,1,1,0,57.99935556,57.99935556,2,9,9,0,0,0,0,0,0,0,0,0,0,0,0,BLM,1
Stamboliyski,22271376,8/20/14,0,1,1105,1,0,30,747.1234538,1216.429905,90,123,210,24,25,4,1074,527.8129475,730.1071898,453,727,1139,75,103,28,BLM,2
StealthyJoker85,23377551,12/3/14,0,1,58,1,0,22,197.0662287,201.5449965,33,44,45,0,1,0,26,25.6152861,25.6152861,21,26,26,0,0,0,BLM,2
StjJackson,25806245,7/19/15,1,1,822,0,1,30,51.85911841,52.34302749,118,137,142,0,1,0,791,38.47484605,36.93409857,3181,4264,4572,16,109,4,BLM,1
Sweglife,25536757,6/19/15,1,1,47,1,1,0,-9.9990001,-9.9990001,1,1,1,0,0,0,0,2.99970003,2.99970003,1,1,1,0,0,0,BLM,1
Taiesecs,26764017,11/10/15,0,1,9,1,0,9,426.7730359,917.9541023,2,2,9,1,1,5,0,0,0,0,0,0,0,0,0,BLM,3
Teryuslimmy45,26890387,11/25/15,1,1,0,1,1,0,512.3162561,512.3162561,2,3,3,0,0,0,0,0,0,0,0,0,0,0,0,BLM,1
TheBlinkster,24312438,3/4/15,0,1,903,1,0,29,240.9720415,294.2509386,34,235,287,3,45,2,872,193.9629055,200.38414,859,7000,9355,389,1602,84,BLM,2
TheGracefulSlick,23588386,12/25/14,0,1,1029,0,0,30,73.48060591,69.1652702,80,363,516,0,141,12,998,88.54114152,73.9111489,8747,26854,47385,493,15456,2447,BLM,2
ThurstonHowell3rd,24435954,3/15/15,0,1,383,1,0,18,-137.7847301,-359.3293408,5,9,14,1,2,2,318,234.2875238,65.15334497,8,13,66,37,0,2,BLM,2
Tiger7890,24844794,4/19/15,0,1,891,0,0,30,333.8678837,207.5089023,79,110,356,11,51,131,859,621.7191183,727.3788651,447,628,1613,25,86,669,BLM,3
Tiggahuhot,23379425,12/4/14,1,1,0,1,1,0,16.99830017,16.99830017,1,1,1,0,0,0,0,0,0,0,0,0,0,0,0,BLM,1
TimeFox,22977958,10/26/14,0,1,191,1,0,12,104.2473938,11.66627779,3,3,4,1,0,0,152,86.66522225,-6.666444452,2,3,6,3,0,0,BLM,2
Tlpinto1,21875037,7/20/14,1,1,0,1,1,0,37.99962,37.99962,1,10,10,0,0,0,0,0,0,0,0,0,0,0,0,BLM,1
Trees are more important than people,25088381,5/6/15,1,1,0,1,1,0,337.3220893,317.9682032,1,1,3,1,1,0,0,0,0,0,0,0,0,0,0,BLM,3
Ttextt,24719872,4/10/15,1,1,821,1,1,4,830.6528225,947.1810564,1,5,6,0,1,0,0,-210.9789021,0,0,0,1,0,1,0,BLM,1
TwinTowers911,25800157,7/18/15,1,1,0,1,1,0,5.99940006,5.99940006,1,1,1,0,0,0,0,0,0,0,0,0,0,0,0,BLM,1
UnionJaren,24680355,4/7/15,0,1,41,1,0,27,27.0998645,24.26650489,12,15,20,0,5,0,7,16.71422602,2.181808265,8,22,28,0,5,0,BLM,2
Username041313,24975002,4/27/15,1,1,0,1,1,0,-31.99680032,-31.99680032,1,1,1,0,0,0,0,0,0,0,0,0,0,0,0,BLM,1
Velojareal,26742571,11/8/15,0,1,55,1,0,30,196.1140056,22.10514682,7,19,70,37,8,6,23,282.99717,35.99820009,2,2,10,8,0,0,BLM,2
Veracity134,23636100,12/30/14,1,1,0,1,1,0,13.99860014,13.99860014,1,1,1,0,0,0,0,0,0,0,0,0,0,0,0,BLM,1
Walfin,23402834,12/6/14,1,1,873,1,1,0,95.99520024,-1.99980002,1,1,2,1,0,0,0,238.9880506,238.9880506,1,2,2,0,0,0,BLM,1
Walsh8157,24505878,3/22/15,1,1,0,1,1,0,196.980302,196.980302,1,1,1,0,0,0,0,0,0,0,0,0,0,0,0,BLM,1
We43ff21,26764488,11/11/15,0,1,705,0,0,20,277.1828714,253.1715408,7,29,60,19,9,3,612,233.4961084,233.4961084,3,6,6,0,0,0,BLM,3
WebSurfer01,23379546,12/4/14,1,1,0,1,1,0,-12.99870013,-12.99870013,1,1,1,0,0,0,0,0,0,0,0,0,0,0,0,BLM,1
White Arabian Filly,26780745,11/12/15,0,1,706,0,0,30,127.6768862,36.97385276,462,1071,1597,94,136,166,675,89.45944328,90.39167312,2275,7639,13919,1851,1368,1877,BLM,3
WickedTurth,23571975,12/23/14,1,1,4,1,1,4,523.7456355,737.560892,3,7,12,3,1,1,0,0,0,0,0,0,0,0,0,BLM,1
Wikipuser777,22078499,8/5/14,0,1,677,1,0,23,463.1525886,181.3329304,19,45,98,1,10,26,476,6.833219446,-3.749906252,3,4,6,0,2,0,BLM,2
WillSchenk,23334859,11/30/14,0,1,0,1,0,0,75.99620019,75.99620019,2,2,2,0,0,0,0,0,0,0,0,0,0,0,0,BLM,2
Wulframm Rolf,25599093,6/25/15,1,1,182,1,1,12,72.99817505,72.99817505,3,4,4,0,0,0,0,-3.99960004,-3.99960004,1,1,1,0,0,0,BLM,1
Wybulldog,22287595,8/22/14,1,1,20,1,1,20,52.99823339,52.99823339,2,3,3,0,0,0,0,0,0,0,0,0,0,0,0,BLM,1
XxMorningXxXStarxX,24410372,3/13/15,1,1,0,1,1,0,-12.99870013,-12.99870013,1,1,1,0,0,0,0,0,0,0,0,0,0,0,0,BLM,1
Yankeekid13,23376982,12/3/14,1,1,0,1,1,0,16.99830017,16.99830017,1,1,1,0,0,0,0,0,0,0,0,0,0,0,0,BLM,1
Youareagrt,24523851,3/24/15,0,1,0,1,0,0,33.49916252,41.99860005,3,3,4,0,1,0,0,0,0,0,0,0,0,0,0,BLM,2
Yunghomiek,25561760,6/21/15,1,1,0,1,1,0,0,0,1,2,2,0,0,0,0,0,0,0,0,0,0,0,0,BLM,1
ZeFreightTrain,25764360,7/14/15,0,1,10,1,0,10,-3.333222226,-3.333222226,2,3,3,0,0,0,0,0,0,0,0,0,0,0,0,BLM,2
Zexcoiler Kingbolt,26896767,11/26/15,1,1,272,1,1,14,388.0332406,-64.33118896,3,3,59,0,34,19,108,540.8157236,-23.99760024,1,1,22,2,13,4,BLM,1
08limi,23213101,11/18/14,1,1,281,1,1,0,-5.99940006,-5.99940006,1,1,1,0,0,0,0,8.333055565,8.333055565,1,3,3,0,0,0,ebola,1
09flower,23214516,11/18/14,1,1,0,1,1,0,278.9860507,278.9860507,1,2,2,0,0,0,0,0,0,0,0,0,0,0,0,ebola,1
21 bruh,23252097,11/21/14,1,1,0,1,1,0,0,0,1,1,1,0,0,0,0,0,0,0,0,0,0,0,0,ebola,1
2manyJimmiesRustled,22044636,8/4/14,1,1,0,1,1,0,-2.99970003,-2.99970003,1,1,1,0,0,0,0,0,0,0,0,0,0,0,0,ebola,1
3!13,22271024,8/20/14,1,1,998,1,1,0,239.4880256,209.9790021,1,1,2,0,0,0,917,63.64240255,42.58297848,6,12,14,0,0,2,ebola,1
Aangell123,23430388,12/8/14,0,1,4,1,0,4,322.8709641,301.661639,6,6,8,2,0,0,0,0,0,0,0,0,0,0,0,ebola,2
Abcdefghijklmnopqrstuvwxyz12345678910111,23172042,11/14/14,1,1,0,1,1,0,11.99880012,11.99880012,1,1,1,0,0,0,0,0,0,0,0,0,0,0,0,ebola,1
Abiyarajan77,22773833,10/7/14,1,1,382,1,1,0,0,0,1,1,1,0,0,0,0,496.9834339,566.9716514,1,2,3,0,0,1,ebola,1
Afk3004,23010510,10/29/14,1,1,0,1,1,0,0.99990001,0.99990001,1,1,1,0,0,0,0,0,0,0,0,0,0,0,0,ebola,1
Agiufurta,22851142,10/15/14,0,1,615,1,0,8,67.79864403,67.79864403,2,5,5,0,0,0,129,141.1971761,141.1971761,2,5,5,0,0,0,ebola,2
Ahavahisrael,22057934,8/4/14,0,1,78,1,0,25,208.0407998,357.4587888,10,13,24,1,10,0,43,169.1802802,185.4976813,7,8,11,1,2,0,ebola,2
Alvisprabhu1,22174142,8/12/14,1,1,0,1,1,0,0,0,1,1,1,0,0,0,0,0,0,0,0,0,0,0,0,ebola,1
Ammorain,22736357,10/3/14,0,1,328,1,0,0,864.6913531,864.6913531,3,10,10,0,0,0,294,68.74984375,64.39519908,11,43,44,0,0,1,ebola,2
AngelisDragon,23051129,11/2/14,1,1,1,1,1,1,-22.33258891,-22.33258891,2,3,3,0,0,0,0,0,0,0,0,0,0,0,0,ebola,1
Anthony112358,24732752,4/11/15,1,1,0,1,1,0,0,0,1,1,1,0,0,0,0,0,0,0,0,0,0,0,0,ebola,1
Apox 24,22213692,8/15/14,1,1,0,1,1,0,-56.99715014,-56.99715014,1,2,2,0,0,0,0,0,0,0,0,0,0,0,0,ebola,1
Aragornbattle,22806372,10/10/14,1,1,0,1,1,0,20.33265558,20.33265558,1,3,3,0,0,0,0,0,0,0,0,0,0,0,0,ebola,1
Asracing120,23254673,11/22/14,1,1,0,1,1,0,110.9889011,110.9889011,1,1,1,0,0,0,0,0,0,0,0,0,0,0,0,ebola,1
Assasin chan666,22822332,10/12/14,1,1,0,1,1,0,54.99450055,54.99450055,1,1,1,0,0,0,0,0,0,0,0,0,0,0,0,ebola,1
AuxZane,22488679,9/10/14,0,1,421,1,0,14,4.538426627,4.538426627,9,13,13,0,0,0,386,0.199998,0.199998,4,10,10,0,0,0,ebola,2
Bhavinderrao9,21896149,7/23/14,1,1,12,1,1,0,158.9841016,158.9841016,1,1,1,0,0,0,0,0,0,0,0,0,0,0,0,ebola,1
BookOfJahMez,22961808,10/25/14,1,1,0,1,1,0,2217.778222,2217.778222,1,1,1,0,0,0,0,0,0,0,0,0,0,0,0,ebola,1
BrianGroen,22058183,8/4/14,1,1,657,1,1,29,122.7849763,108.68746,2,272,307,24,0,11,626,97.09378204,62.90669663,36,2015,2623,416,24,129,ebola,1
CDC Latam,22210107,8/15/14,1,1,0,1,1,0,77.99220078,77.99220078,1,1,1,0,0,0,0,0,0,0,0,0,0,0,0,ebola,1
Calthaus,22394843,9/1/14,1,1,99,1,1,0,2004.79952,2004.79952,1,1,1,0,0,0,0,185.9907005,185.9907005,2,2,2,0,0,0,ebola,1
Car200,21926087,7/26/14,1,1,0,1,1,0,122.9938503,122.9938503,1,2,2,0,0,0,0,0,0,0,0,0,0,0,0,ebola,1
Carcake1999,22493912,9/10/14,0,1,36,1,0,26,15.17776653,9.153839112,87,130,135,0,0,5,3,17.34991325,11.21046731,8,19,20,0,0,1,ebola,2
Cfcgau,23042377,11/2/14,1,1,0,1,1,0,-6.99930007,-6.99930007,1,1,1,0,0,0,0,0,0,0,0,0,0,0,0,ebola,1
Chaiso123,23399457,12/6/14,0,1,0,1,0,0,23.49941251,2.999900003,3,3,4,0,0,1,0,0,0,0,0,0,0,0,0,ebola,2
Chibike94,21970264,7/31/14,1,1,0,1,1,0,-2.999850007,-2.999850007,1,2,2,0,0,0,0,0,0,0,0,0,0,0,0,ebola,1
Chizzy92,21965356,7/30/14,1,1,0,1,1,0,-12.99870013,-12.99870013,1,1,1,0,0,0,0,0,0,0,0,0,0,0,0,ebola,1
Chyluchicago,22725398,10/2/14,0,1,24,1,0,24,180.3313297,82.99834003,2,5,9,4,0,0,0,0,0,0,0,0,0,0,0,ebola,2
Clinton227,23274467,11/24/14,1,1,0,1,1,0,-207.9792021,-207.9792021,1,1,1,0,0,0,0,0,0,0,0,0,0,0,0,ebola,1
Coolguy1235,23142341,11/11/14,1,1,0,1,1,0,24.99750025,24.99750025,1,1,1,0,0,0,0,0,0,0,0,0,0,0,0,ebola,1
Daqueenonmypeen,23265487,11/23/14,1,1,0,1,1,0,-366.4816759,-366.4816759,1,2,2,0,0,0,0,0,0,0,0,0,0,0,0,ebola,1
Deangelohnynjyjyj,22947010,10/23/14,1,1,0,1,1,0,-114.9885011,-114.9885011,1,1,1,0,0,0,0,0,0,0,0,0,0,0,0,ebola,1
Doc Ayomide,21941077,7/28/14,1,1,11,1,1,11,-9.999500025,-9.999500025,2,2,2,0,0,0,0,0,0,0,0,0,0,0,0,ebola,1
Doctorjokes,22166581,8/11/14,1,1,0,1,1,0,217.9782022,217.9782022,1,1,1,0,0,0,0,0,0,0,0,0,0,0,0,ebola,1
DomanicAssyrian,22951759,10/24/14,1,1,4,1,1,2,31.7774247,-6.749831254,1,4,9,0,2,0,0,0,0,0,0,0,0,0,0,ebola,3
DoubleDr,23868411,1/22/15,0,1,81,1,0,19,463.99536,463.99536,8,10,10,0,0,0,49,565.5886882,565.5886882,4,5,5,0,0,0,ebola,2
Dr.Oberd,23509049,12/16/14,1,1,76,1,1,0,438.9561044,438.9561044,1,1,1,0,0,0,0,240.3253225,240.3253225,2,3,3,0,0,0,ebola,1
DuckMan23,22079756,8/5/14,1,1,1,1,1,1,7.999800005,7.999800005,1,4,4,0,0,0,0,0,0,0,0,0,0,0,0,ebola,1
Dylang010,22011743,8/2/14,1,1,0,1,1,0,-1.99980002,-1.99980002,1,1,1,0,0,0,0,0,0,0,0,0,0,0,0,ebola,1
Ebola guy,21959760,7/30/14,1,1,0,1,1,0,231.9922669,12.49937503,1,2,3,0,0,1,0,0,0,0,0,0,0,0,0,ebola,1
Editboyxxx999snipez,22764491,10/6/14,1,1,0,1,1,0,30.99845008,30.99845008,1,2,2,0,0,0,0,0,0,0,0,0,0,0,0,ebola,1
Emily1015,21730821,6/30/14,0,1,0,1,0,0,43.49782511,43.49782511,2,2,2,0,0,0,0,0,0,0,0,0,0,0,0,ebola,2
Enhickman,22523564,9/13/14,1,1,0,1,1,0,-121.4969626,-121.4969626,1,4,4,0,0,0,0,0,0,0,0,0,0,0,0,ebola,1
EoRdE6,22581480,9/18/14,0,1,1120,0,0,16,531.0116948,235.0121258,111,163,423,58,11,175,1088,271.1712118,80.99541974,2773,4150,9088,591,522,1912,ebola,2
Erinarrow,25137754,5/10/15,1,1,872,0,1,0,-1198.880112,-1198.880112,1,1,1,0,0,0,0,415.9584042,0,0,0,1,0,1,0,ebola,1
Excetor,22525551,9/13/14,1,1,0,1,1,0,-109.4945253,-109.4945253,1,2,2,0,0,0,0,0,0,0,0,0,0,0,0,ebola,1
ExoSuho,21844486,7/16/14,1,1,17,1,1,17,6.666444452,-45.99770011,1,2,3,0,1,0,0,0,0,0,0,0,0,0,0,ebola,1
F Camp,22126370,8/8/14,0,1,41,1,0,24,292.1183521,216.7608726,4,21,42,16,4,1,3,277.6788893,23.85680205,1,7,25,13,0,5,ebola,2
Fakecolepoland,22002453,8/1/14,1,1,0,1,1,0,20.99790021,20.99790021,1,1,1,0,0,0,0,0,0,0,0,0,0,0,0,ebola,1
Fgauivfhrhgfighifdh,25147706,5/11/15,1,1,0,1,1,0,21.99926669,21.99926669,1,3,3,0,0,0,0,0,0,0,0,0,0,0,0,ebola,1
FourViolas,22764313,10/6/14,0,1,1103,0,0,25,206.710958,69.48519193,28,68,135,26,5,27,1072,584.8793145,172.50987,1996,3595,6737,812,160,1665,ebola,3
Frostayy,22799226,10/9/14,1,1,0,1,1,0,186.9813019,186.9813019,1,1,1,0,0,0,0,0,0,0,0,0,0,0,0,ebola,1
Frostnibble12343456,22940347,10/23/14,1,1,0,1,1,0,33.99660034,33.99660034,1,1,1,0,0,0,0,0,0,0,0,0,0,0,0,ebola,1
Gggff555,22857826,10/15/14,1,1,0,1,1,0,17.99820018,17.99820018,1,1,1,0,0,0,0,0,0,0,0,0,0,0,0,ebola,1
GianDawal1234,24169389,2/19/15,0,1,57,1,0,30,65.86333698,65.86333698,8,22,22,0,0,0,25,-4.297863196,-6.978245699,27,46,47,0,1,0,ebola,2
Goalieboss,22827806,10/12/14,1,1,11,1,1,0,14.99925004,14.99925004,1,2,2,0,0,0,0,0,0,0,0,0,0,0,0,ebola,1
Goaliegirl133,23213899,11/18/14,1,1,0,1,1,0,0,0,1,1,1,0,0,0,0,0,0,0,0,0,0,0,0,ebola,1
Gonzales2011,21715655,6/28/14,1,1,0,1,1,0,64.49677516,64.49677516,1,2,2,0,0,0,0,0,0,0,0,0,0,0,0,ebola,1
Gorblestein,22800527,10/10/14,1,1,0,1,1,0,10.66648889,10.66648889,4,6,6,0,0,0,0,0,0,0,0,0,0,0,0,ebola,1
Ham.star.01,22812081,10/11/14,1,1,0,1,1,0,0.99990001,0.99990001,1,1,1,0,0,0,0,0,0,0,0,0,0,0,0,ebola,1
Handsomewealth,22568229,9/17/14,1,1,0,1,1,0,708.9291071,708.9291071,1,1,1,0,0,0,0,0,0,0,0,0,0,0,0,ebola,1
Harrismark,21938133,7/27/14,0,1,11,1,0,11,-7.999885716,-7.999885716,6,7,7,0,0,0,0,0,0,0,0,0,0,0,0,ebola,2
Hemlata0005,22287630,8/22/14,1,1,0,1,1,0,36.99630037,36.99630037,1,1,1,0,0,0,0,0,0,0,0,0,0,0,0,ebola,1
Hobbes7,23076611,11/5/14,0,1,95,1,0,12,297.6176304,330.0537219,11,18,21,2,0,0,52,129.7467563,-11.99960001,2,3,4,0,0,0,ebola,2
Homomnius,21685326,6/24/14,1,1,0,1,1,0,21.49892505,21.49892505,1,2,2,0,0,0,0,0,0,0,0,0,0,0,0,ebola,1
Hrrael,22986945,10/27/14,1,1,0,1,1,0,787.9212079,787.9212079,1,1,1,0,0,0,0,0,0,0,0,0,0,0,0,ebola,1
IRVONBRABBS420BLAZE,23580979,12/24/14,1,1,0,1,1,0,144.6618446,144.6618446,2,3,3,0,0,0,0,0,0,0,0,0,0,0,0,ebola,1
Iamchukzzy,22781464,10/8/14,1,1,0,1,1,0,10.99890011,10.99890011,1,1,1,0,0,0,0,0,0,0,0,0,0,0,0,ebola,1
Igor gdsgsdgifsscvu,23732876,1/9/15,1,1,0,1,1,0,-1524.923754,-1524.923754,2,2,2,0,0,0,0,0,0,0,0,0,0,0,0,ebola,1
Ija2002,22732690,10/3/14,1,1,5,1,1,5,-0.999950002,-0.999950002,1,2,2,0,0,0,0,0,0,0,0,0,0,0,0,ebola,1
Inemudom,21965466,7/30/14,1,1,0,1,1,0,158.9841016,158.9841016,1,1,1,0,0,0,0,0,0,0,0,0,0,0,0,ebola,1
Irishlad99,22216664,8/15/14,1,1,568,1,1,1,310.9922252,310.9922252,3,4,4,0,0,0,508,62.26625156,62.26625156,4,15,15,0,0,0,ebola,1
Iron Caterpillar,22778720,10/8/14,1,1,6,1,1,6,263.2789469,9.9990001,1,1,25,0,24,0,0,0,0,0,0,0,0,0,0,ebola,3
Iwalrusfriend,23257101,11/22/14,1,1,0,1,1,0,-2.99970003,-2.99970003,1,1,1,0,0,0,0,0,0,0,0,0,0,0,0,ebola,1
JafarFromAfar,23504924,12/16/14,0,1,0,1,0,0,26.99865007,26.99865007,2,2,2,0,0,0,0,0,0,0,0,0,0,0,0,ebola,2
Jaxst99,23060270,11/3/14,1,1,0,1,1,0,25.99740026,25.99740026,1,1,1,0,0,0,0,0,0,0,0,0,0,0,0,ebola,1
Jetsmoothin,22407763,9/2/14,0,1,29,1,0,29,28.99958572,28.99958572,4,7,7,0,0,0,0,0,0,0,0,0,0,0,0,ebola,2
Jhanae Kelly,22057832,8/4/14,1,1,0,1,1,0,-5.99940006,-5.99940006,1,1,1,0,0,0,0,0,0,0,0,0,0,0,0,ebola,1
Jimothyjones123,22798829,10/9/14,1,1,0,1,1,0,30.99690031,30.99690031,1,1,1,0,0,0,0,0,0,0,0,0,0,0,0,ebola,1
Jjayy138,22411359,9/2/14,0,1,35,1,0,14,251.5527605,276.2817674,5,7,9,1,1,0,0,173.6637723,95.99680011,2,3,6,2,0,0,ebola,3
Jlrubin,22545397,9/15/14,1,1,1103,0,1,0,-6.99930007,-6.99930007,1,1,1,0,0,0,1070,75.57677774,-18.90619092,25,32,52,20,0,0,ebola,1
John Milton Nagel,22854370,10/15/14,1,1,0,1,1,0,147.4926254,147.4926254,1,2,2,0,0,0,0,0,0,0,0,0,0,0,0,ebola,1
Jsoik,23255479,11/22/14,1,1,0,1,1,0,198.980102,198.980102,1,1,1,0,0,0,0,0,0,0,0,0,0,0,0,ebola,1
Kachiokeke12,24242762,2/25/15,1,1,0,1,1,0,18.99810019,18.99810019,1,1,1,0,0,0,0,0,0,0,0,0,0,0,0,ebola,1
Kakers100,22855597,10/15/14,1,1,13,1,1,0,27.99720028,27.99720028,1,1,1,0,0,0,0,0,0,0,0,0,0,0,0,ebola,1
Kanye East1234,24300299,3/3/15,1,1,0,1,1,0,-4775.522448,-4775.522448,1,1,1,0,0,0,0,0,0,0,0,0,0,0,0,ebola,1
Kapibara100,24303793,3/3/15,0,1,821,1,0,17,258.2368655,257.8987105,6,20,21,0,1,0,770,885.6453223,885.6453223,38,51,51,0,0,0,ebola,3
Kieran P. Clark,22986857,10/27/14,0,1,325,1,0,27,920.1362847,1364.107949,6,8,14,4,0,2,294,321.7301505,404.3653188,17,30,52,7,2,7,ebola,2
Kowl00n,23237249,11/20/14,0,1,351,1,0,28,498.5643062,374.8270862,5,6,7,1,0,0,320,311.5605527,311.5605527,12,16,16,0,0,0,ebola,2
Kravinec,23170157,11/13/14,1,1,0,1,1,0,66.66444452,66.66444452,1,3,3,0,0,0,0,0,0,0,0,0,0,0,0,ebola,1
Krisdan55,22021075,8/2/14,1,1,0,1,1,0,255.6581447,129.4935253,1,2,3,0,0,0,0,0,0,0,0,0,0,0,0,ebola,1
Kwaks321,22942673,10/23/14,1,1,0,1,1,0,-106.9893011,-106.9893011,1,1,1,0,0,0,0,0,0,0,0,0,0,0,0,ebola,1
Kwbeie12,23096918,11/7/14,1,1,0,1,1,0,28.99710029,28.99710029,1,1,1,0,0,0,0,0,0,0,0,0,0,0,0,ebola,1
LLBeanBrother,21634751,6/17/14,0,1,78,1,0,23,48.39983867,49.89637967,6,29,30,0,1,0,0,21.49892505,21.49892505,1,2,2,0,0,0,ebola,2
Lashantae3,22623851,9/22/14,1,1,16,1,1,0,-449.9550045,-449.9550045,1,1,1,0,0,0,0,0,0,0,0,0,0,0,0,ebola,1
Lifebiomedguru,22147463,8/10/14,1,1,0,1,1,0,233.9922003,310.9844508,1,2,3,0,1,0,0,0,0,0,0,0,0,0,0,ebola,3
Lilnelson1234,23083653,11/5/14,1,1,6,1,1,0,37.99620038,37.99620038,1,1,1,0,0,0,0,0,0,0,0,0,0,0,0,ebola,1
Loudaboss,22778809,10/8/14,1,1,1,1,1,1,37.74905627,37.74905627,3,4,4,0,0,0,0,0,0,0,0,0,0,0,0,ebola,1
Lucazinzula,22121750,8/8/14,0,1,60,1,0,27,167.1966561,93.24766881,2,4,5,1,0,0,0,85.99140086,85.99140086,1,1,1,0,0,0,ebola,2
M.dajohnna,22747837,10/5/14,1,1,0,1,1,0,-14.99850015,-14.99850015,1,1,1,0,0,0,0,0,0,0,0,0,0,0,0,ebola,1
Mahhon,25099877,5/7/15,0,1,79,1,0,27,50.78044652,57.03598465,80,111,123,2,5,4,32,11.46659022,21.49973125,4,8,15,0,4,3,ebola,2
Mariquilla1988,22491234,9/10/14,1,1,261,1,1,2,76.39847203,8.499575021,1,2,5,3,0,0,228,33.23051361,33.23051361,10,13,13,0,0,0,ebola,3
Mattswag5603,24427364,3/14/15,1,1,0,1,1,0,0,0,1,1,1,0,0,0,0,0,0,0,0,0,0,0,0,ebola,1
Mejesik,23054210,11/3/14,0,1,0,1,0,0,15.99960001,15.99960001,2,4,4,0,0,0,0,0,0,0,0,0,0,0,0,ebola,2
Michael hunter,22655301,9/25/14,0,1,5,1,0,0,22.88876173,22.88876173,9,18,18,0,0,0,0,0,0,0,0,0,0,0,0,ebola,2
MissKatie89,21641081,6/18/14,1,1,16,1,1,16,341.3735776,161.2834102,3,7,24,14,1,1,0,0,0,0,0,0,0,0,0,ebola,3
Mj3322,22828071,10/12/14,1,1,143,1,1,18,-3.666544449,-3.666544449,3,3,3,0,0,0,101,0.499975001,0.499975001,2,2,2,0,0,0,ebola,1
MrAtifAyub,23186517,11/15/14,1,1,28,1,1,0,2.999850007,2.999850007,1,2,2,0,0,0,0,0,0,0,0,0,0,0,0,ebola,1
MrHassanSan,22935515,10/22/14,1,1,5,1,1,5,67.24831879,95.33015566,1,3,4,1,0,0,0,0,0,0,0,0,0,0,0,ebola,1
Mrs.Maddys,23400956,12/6/14,1,1,0,1,1,0,12.99870013,12.99870013,1,1,1,0,0,0,0,0,0,0,0,0,0,0,0,ebola,1
Mtchief,21580764,6/8/14,1,1,11,1,1,11,258.9948201,130.328989,1,3,5,2,0,0,0,0,0,0,0,0,0,0,0,ebola,1
Mucky Poo,22325480,8/25/14,1,1,39,1,1,0,1817.818218,1817.818218,1,1,1,0,0,0,1,-2.333255558,-2.333255558,1,3,3,0,0,0,ebola,1
Murilo12,22055388,8/4/14,1,1,0,1,1,0,-117.4941253,-117.4941253,1,2,2,0,0,0,0,0,0,0,0,0,0,0,0,ebola,1
Nauzemophonic,22709814,10/1/14,1,1,0,1,1,0,29.9970003,29.9970003,1,1,1,0,0,0,0,0,0,0,0,0,0,0,0,ebola,1
Nelson Joel,23088697,11/6/14,1,1,0,1,1,0,0,0,1,2,2,0,0,0,0,0,0,0,0,0,0,0,0,ebola,1
NetworkOP,23595433,12/26/14,0,1,725,1,0,26,268.2062269,204.1506316,60,126,349,7,23,83,550,169.4997175,140.8374572,11,37,60,5,4,13,ebola,3
Nikzilla,22439607,9/5/14,1,1,0,1,1,0,4.99950005,4.99950005,1,1,1,0,0,0,0,0,0,0,0,0,0,0,0,ebola,1
Oakhilljoseph,23010121,10/29/14,1,1,1,1,1,1,0.333322223,0.333322223,1,3,3,0,0,0,0,0,0,0,0,0,0,0,0,ebola,1
Okymyo,22166916,8/11/14,1,1,505,1,1,1,228.914759,52.14211226,2,7,12,1,4,0,464,41.99916002,-1023.89761,1,1,5,3,1,0,ebola,3
Omelly97,21969174,7/31/14,1,1,0,1,1,0,28.49857507,28.49857507,1,2,2,0,0,0,0,0,0,0,0,0,0,0,0,ebola,1
Omodeletobi,21915112,7/25/14,1,1,0,1,1,0,0,0,1,1,1,0,0,0,0,0,0,0,0,0,0,0,0,ebola,1
Ooopps,22117632,8/8/14,1,1,0,1,1,0,5.99940006,5.99940006,1,1,1,0,0,0,0,0,0,0,0,0,0,0,0,ebola,1
Pizzaguy232roundhouse,23272223,11/23/14,1,1,0,1,1,0,-0.999950002,-0.999950002,1,2,2,0,0,0,0,0,0,0,0,0,0,0,0,ebola,1
Pookiebabie,23331249,11/29/14,0,1,0,1,0,0,-3.499825009,-3.499825009,2,2,2,0,0,0,0,0,0,0,0,0,0,0,0,ebola,2
Princessbananahammock,22097365,8/7/14,1,1,0,1,1,0,33.99660034,33.99660034,1,1,1,0,0,0,0,0,0,0,0,0,0,0,0,ebola,1
Prisoner326,22716753,10/1/14,1,1,62,1,1,24,0,0,4,5,5,0,0,0,26,-14.71407551,-14.71407551,7,7,7,0,0,0,ebola,1
ProfessorLuka,24252134,2/26/15,0,1,4,1,0,4,7.799922001,7.799922001,4,10,10,0,0,0,0,0,0,0,0,0,0,0,0,ebola,2
Proficuous,22988073,10/27/14,1,1,1,1,1,1,25.33305185,25.33305185,2,9,9,0,0,0,0,0,0,0,0,0,0,0,0,ebola,1
PuffinSoc,22572488,9/17/14,0,1,120,1,0,26,232.6871036,277.3563794,219,317,374,0,1,2,89,264.6792911,298.6009763,378,584,658,4,2,6,ebola,3
Puppy9000,22747637,10/5/14,0,1,958,1,0,25,90.96060596,90.96060596,23,51,51,0,0,0,919,80.3931681,79.88496565,65,87,89,0,0,0,ebola,2
Pwfen,23673468,1/3/15,1,1,931,1,1,22,586.5490383,325.3224893,2,3,9,2,1,3,302,82.99924546,1.199976,3,5,11,1,5,0,ebola,1
RealPyro,21981816,7/31/14,1,1,0,1,1,0,20.99790021,20.99790021,1,1,1,0,0,0,0,0,0,0,0,0,0,0,0,ebola,1
RegistryKey,22632709,9/23/14,0,1,1105,0,0,30,1398.201568,1074.546892,94,115,421,15,28,181,1074,1155.26079,741.2544526,846,994,4160,63,480,2004,ebola,2
Rich4527,22741668,10/4/14,1,1,0,1,1,0,92.99070093,92.99070093,1,1,1,0,0,0,0,0,0,0,0,0,0,0,0,ebola,1
Ricola.joe,22981203,10/27/14,1,1,0,1,1,0,32.99890004,32.99890004,1,3,3,0,0,0,0,0,0,0,0,0,0,0,0,ebola,1
Rochoa2,22926347,10/22/14,1,1,0,1,1,0,108.9963668,108.9963668,1,3,3,0,0,0,0,0,0,0,0,0,0,0,0,ebola,1
Sam3026885,23721311,1/8/15,1,1,0,1,1,0,824.7293818,824.7293818,1,4,4,0,0,0,0,0,0,0,0,0,0,0,0,ebola,1
Sarahkooper,23520820,12/18/14,1,1,0,1,1,0,526.9736513,526.9736513,1,2,2,0,0,0,0,0,0,0,0,0,0,0,0,ebola,1
Saricmu,22035931,8/3/14,0,1,28,1,0,27,-1.499962501,-1.499962501,3,4,4,0,0,0,0,0,0,0,0,0,0,0,0,ebola,2
Satkara,23049166,11/2/14,1,1,1031,1,1,22,56.00926775,-62.29233811,49,301,431,34,2,40,998,118.799736,12.94733435,16,38,45,2,0,4,ebola,1
Scoottz,22788329,10/8/14,1,1,19,1,1,5,184.4953876,293.9853007,1,2,4,2,0,0,0,0,0,0,0,0,0,0,0,ebola,1
Scorcher592,22209020,8/15/14,1,1,62,1,1,21,-24.99950001,-24.99950001,3,5,5,0,0,0,0,-5.99940006,-5.99940006,1,1,1,0,0,0,ebola,1
Scotch93,22249977,8/18/14,1,1,0,1,1,0,28.99710029,28.99710029,1,1,1,0,0,0,0,0,0,0,0,0,0,0,0,ebola,1
Sedlarczuk,23003822,10/29/14,1,1,1,1,1,1,0,0,1,3,3,0,0,0,0,0,0,0,0,0,0,0,0,ebola,1
Shadowvault,23005758,10/29/14,1,1,86,1,1,12,181.8207792,7.99920008,1,1,28,0,15,1,3,249.9937502,0,0,0,4,0,2,0,ebola,3
Shastaman19,22953194,10/24/14,1,1,0,1,1,0,1.99980002,1.99980002,1,1,1,0,0,0,0,0,0,0,0,0,0,0,0,ebola,1
Shriram10,22233382,8/17/14,1,1,3,1,1,0,17.99820018,17.99820018,1,1,1,0,0,0,0,0,0,0,0,0,0,0,0,ebola,1
Sirgrossgergeofficial,22064290,8/5/14,1,1,202,1,1,0,144.4927754,144.4927754,1,2,2,0,0,0,0,111.9888011,111.9888011,1,1,1,0,0,0,ebola,1
Sizzlingsteve669,22143495,8/10/14,1,1,0,1,1,0,-3324.667533,-3324.667533,1,1,1,0,0,0,0,0,0,0,0,0,0,0,0,ebola,1
Starstr,22661304,9/26/14,1,1,129,1,1,29,461.5292195,511.188451,45,472,546,35,0,17,97,302.7517928,311.9562254,30,252,262,0,0,5,ebola,1
Swukus,21746033,7/2/14,1,1,0,1,1,0,220.4944876,220.4944876,1,4,4,0,0,0,0,0,0,0,0,0,0,0,0,ebola,1
Tbnaff,22853047,10/15/14,1,1,0,1,1,0,194.9902505,194.9902505,1,2,2,0,0,0,0,0,0,0,0,0,0,0,0,ebola,1
Thankcleat,22223958,8/16/14,0,1,14,1,0,14,-447.4511318,-546.7618165,13,80,93,12,1,0,0,0,0,0,0,0,0,0,0,ebola,2
Theleo1234,23847471,1/20/15,0,1,0,1,0,0,-33.99830008,-33.99830008,2,2,2,0,0,0,0,0,0,0,0,0,0,0,0,ebola,2
Tjl2051,21937009,7/27/14,0,1,845,1,0,29,87.61978031,85.23469928,114,311,313,0,0,2,812,48.39994905,48.39994905,66,95,95,0,0,0,ebola,2
Toks3257,22354476,8/28/14,0,1,705,1,0,24,27.87988848,27.87988848,15,25,25,0,0,0,660,335.1570127,501.8693488,18,31,38,0,1,6,ebola,2
Tritzim,23051773,11/3/14,1,1,748,1,1,9,60.66464451,60.66464451,2,3,3,0,0,0,256,52.87477969,18.31238555,4,16,24,1,2,5,ebola,1
Ulubeyli,22139134,8/9/14,1,1,161,1,1,1,131.9973601,131.9973601,5,5,5,0,0,0,83,273.8287695,296.9940601,4,5,6,0,0,1,ebola,1
VeNeMousKAT,22008334,8/2/14,0,1,986,1,0,30,768.9998856,937.7104561,176,211,672,0,148,279,955,1112.912912,1293.408292,65,105,185,1,6,68,ebola,2
W12345I,23151077,11/12/14,1,1,0,1,1,0,74.99906251,74.99906251,1,8,8,0,0,0,0,0,0,0,0,0,0,0,0,ebola,1
Wa71la,22109672,8/7/14,1,1,0,1,1,0,48.99755012,48.99755012,1,2,2,0,0,0,0,0,0,0,0,0,0,0,0,ebola,1
Walifa Waqar,23483832,12/14/14,0,1,459,1,0,0,8.454468596,8.454468596,7,11,11,0,0,0,421,238.1952361,238.1952361,2,5,5,0,0,0,ebola,2
Wikimaster2525,22708031,9/30/14,1,1,0,1,1,0,129.4935253,129.4935253,1,2,2,0,0,0,0,0,0,0,0,0,0,0,0,ebola,1
Wikipedianeedseditting,22675187,9/27/14,1,1,28,1,1,0,826.3057898,826.3057898,1,3,3,0,0,0,0,0,0,0,0,0,0,0,0,ebola,1
Wikipedianorthernireland,22857347,10/15/14,0,1,828,1,0,28,0.249997917,0.249997917,9,12,12,0,0,0,623,-4.199979,-4.199979,14,20,20,0,0,0,ebola,2
Wikiwang8,23577638,12/24/14,0,1,31,1,0,14,56.24859379,56.24859379,2,4,4,0,0,0,0,0.499975001,0.499975001,1,2,2,0,0,0,ebola,2
WilleHelm,22634215,9/23/14,0,1,14,1,0,14,61.66461118,61.66461118,2,3,3,0,0,0,0,0,0,0,0,0,0,0,0,ebola,2
WolverhmptonLad01,25232934,5/19/15,0,1,391,1,0,29,60.78528011,60.78528011,4,14,14,0,0,0,359,15.44825811,14.15114634,12,86,87,0,1,0,ebola,2
Wrsa,21960546,7/30/14,0,1,10,1,0,10,2.00465023,11.62726216,89,110,215,10,1,1,0,0,0,0,0,0,0,0,0,ebola,3
Wwhitbyiv,25245419,5/20/15,1,1,309,1,1,2,75.33283111,75.33283111,2,15,15,0,0,0,268,201.297987,201.297987,8,10,10,0,0,0,ebola,1
Wyqy,22685997,9/28/14,1,1,0,1,1,0,203.4898255,147.9852015,1,1,2,0,0,1,0,0,0,0,0,0,0,0,0,ebola,1
XavierItzm,22888068,10/18/14,1,1,1090,0,1,19,392.60893,432.1222992,4,16,18,0,0,2,1041,459.6050016,434.2729374,315,1524,2590,850,12,94,ebola,1
Xqxf,22765172,10/6/14,1,1,17,1,1,17,105.8937735,23.13882361,63,461,612,91,5,26,0,0,0,0,0,0,0,0,0,ebola,1
Xxxebloadubnusxxx,23436940,12/9/14,1,1,0,1,1,0,23.99760024,23.99760024,1,1,1,0,0,0,0,0,0,0,0,0,0,0,0,ebola,1
Yellow Dingo,23215288,11/18/14,0,1,728,1,0,20,386.897899,504.196308,80,122,304,49,51,36,179,388.800668,218.1803209,2001,3111,8624,785,1343,672,ebola,3
Yogo770,23068686,11/4/14,1,1,263,1,1,11,51.44809845,41.11983552,8,25,29,3,0,1,225,5.749928126,58.33236113,5,6,8,0,0,0,ebola,1
2014:f.ace,22329100,8/25/14,0,1,232,1,0,0,23.85680205,23.85680205,2,7,7,0,0,0,184,142.7432237,159.852471,16,34,39,3,0,0,ebola,2
Aparuthi,22646930,9/25/14,1,1,71,1,1,4,-774.1537641,0,0,0,6,0,3,3,25,-255.7715647,-461.0867174,1,11,22,10,0,1,ebola,3
Becker-Sievert,21713123,6/28/14,0,1,1042,1,0,16,41.21399133,38.66634445,3,12,14,2,0,0,983,2685.441633,81.14227756,5,14,56,27,1,14,ebola,3
Benfxmth,22898432,10/19/14,0,1,1071,0,0,30,225.7235945,225.3130965,13,67,105,14,3,17,1037,157.3143418,46.36467861,64,170,229,5,12,38,ebola,2
Cbowman7289,22645352,9/24/14,1,1,483,1,1,1,151.6656556,0,0,0,15,0,15,0,436,330.9974539,2334.766523,1,1,13,6,6,0,ebola,3
Crogand3,22632556,9/23/14,1,1,71,1,1,2,129.7974041,0,0,0,5,0,5,0,22,419.3263446,0.499975001,1,2,6,4,0,0,ebola,3
Dunkleosteus77,24697189,4/9/15,0,1,918,0,0,30,435.1341158,589.6180956,39,262,626,97,200,21,887,465.7615615,525.4480591,259,2629,4991,1076,469,222,ebola,2
Flyer500,21853441,7/17/14,0,1,1161,0,0,27,62.40112651,65.22993477,12,100,172,5,55,12,1122,63.06309151,73.59250174,26,81,95,3,10,0,ebola,3
FriarTuck1981,22590519,9/19/14,0,1,1119,0,0,30,379.8908652,379.8908652,15,37,37,0,0,0,1088,490.1210631,625.362272,880,1645,2362,570,64,21,ebola,2
Harka1998,22388250,8/31/14,0,1,671,1,0,29,51.4997425,51.4997425,9,20,20,0,0,0,639,48.71325265,48.27461389,45,142,143,0,0,0,ebola,2
IRW0,22287343,8/21/14,0,1,46,1,0,29,89.19367058,-228.9221078,26,103,191,59,0,18,15,98.41573533,-37.98459591,32,195,279,28,0,18,ebola,2
Jimmywagtail01,22487294,9/9/14,0,1,350,1,0,27,448.882677,448.882677,22,43,43,0,0,0,316,424.3201626,433.7566818,106,218,231,0,9,1,ebola,2
Joseph2302,23498277,12/15/14,0,1,1033,0,0,30,369.7512605,488.6796742,70,150,169,7,3,8,1002,603.4455373,218.3090802,4653,10570,34107,2386,554,11679,ebola,2
Poiuytrewqvtaatv123321,21847831,7/16/14,0,1,378,1,0,28,513.2703942,513.2703942,18,22,22,0,0,0,344,415.8828531,422.1613157,533,880,1093,0,0,12,ebola,2
Rachelwalexander,21664415,6/21/14,0,1,546,1,0,16,30.44410618,33.14238368,4,7,9,0,2,0,515,122.999508,87.34956325,13,20,25,3,2,0,ebola,3
Ronit.Dey.357,21710434,6/28/14,0,1,53,1,0,0,73.99260074,73.99260074,1,1,1,0,0,0,0,36.99630037,36.99630037,1,1,1,0,0,0,ebola,2
SamuelOdinga,22376301,8/30/14,0,1,51,1,0,25,32.85289286,32.85289286,48,68,68,0,0,0,20,58.72673885,58.72673885,10,11,11,0,0,0,ebola,2
Snd0,21602800,6/12/14,0,1,614,1,0,24,245.4161554,224.5991016,5,25,48,12,1,1,568,305.7201014,120.3991973,9,15,93,63,4,8,ebola,2
Swaggyswig,22957991,10/25/14,0,1,45,1,0,0,0,0,0,0,0,0,0,0,2,9.499525024,9.499525024,2,2,2,0,0,0,ebola,2
VeniVidiVici476,22423485,9/3/14,1,1,357,1,1,0,0,0,0,0,0,0,0,0,316,949.648045,5.238070295,10,21,23,0,2,0,ebola,1
WMKT fr,22920072,10/21/14,0,1,321,1,0,0,0,0,0,0,0,0,0,0,265,60.5998788,55.28560146,28,49,50,0,0,0,ebola,2
Wikimarcel2002,23824712,1/18/15,1,1,110,1,1,0,0,0,0,0,0,0,0,0,63,29.39941201,29.39941201,2,5,5,0,0,0,ebola,1
Wikitesh Thapa,21711139,6/28/14,0,1,49,1,0,0,0,0,0,0,0,0,0,0,18,29.79940401,29.79940401,4,5,5,0,0,0,ebola,2
42Q7,21979093,7/31/14,1,1,1163,0,1,28,41.88210658,41.88210658,14,17,17,0,0,0,1130,21.07997189,21.07997189,59,75,75,0,0,0,FIFA,1
A5176868,21647163,6/18/14,1,1,183,1,1,0,21.99890005,21.99890005,1,2,2,0,0,0,3,-28.99855007,-28.99855007,2,2,2,0,0,0,FIFA,1
AashishAashish,21785673,7/8/14,1,1,134,1,1,0,52.99470053,52.99470053,1,1,1,0,0,0,13,46.49767512,40.99590041,1,1,2,0,0,1,FIFA,1
Abhinav0908,21299956,4/30/14,0,1,1084,1,0,30,-119.7272455,-302.2525985,50,277,440,35,26,33,1053,294.279962,51.30123863,124,561,775,19,20,126,FIFA,3
Abpokhrel,21558487,6/5/14,1,1,55,1,1,1,25.74935627,25.74935627,1,4,4,0,0,0,14,-15.33282224,-15.33282224,3,3,3,0,0,0,FIFA,1
Acaddoc,21673285,6/23/14,0,1,22,1,0,0,6.999650017,6.999650017,2,2,2,0,0,0,0,0,0,0,0,0,0,0,0,FIFA,2
Adrian-re14,21646720,6/18/14,1,1,0,1,1,0,5.99940006,5.99940006,1,1,1,0,0,0,0,0,0,0,0,0,0,0,0,FIFA,1
Adrien Glauser,21692166,6/25/14,1,1,238,1,1,0,2.333255558,2.333255558,1,3,3,0,0,0,0,47.99520048,0,0,0,1,1,0,0,FIFA,1
Agent0047,20601081,1/20/14,0,1,592,1,0,30,-91.52887336,-91.52887336,14,17,17,0,0,0,558,11.87668028,16.96287773,659,889,892,0,0,3,FIFA,2
Alex 75596,21556280,6/5/14,0,1,33,1,0,26,0.333332222,0.333332222,13,30,30,0,0,0,0,0.99990001,0.99990001,1,1,1,0,0,0,FIFA,2
Alikaraji78,21553092,6/4/14,0,1,47,1,0,28,18.88224187,18.88224187,4,17,17,0,0,0,15,25.33248892,25.33248892,1,3,3,0,0,0,FIFA,2
Alpha Monarch,21632347,6/16/14,0,1,809,1,0,30,344.3858786,139.3046612,132,233,399,26,37,61,778,773.248785,285.7509753,580,996,2327,60,304,813,FIFA,3
Anuragpai123,21458734,5/22/14,0,1,9,1,0,8,-6.399872003,-6.399872003,4,5,5,0,0,0,0,0,0,0,0,0,0,0,0,FIFA,2
Ariq maul,21797377,7/10/14,1,1,0,1,1,0,-34.99825009,-34.99825009,1,2,2,0,0,0,0,0,0,0,0,0,0,0,0,FIFA,1
Arjunsanyal,21538496,6/2/14,0,1,1222,0,0,19,96.38387397,96.38387397,6,13,13,0,0,0,1132,81.79468963,82.34596669,255,1688,1734,1,0,5,FIFA,2
Arsalan a.gh,21550334,6/4/14,1,1,98,1,1,0,3.99960004,3.99960004,1,1,1,0,0,0,52,33.39933201,33.39933201,4,5,5,0,0,0,FIFA,1
Arslan963,21421968,5/17/14,0,1,0,1,0,0,159.9946668,159.9946668,3,3,3,0,0,0,0,0,0,0,0,0,0,0,0,FIFA,2
Ashish kumar sharma99,21786302,7/8/14,1,1,0,1,1,0,298.9850507,11.99880012,1,1,2,0,1,0,0,0,0,0,0,0,0,0,0,FIFA,1
Ashu-97,21624226,6/15/14,1,1,64,1,1,0,86.9971001,86.9971001,1,3,3,0,0,0,0,70.99290071,70.99290071,1,1,1,0,0,0,FIFA,1
Asniaaprilia,21348121,5/7/14,1,1,0,1,1,0,221.4889256,221.4889256,1,2,2,0,0,0,0,0,0,0,0,0,0,0,0,FIFA,1
Aurelienreys,21306816,5/1/14,0,1,0,1,0,0,119.6656695,119.6656695,8,12,12,0,0,0,0,0,0,0,0,0,0,0,0,FIFA,2
Bal Mungram,21767315,7/6/14,1,1,1156,1,1,0,184.9907505,184.9907505,1,2,2,0,0,0,1051,135.4718459,135.4718459,21,36,36,0,0,0,FIFA,1
Barnaby.rostant,21714764,6/28/14,1,1,0,1,1,0,-107.9892011,-107.9892011,1,1,1,0,0,0,0,0,0,0,0,0,0,0,0,FIFA,1
Basefut,21738163,7/1/14,0,1,0,1,0,0,21.49964167,21.49964167,6,6,6,0,0,0,0,0,0,0,0,0,0,0,0,FIFA,2
Bbetev2,21783006,7/8/14,0,1,10,1,0,10,18.799812,18.799812,5,10,10,0,0,0,0,0,0,0,0,0,0,0,0,FIFA,2
Benjaminherberger,21635583,6/17/14,1,1,193,1,1,1,670.6443119,670.6443119,2,3,3,0,0,0,0,0,0,1,1,1,0,0,0,FIFA,1
BigFaCL,21314864,5/2/14,1,1,0,1,1,0,43.99560044,43.99560044,1,1,1,0,0,0,0,0,0,0,0,0,0,0,0,FIFA,1
Bmf 051,21404818,5/15/14,0,1,1248,0,0,30,112.8675641,60.23397847,30,94,136,0,41,0,1217,61.99661325,29.53858284,2485,10756,18899,131,5714,150,FIFA,3
Cabj94,21373646,5/10/14,0,1,1251,0,0,30,485.6051722,496.9316254,59,1083,1112,0,0,0,1220,364.4246943,372.6442678,470,5746,6089,0,191,6,FIFA,2
Caealn,21564287,6/6/14,0,1,1073,1,0,25,12.9121173,23.98135901,214,322,330,0,0,7,1042,47.38862559,47.83174222,252,422,440,0,14,1,FIFA,2
Chief hiccup horrendous haddock,21480626,5/25/14,0,1,52,1,0,28,-76.66630159,-105.4204978,6,19,21,0,0,2,12,56.71347552,56.71347552,4,7,7,0,0,0,FIFA,2
Chris2787,21381203,5/12/14,1,1,0,1,1,0,-7.99920008,-7.99920008,1,1,1,0,0,0,0,0,0,0,0,0,0,0,0,FIFA,1
Cjsmith.us,21746182,7/2/14,0,1,1033,1,0,16,32.64686678,12.36352397,8,11,17,0,2,1,985,144.8413429,5.699943001,7,10,19,0,4,2,FIFA,2
ClassicOnAStick,21693145,6/26/14,0,1,1207,0,0,30,-5.369120105,5.407244192,329,911,978,5,0,23,1176,5.905920202,6.650569264,13086,44003,47853,330,32,98,FIFA,2
Clinton30,21179961,4/13/14,0,1,19,1,0,19,103.4948253,103.4948253,2,2,2,0,0,0,0,0,0,0,0,0,0,0,0,FIFA,2
Coolguy922,21562873,6/5/14,0,1,475,1,0,26,12.29409957,12.29409957,43,68,68,0,0,0,444,-7.299995706,7.035498796,117,169,170,0,0,1,FIFA,2
Cttuckerrrr,21729600,6/30/14,1,1,11,1,1,7,0,0,1,2,2,0,0,0,0,0,0,0,0,0,0,0,0,FIFA,1
CynthiaAch,21599510,6/11/14,1,1,0,1,1,0,2.99970003,2.99970003,1,1,1,0,0,0,0,0,0,0,0,0,0,0,0,FIFA,1
DestinationAlan,21614443,6/13/14,0,1,958,1,0,1,222.8864124,222.8864124,5,9,9,0,0,0,927,228.7534963,203.2742703,215,576,637,3,2,43,FIFA,2
Ek93,21605873,6/12/14,1,1,0,1,1,0,-9.999500025,-9.999500025,1,2,2,0,0,0,0,0,0,0,0,0,0,0,0,FIFA,1
EvanWikiby,21860056,7/18/14,0,1,0,1,0,0,215.9969143,217.7445564,3,4,7,0,3,0,0,0,0,0,0,0,0,0,0,FIFA,2
Extraperson,21601323,6/11/14,1,1,153,1,1,0,126.9957668,126.9957668,2,3,3,0,0,0,5,648.4675766,648.4675766,2,2,2,0,0,0,FIFA,1
FCHulbenheim,21657406,6/20/14,0,1,5,1,0,5,222.5281028,222.5281028,5,17,17,0,0,0,0,0,0,0,0,0,0,0,0,FIFA,2
Fakih99,21795415,7/9/14,0,1,43,1,0,2,43.74945313,43.74945313,6,8,8,0,0,0,0,14.99850015,0,0,0,1,0,1,0,FIFA,2
Feelerino,21883597,7/22/14,1,1,156,1,1,0,-25.99740026,-25.99740026,1,1,1,0,0,0,0,-0.99990001,-0.99990001,1,1,1,0,0,0,FIFA,1
Fgghhhjjjj,21792088,7/9/14,1,1,0,1,1,0,30.66564448,30.66564448,2,3,3,0,0,0,0,0,0,0,0,0,0,0,0,FIFA,1
Flystar125,21625447,6/15/14,0,1,3,1,0,3,190.798092,204.7755025,3,9,10,0,0,1,0,0,0,0,0,0,0,0,0,FIFA,2
Football14fever,21606249,6/12/14,1,1,8,1,1,8,128.6351942,128.6351942,5,11,11,0,0,0,0,0,0,0,0,0,0,0,0,FIFA,1
Frozenfire14,21678082,6/23/14,1,1,52,1,1,4,-13.69220237,-13.69220237,5,13,13,0,0,0,19,15.99920004,15.99920004,2,2,2,0,0,0,FIFA,1
Ftbl2014,21740386,7/2/14,1,1,890,1,1,1,316.2984185,316.2984185,1,20,20,0,0,0,0,-1.33328889,-1.33328889,2,3,3,0,0,0,FIFA,1
Futeb00l,21774160,7/7/14,0,1,121,1,0,20,67.21017258,67.99962222,15,18,19,0,1,0,77,171.0546053,196.0816993,9,12,18,0,0,0,FIFA,2
Gabrielptavares,20657819,1/27/14,1,1,31,1,1,0,0,0,0,0,0,0,0,0,0,-1.99980002,-1.99980002,1,1,1,0,0,0,FIFA,1
Ginothewall30,21781384,7/8/14,0,1,962,1,0,24,41.63983344,41.63983344,16,25,25,0,0,0,919,34.77739136,34.77739136,8,9,9,0,0,0,FIFA,2
GraalPK,21483047,5/25/14,0,1,611,1,0,26,101.9974501,27.9990667,3,3,4,0,1,0,551,250.2254029,403.6475577,18,37,62,0,19,6,FIFA,3
HMS88,21533729,6/1/14,0,1,696,1,0,29,52.90450998,43.73661191,10,19,21,2,0,0,665,16.15526947,18.29006237,50,131,161,0,0,0,FIFA,2
Haaslk,21800872,7/10/14,1,1,0,1,1,0,0.99990001,0.99990001,1,1,1,0,0,0,0,0,0,0,0,0,0,0,0,FIFA,1
HamedV00,21339499,5/6/14,1,1,984,1,1,0,4474.552545,4474.552545,1,1,1,0,0,0,901,203.5252446,351.3819124,6,13,19,0,0,0,FIFA,1
Hejhej123hejhej,21794253,7/9/14,1,1,0,1,1,0,-469.9530047,-469.9530047,1,1,1,0,0,0,0,0,0,0,0,0,0,0,0,FIFA,1
Hernanx32a,21651749,6/19/14,1,1,0,1,1,0,15.33282224,15.33282224,2,3,3,0,0,0,0,0,0,0,0,0,0,0,0,FIFA,1
Hmoshrif,21581893,6/9/14,1,1,0,1,1,0,-9.9990001,-9.9990001,1,1,1,0,0,0,0,0,0,0,0,0,0,0,0,FIFA,1
Homo mundi,21846525,7/16/14,1,1,4,1,1,1,176.759293,181.599092,2,20,25,2,1,2,0,0,0,0,0,0,0,0,0,FIFA,1
ILLWRECKYOU,21603481,6/12/14,1,1,0,1,1,0,40.99590041,40.99590041,1,1,1,0,0,0,0,0,0,0,0,0,0,0,0,FIFA,1
Ishac.ishac,21605711,6/12/14,1,1,0,1,1,0,18.24954376,18.24954376,1,4,4,0,0,0,0,0,0,0,0,0,0,0,0,FIFA,1
Itzzz Michael,21497331,5/27/14,1,1,0,1,1,0,24.99875006,24.99875006,1,2,2,0,0,0,0,0,0,0,0,0,0,0,0,FIFA,1
JJHk2000,21360819,5/9/14,0,1,414,1,0,30,348.3313982,329.9205391,6,13,18,2,0,3,382,221.1998077,218.5270741,31,110,115,0,0,1,FIFA,2
Jmvilla1509,21723444,6/29/14,1,1,8,1,1,0,-0.99990001,-0.99990001,1,1,1,0,0,0,0,0,0,0,0,0,0,0,0,FIFA,1
Johnmirenda,21631128,6/16/14,0,1,17,1,0,17,62.24844379,62.24844379,2,4,4,0,0,0,0,0,0,0,0,0,0,0,0,FIFA,2
Jon Stakes,21746499,7/2/14,1,1,20,1,1,20,362.9967,-452.9547045,1,1,11,9,0,0,0,0,0,0,0,0,0,0,0,FIFA,3
Josephdavoudzadeh,21633531,6/17/14,1,1,0,1,1,0,0,0,1,1,1,0,0,0,0,0,0,0,0,0,0,0,0,FIFA,1
JupiterSaturnw,21580502,6/8/14,1,1,0,1,1,0,-65.99340066,-65.99340066,1,1,1,0,0,0,0,0,0,0,0,0,0,0,0,FIFA,1
KH-1,21857263,7/18/14,0,1,1185,0,0,30,201.8523115,96.98434469,213,320,359,1,2,19,1154,303.606944,92.35961901,17485,24487,29604,103,85,3293,FIFA,2
Karamonas,21613377,6/13/14,1,1,0,1,1,0,80.99190081,80.99190081,1,1,1,0,0,0,0,0,0,0,0,0,0,0,0,FIFA,1
Landingdude13,20659301,1/28/14,0,1,1355,0,0,30,9.265285539,9.074467625,1145,1974,2028,0,1,0,1324,57.25634273,55.35993884,9316,22326,25146,35,497,37,FIFA,2
Leo Bonilla,21626799,6/16/14,1,1,1133,1,1,6,38.66634445,12.18170744,3,11,12,0,0,1,994,104.3531501,92.1609145,330,1827,2203,108,37,135,FIFA,3
Liverpool8765,21800893,7/10/14,0,1,18,1,0,18,38.5767747,38.11984752,12,25,26,0,0,0,0,0,0,0,0,0,0,0,0,FIFA,2
Luyg97,21413246,5/16/14,0,1,155,1,0,10,33.42833265,33.42833265,13,14,14,0,0,0,120,90.74943282,90.74943282,4,16,16,0,0,0,FIFA,2
Madoti mojeed,21721474,6/29/14,1,1,23,1,1,21,1168.29439,240.9879506,2,2,3,0,1,0,0,0,0,0,0,0,0,0,0,FIFA,3
Mariocarioca22,21556789,6/5/14,1,1,0,1,1,0,15.99920004,15.99920004,2,2,2,0,0,0,0,0,0,0,0,0,0,0,0,FIFA,1
MarkBM,21794115,7/9/14,1,1,1,1,1,1,469.3742666,-85.99938572,1,14,64,18,0,9,0,0,0,0,0,0,0,0,0,FIFA,3
Matosizi,21622900,6/15/14,1,1,0,1,1,0,29.9970003,29.9970003,1,1,1,0,0,0,0,0,0,0,0,0,0,0,0,FIFA,1
Matthew898,21814693,7/12/14,0,1,811,1,0,24,-1.225802497,-3.833320556,19,30,31,0,1,0,779,-96.15594951,-16.38704391,18,31,32,0,0,1,FIFA,2
Mexanoh,21772591,7/6/14,1,1,0,1,1,0,12.99870013,12.99870013,1,1,1,0,0,0,0,0,0,0,0,0,0,0,0,FIFA,1
Mikestrike,21605546,6/12/14,1,1,0,1,1,0,45.99770011,45.99770011,1,2,2,0,0,0,0,0,0,0,0,0,0,0,0,FIFA,1
Mixo45,21336330,5/5/14,0,1,1249,0,0,0,153.3307778,153.3307778,2,6,6,0,0,0,1218,220.9372238,235.6173006,19,68,80,3,1,0,FIFA,2
Mohammad961,21605647,6/12/14,1,1,330,1,1,0,42.33286297,42.33286297,1,9,9,0,0,0,1,40.16599723,0.199996,2,5,6,0,0,1,FIFA,1
MrMohammed305,21901010,7/24/14,1,1,325,1,1,18,-628.7643941,-849.1740984,10,11,13,0,1,1,242,138.9328702,193.5779285,16,19,30,1,5,2,FIFA,3
Mulderttt,21637755,6/17/14,1,1,404,1,1,0,45.99540046,45.99540046,1,1,1,0,0,0,0,165.9834017,165.9834017,1,1,1,0,0,0,FIFA,1
Mundogamesvicioam,21191932,4/14/14,1,1,0,1,1,0,11.99880012,11.99880012,1,1,1,0,0,0,0,0,0,0,0,0,0,0,0,FIFA,1
MusaSaleemPK,21607835,6/12/14,1,1,0,1,1,0,57.99420058,57.99420058,1,1,1,0,0,0,0,0,0,0,0,0,0,0,0,FIFA,1
NextGenSam619,21733618,7/1/14,0,1,1185,0,0,30,135.5977984,111.7528097,33,85,97,4,5,2,1147,199.1447445,126.9867063,699,2032,2563,36,146,226,FIFA,2
Nqemgray,21414483,5/16/14,0,1,3,1,0,3,52.499625,52.499625,2,14,14,0,0,0,0,0,0,0,0,0,0,0,0,FIFA,2
Ogramzes,21774013,7/7/14,0,1,6,1,0,6,39.33202227,32.49837508,2,2,3,0,0,1,0,0,0,0,0,0,0,0,0,FIFA,2
Oiyarbepsy,21840846,7/16/14,0,1,1161,0,0,30,425.3232582,-44.40750959,238,319,699,39,32,195,1130,36.59031133,-77.77016133,5658,7514,18104,1731,2614,2585,FIFA,2
OliwierEOB,21660035,6/20/14,1,1,8,1,1,8,149.4925254,-59.9940006,1,1,2,1,0,0,0,0,0,0,0,0,0,0,0,FIFA,1
Olympiads are best,21846768,7/16/14,0,1,1,1,0,1,80.57027757,73.99876669,4,6,7,0,0,1,0,0,0,0,0,0,0,0,0,FIFA,2
Omuhnate,21723336,6/29/14,1,1,31,1,1,0,0,0,1,1,1,0,0,0,0,-31.99680032,-31.99680032,1,1,1,0,0,0,FIFA,1
Ooebbbbyyy,21606496,6/12/14,1,1,0,1,1,0,-321.9678032,-321.9678032,1,1,1,0,0,0,0,0,0,0,0,0,0,0,0,FIFA,1
Oskar Kopaczewski,21378766,5/11/14,0,1,111,1,0,24,39.88877809,27.12112994,19,33,36,0,0,2,77,8.42100831,-4.294092388,13,17,19,2,0,0,FIFA,2
P4TG30RG13V,21625824,6/15/14,1,1,3,1,1,2,-1.714261225,-1.714261225,2,7,7,0,0,0,0,0,0,0,0,0,0,0,0,FIFA,1
Phoenix9630,21788124,7/8/14,1,1,1179,0,1,29,29.66617223,29.66617223,6,6,6,0,0,0,1145,11.3645715,11.9673783,49,92,96,0,0,0,FIFA,1
Polugap,21704913,6/27/14,0,1,149,1,0,18,306.4316042,309.4713626,22,36,37,1,0,0,114,-492.4250541,-668.3575604,4,11,14,0,0,1,FIFA,3
Poseidon Nep,21727454,6/30/14,1,1,20,1,1,20,97.72141657,97.72141657,66,219,219,0,0,0,0,0,0,0,0,0,0,0,0,FIFA,1
Pprika,21787522,7/8/14,1,1,0,1,1,0,8.99910009,8.99910009,1,1,1,0,0,0,0,0,0,0,0,0,0,0,0,FIFA,1
QuartzReload,21639897,6/17/14,0,1,1095,1,0,10,585.8430224,570.891337,221,249,510,0,16,221,889,188.1521888,-190.5807709,91,105,197,5,4,70,FIFA,2
Rajeshavaghela,21603545,6/12/14,1,1,0,1,1,0,66.99330067,66.99330067,1,1,1,0,0,0,0,0,0,0,0,0,0,0,0,FIFA,1
RapdosS,21607695,6/12/14,1,1,0,1,1,0,96.99515024,96.99515024,1,2,2,0,0,0,0,0,0,0,0,0,0,0,0,FIFA,1
RazorThunder,21902977,7/24/14,0,1,997,1,0,25,80.99973,72.86330517,15,22,30,0,8,0,958,22.74990521,46.599767,8,20,24,0,4,0,FIFA,2
Reyalfre,20668798,1/29/14,1,1,0,1,1,0,12.99870013,12.99870013,1,1,1,0,0,0,0,0,0,0,0,0,0,0,0,FIFA,1
Rick13ellms,21816963,7/12/14,0,1,20,1,0,20,37.46641689,37.46641689,7,15,15,0,0,0,0,0,0,0,0,0,0,0,0,FIFA,2
Rpdodds,21609041,6/12/14,0,1,733,1,0,1,31.39937201,31.39937201,2,5,5,0,0,0,0,863.9136086,863.9136086,1,1,1,0,0,0,FIFA,2
Russsdean,21799547,7/10/14,1,1,0,1,1,0,0,0,1,1,1,0,0,0,0,0,0,0,0,0,0,0,0,FIFA,1
SamSkulls,21825329,7/14/14,1,1,966,1,1,16,314.99775,341.8304847,1,12,14,1,1,0,931,231.6790733,218.2127271,7,14,25,0,9,2,FIFA,1
Samuelrowland,21526810,5/31/14,0,1,405,1,0,29,6.27269876,6.571397279,10,21,22,0,0,0,372,-0.264705104,0.151514692,16,33,34,0,0,0,FIFA,3
Sankhu01,21819126,7/13/14,1,1,66,1,1,23,38.3320556,38.3320556,2,3,3,0,0,0,11,62.33125562,62.33125562,3,3,3,0,0,0,FIFA,1
Sayfutri,21566507,6/6/14,0,1,12,1,0,10,724.1520892,906.8019521,19,56,85,0,17,1,0,0,0,0,0,0,0,0,0,FIFA,2
Seardluin,21742088,7/2/14,1,1,0,1,1,0,5.99940006,5.99940006,1,1,1,0,0,0,0,0,0,0,0,0,0,0,0,FIFA,1
Shakiratrackleb,21606065,6/12/14,0,1,0,1,0,0,63.33280556,63.33280556,6,12,12,0,0,0,0,0,0,0,0,0,0,0,0,FIFA,2
Shakiriwein,21624935,6/15/14,1,1,0,1,1,0,53.99460054,53.99460054,1,1,1,0,0,0,0,0,0,0,0,0,0,0,0,FIFA,1
Soccer addict980,21781730,7/8/14,1,1,0,1,1,0,-2.333255558,-2.333255558,1,3,3,0,0,0,0,0,0,0,0,0,0,0,0,FIFA,1
Sos edelbi23,21606501,6/12/14,1,1,0,1,1,0,33.99660034,33.99660034,1,1,1,0,0,0,0,0,0,0,0,0,0,0,0,FIFA,1
Spanzi,21613175,6/13/14,1,1,1,1,1,0,-0.99990001,-0.99990001,1,1,1,0,0,0,0,0,0,0,0,0,0,0,0,FIFA,1
Superjonboy01,21561671,6/5/14,0,1,559,1,0,0,0,0,1,1,1,0,0,0,525,724.3091897,86.99565022,2,2,3,0,1,0,FIFA,2
The Replicator,21637138,6/17/14,1,1,1212,0,1,26,18.31371352,12.51850925,16,135,153,6,3,0,1150,138.3725875,132.0922383,482,9497,11353,209,428,207,FIFA,1
TheAGamer,21600093,6/11/14,1,1,46,1,1,28,88.2719248,1.33328889,2,3,11,0,8,0,15,109.9277862,58.99950834,7,12,14,0,2,0,FIFA,3
TheMrKlWl,21730941,6/30/14,1,1,0,1,1,0,228.4885756,228.4885756,1,2,2,0,0,0,0,0,0,0,0,0,0,0,0,FIFA,1
Tobyasds,21823208,7/13/14,1,1,0,1,1,0,942.9057094,942.9057094,1,1,1,0,0,0,0,0,0,0,0,0,0,0,0,FIFA,1
Tuanminh01,21609933,6/13/14,0,1,1217,0,0,26,87.51259612,86.61262383,13,31,39,3,5,0,1179,2589.311465,207.9365731,599,899,2725,24,25,1741,FIFA,3
Vanished user 9j34rnfjemnrjnasj4,21556758,6/5/14,0,1,170,1,0,30,141.084507,160.2721674,88,191,343,52,6,21,139,395.2553485,247.7042277,580,1437,5181,557,658,932,FIFA,2
Vaselineeeeeeee,21345908,5/7/14,1,1,1256,0,1,20,-136.3732953,-136.3732953,7,8,8,0,0,0,1219,103.1080126,69.08947211,3663,24488,29552,841,735,2094,FIFA,1
Vicoskachaa,21607982,6/12/14,1,1,0,1,1,0,0,0,1,1,1,0,0,0,0,0,0,0,0,0,0,0,0,FIFA,1
Vkhoury,21836170,7/15/14,1,1,0,1,1,0,98.99010099,98.99010099,1,1,1,0,0,0,0,0,0,0,0,0,0,0,0,FIFA,1
Xboxy,21615116,6/13/14,1,1,1,1,1,1,11.49942503,11.49942503,1,2,2,0,0,0,0,0,0,0,0,0,0,0,0,FIFA,1
XcoIu,21617654,6/14/14,1,1,0,1,1,0,95.99040096,95.99040096,1,1,1,0,0,0,0,0,0,0,0,0,0,0,0,FIFA,1
Xstokenmen,21602446,6/11/14,1,1,1,1,1,0,51.99480052,51.99480052,1,1,1,0,0,0,0,0,0,0,0,0,0,0,0,FIFA,1
Yessy1205,21753789,7/3/14,1,1,1,1,1,1,76.1814719,5.687464453,4,16,22,0,2,4,0,0,0,0,0,0,0,0,0,FIFA,1