label,wpid,first_edit,from_event,transitivity,betweenness,betweenness_norm,closeness,closeness_norm,degree,degree_norm,Indegree,Indegree_norm,Outdegree,Outdegree_norm,weighted_degree,weighted_Indegree,weighted_Outdegree,eigen,event
08limi,08limi,1,1,NA,0,0,2.52E-07,0.00050226,1,0.000502513,1,0.000502513,0,0,1,1,0,0,ebola
2014:f.ace,2014:f.ace,2,1,NA,0,0,2.52E-07,0.00050226,0,0,0,0,0,0,0,0,0,0,ebola
21 bruh,21 bruh,1,1,NA,0,0,2.52E-07,0.00050226,1,0.000502513,1,0.000502513,0,0,1,1,0,0,ebola
99.99percent,99.99percent,1,1,0,0,0,2.52E-07,0.00050226,3,0.001507538,3,0.001507538,0,0,8,8,0,7.27E-06,BLM
2manyJimmiesRustled,2manyJimmiesRustled,1,1,NA,0,0,2.52E-07,0.00050226,1,0.000502513,1,0.000502513,0,0,1,1,0,3.84E-08,ebola
42Q7,42Q7,1,1,NA,0,0,2.52E-07,0.00050226,0,0,0,0,0,0,0,0,0,0,FIFA
Aangell123,Aangell123,2,1,NA,0,0,2.52E-07,0.00050226,1,0.000502513,1,0.000502513,0,0,1,1,0,0,ebola
AashishAashish,AashishAashish,1,1,NA,0,0,2.52E-07,0.00050226,0,0,0,0,0,0,0,0,0,0,FIFA
Abhinav0908,Abhinav0908,3,1,0,1669,0.000421666,2.58E-07,0.000512535,15,0.007537688,8,0.004020101,7,0.003517588,39,16,23,0.004488266,FIFA
Abiyarajan77,Abiyarajan77,1,1,NA,0,0,2.52E-07,0.00050226,1,0.000502513,1,0.000502513,0,0,1,1,0,0,ebola
Abpokhrel,Abpokhrel,1,1,NA,0,0,2.52E-07,0.00050226,1,0.000502513,1,0.000502513,0,0,1,1,0,0,FIFA
Afropwnswest,Afropwnswest,1,1,NA,0,0,2.52E-07,0.00050226,1,0.000502513,1,0.000502513,0,0,1,1,0,7.48E-08,BLM
Ahavahisrael,Ahavahisrael,2,1,NA,0,0,2.52E-07,0.00050226,1,0.000502513,1,0.000502513,0,0,1,1,0,0,ebola
AlaskanNativeRU,AlaskanNativeRU,2,1,0,3,7.58E-07,2.53E-07,0.000502512,5,0.002512563,4,0.00201005,1,0.000502513,19,16,3,0,BLM
Alex 75596,Alex 75596,2,1,NA,0,0,2.52E-07,0.00050226,0,0,0,0,0,0,0,0,0,0,FIFA
Allegations,Allegations,3,1,0,5605,0.00141608,3.39E-07,0.000674519,4,0.00201005,2,0.001005025,2,0.001005025,9,5,4,8.79E-07,BLM
Alpha Monarch,Alpha Monarch,3,1,0,4520,0.001141959,2.57E-07,0.000512294,52,0.026130653,13,0.006532663,39,0.01959799,66,20,46,6.12E-06,FIFA
Amax1701,Amax1701,2,1,NA,0,0,2.52E-07,0.00050226,1,0.000502513,1,0.000502513,0,0,1,1,0,0,BLM
Ammorain,Ammorain,2,1,NA,0,0,2.52E-07,0.00050226,0,0,0,0,0,0,0,0,0,0,ebola
Amortias,Amortias,3,1,0,3998,0.001010078,2.75E-07,0.000548241,188,0.094472362,24,0.012060302,164,0.08241206,224,32,192,7.72E-05,BLM
AngelisDragon,AngelisDragon,1,1,NA,0,0,2.52E-07,0.00050226,1,0.000502513,1,0.000502513,0,0,1,1,0,0.000195397,ebola
Aparuthi,Aparuthi,3,1,0,0,0,2.52E-07,0.00050226,3,0.001507538,3,0.001507538,0,0,10,10,0,1.52E-06,ebola
Aragornbattle,Aragornbattle,1,1,NA,0,0,2.52E-07,0.00050226,1,0.000502513,1,0.000502513,0,0,1,1,0,0,ebola
Arjunsanyal,Arjunsanyal,2,1,NA,0,0,2.52E-07,0.00050226,1,0.000502513,1,0.000502513,0,0,1,1,0,0,FIFA
Arslan963,Arslan963,2,1,NA,0,0,2.52E-07,0.00050226,1,0.000502513,1,0.000502513,0,0,1,1,0,0,FIFA
Asniaaprilia,Asniaaprilia,1,1,NA,0,0,2.52E-07,0.00050226,0,0,0,0,0,0,0,0,0,0,FIFA
Asracing120,Asracing120,1,1,NA,0,0,2.52E-07,0.00050226,1,0.000502513,1,0.000502513,0,0,2,2,0,0,ebola
Assasin chan666,Assasin chan666,1,1,NA,0,0,2.52E-07,0.00050226,1,0.000502513,1,0.000502513,0,0,1,1,0,5.17E-05,ebola
Aurelienreys,Aurelienreys,2,1,NA,0,0,2.52E-07,0.00050226,0,0,0,0,0,0,0,0,0,0,FIFA
AuxZane,AuxZane,2,1,NA,0,0,2.52E-07,0.00050226,0,0,0,0,0,0,0,0,0,0,ebola
Barnaby.rostant,Barnaby.rostant,1,1,NA,0,0,2.52E-07,0.00050226,1,0.000502513,1,0.000502513,0,0,1,1,0,0,FIFA
Bbetev2,Bbetev2,2,1,NA,0,0,2.52E-07,0.00050226,1,0.000502513,1,0.000502513,0,0,1,1,0,0,FIFA
Big12isu,Big12isu,1,1,NA,0,0,2.52E-07,0.00050226,1,0.000502513,1,0.000502513,0,0,1,1,0,0,BLM
Bmf 051,Bmf 051,3,1,NA,0,0,2.52E-07,0.00050226,0,0,0,0,0,0,0,0,0,0,FIFA
BookOfJahMez,BookOfJahMez,1,1,NA,0,0,2.52E-07,0.00050226,1,0.000502513,1,0.000502513,0,0,1,1,0,1.12E-06,ebola
BrianGroen,BrianGroen,1,1,0.044444444,5772,0.001458272,2.61E-07,0.000519185,10,0.005025126,4,0.00201005,6,0.003015075,30,11,19,8.05E-05,ebola
BunnyTaker55,BunnyTaker55,2,1,NA,0,0,2.52E-07,0.00050226,0,0,0,0,0,0,0,0,0,0,BLM
Cabj94,Cabj94,2,1,0,0,0,2.52E-07,0.00050226,5,0.002512563,5,0.002512563,0,0,8,8,0,0,FIFA
Caealn,Caealn,2,1,0,7,1.77E-06,2.53E-07,0.000502765,6,0.003015075,4,0.00201005,2,0.001005025,8,4,4,0,FIFA
Car200,Car200,1,1,NA,0,0,2.52E-07,0.00050226,1,0.000502513,1,0.000502513,0,0,1,1,0,0,ebola
Carcake1999,Carcake1999,2,1,0,194,4.90E-05,2.53E-07,0.000502765,7,0.003517588,5,0.002512563,2,0.001005025,8,6,2,0.000102597,ebola
Cathar66,Cathar66,3,1,0,1,2.53E-07,2.53E-07,0.000502512,2,0.001005025,1,0.000502513,1,0.000502513,4,1,3,0,BLM
Cbowman7289,Cbowman7289,3,1,NA,0,0,2.52E-07,0.00050226,0,0,0,0,0,0,0,0,0,0,ebola
Cbursaw,Cbursaw,2,1,NA,0,0,2.52E-07,0.00050226,1,0.000502513,1,0.000502513,0,0,2,2,0,0,BLM
CDC Latam,CDC Latam,1,1,NA,0,0,2.52E-07,0.00050226,0,0,0,0,0,0,0,0,0,0,ebola
Cewlt,Cewlt,2,1,NA,0,0,2.52E-07,0.00050226,0,0,0,0,0,0,0,0,0,0,BLM
Cfavsmba,Cfavsmba,2,1,NA,0,0,2.52E-07,0.00050226,1,0.000502513,1,0.000502513,0,0,2,2,0,0,BLM
Cfcgau,Cfcgau,1,1,NA,0,0,2.52E-07,0.00050226,1,0.000502513,1,0.000502513,0,0,1,1,0,0.000195397,ebola
Chaiso123,Chaiso123,2,1,0,0,0,2.53E-07,0.000502765,2,0.001005025,1,0.000502513,1,0.000502513,2,1,1,0,ebola
ChamithN,ChamithN,2,1,0,606,0.000153103,2.53E-07,0.000504032,10,0.005025126,4,0.00201005,6,0.003015075,15,6,9,1.76E-05,BLM
Chief hiccup horrendous haddock,Chief hiccup horrendous haddock,2,1,0,87,2.20E-05,2.58E-07,0.000513841,4,0.00201005,2,0.001005025,2,0.001005025,6,4,2,6.25E-05,FIFA
Chiffchaff2015,Chiffchaff2015,1,1,NA,0,0,2.52E-07,0.00050226,1,0.000502513,1,0.000502513,0,0,2,2,0,0,BLM
Chyluchicago,Chyluchicago,2,1,NA,0,0,2.52E-07,0.00050226,0,0,0,0,0,0,0,0,0,0,ebola
CitiV,CitiV,3,1,0,0,0,2.52E-07,0.00050226,3,0.001507538,3,0.001507538,0,0,4,4,0,0,BLM
Cjsmith.us,Cjsmith.us,2,1,0,3,7.58E-07,2.53E-07,0.000502513,4,0.00201005,3,0.001507538,1,0.000502513,5,4,1,0,FIFA
ClassicOnAStick,ClassicOnAStick,2,1,0,142,3.59E-05,2.53E-07,0.000502513,6,0.003015075,5,0.002512563,1,0.000502513,10,9,1,0.000117054,FIFA
Clinton227,Clinton227,1,1,0,0,0,2.52E-07,0.00050226,2,0.001005025,2,0.001005025,0,0,3,3,0,7.23E-05,ebola
CookieMonster755,CookieMonster755,3,1,0,0,0,2.52E-07,0.00050226,2,0.001005025,2,0.001005025,0,0,2,2,0,0,BLM
Coolguy1235,Coolguy1235,1,1,NA,0,0,2.52E-07,0.00050226,1,0.000502513,1,0.000502513,0,0,1,1,0,0,ebola
Coolguy922,Coolguy922,2,1,0,0,0,2.52E-07,0.00050226,3,0.001507538,3,0.001507538,0,0,3,3,0,0,BLM
Coreysutphin,Coreysutphin,1,1,NA,0,0,2.52E-07,0.00050226,1,0.000502513,1,0.000502513,0,0,1,1,0,0,BLM
Cowpie12345678901,Cowpie12345678901,1,1,NA,0,0,2.52E-07,0.00050226,1,0.000502513,1,0.000502513,0,0,2,2,0,0,BLM
Crogand3,Crogand3,3,1,NA,0,0,2.52E-07,0.00050226,0,0,0,0,0,0,0,0,0,0,ebola
Cttuckerrrr,Cttuckerrrr,1,1,NA,0,0,2.52E-07,0.00050226,1,0.000502513,1,0.000502513,0,0,1,1,0,0,FIFA
CyberWarfare,CyberWarfare,2,1,0,0,0,2.56E-07,0.000509417,13,0.006532663,0,0,13,0.006532663,15,0,15,0,BLM
Damvile,Damvile,2,1,0,94,2.37E-05,2.53E-07,0.000502512,3,0.001507538,2,0.001005025,1,0.000502513,10,8,2,0.000201782,BLM
DangerousJXD,DangerousJXD,2,1,0,29259.5,0.007392291,3.36E-07,0.000668822,21,0.010552764,8,0.004020101,13,0.006532663,59,25,34,0.020245886,BLM
Danjuma10,Danjuma10,2,1,NA,0,0,2.52E-07,0.00050226,1,0.000502513,1,0.000502513,0,0,1,1,0,0,BLM
Daqueenonmypeen,Daqueenonmypeen,1,1,NA,0,0,2.52E-07,0.00050226,1,0.000502513,1,0.000502513,0,0,6,6,0,2.85E-06,ebola
Darcty rice,Darcty rice,1,1,NA,0,0,2.52E-07,0.00050226,0,0,0,0,0,0,0,0,0,0,BLM
DatGuy,DatGuy,2,1,0,27884.5,0.007044903,3.36E-07,0.000668733,154,0.077386935,28,0.014070352,126,0.063316583,252,54,198,0.016577492,BLM
Deeeogo,Deeeogo,2,1,0,0,0,2.52E-07,0.00050226,2,0.001005025,2,0.001005025,0,0,2,2,0,1.02E-05,BLM
Deeznutzhagotem,Deeznutzhagotem,1,1,0,0,0,2.52E-07,0.00050226,2,0.001005025,2,0.001005025,0,0,2,2,0,0,BLM
DeLittle,DeLittle,2,1,NA,0,0,2.52E-07,0.00050226,0,0,0,0,0,0,0,0,0,0,BLM
Denniscabrams,Denniscabrams,2,1,0,0,0,2.52E-07,0.00050226,2,0.001005025,2,0.001005025,0,0,3,3,0,0,BLM
DERPALERT,DERPALERT,3,1,0,0,0,2.52E-07,0.00050226,4,0.00201005,4,0.00201005,0,0,11,11,0,0,BLM
Desertguardsman,Desertguardsman,1,1,NA,0,0,2.52E-07,0.00050226,1,0.000502513,1,0.000502513,0,0,1,1,0,7.48E-08,BLM
DestinationAlan,DestinationAlan,2,1,NA,0,0,2.52E-07,0.00050226,1,0.000502513,1,0.000502513,0,0,1,1,0,2.48E-07,FIFA
Dianaoh339,Dianaoh339,2,1,NA,0,0,2.52E-07,0.00050226,1,0.000502513,1,0.000502513,0,0,1,1,0,0,BLM
DiscantX,DiscantX,2,1,0,0,0,2.54E-07,0.000504795,10,0.005025126,0,0,10,0.005025126,11,0,11,0,BLM
DomanicAssyrian,DomanicAssyrian,3,1,NA,0,0,2.52E-07,0.00050226,1,0.000502513,1,0.000502513,0,0,2,2,0,0,ebola
Dontmakemetypepasswordagain,Dontmakemetypepasswordagain,3,1,NA,0,0,2.53E-07,0.000502513,1,0.000502513,0,0,1,0.000502513,1,0,1,0,BLM
Dunkleosteus77,Dunkleosteus77,2,1,0,492,0.000124302,2.53E-07,0.000503524,10,0.005025126,6,0.003015075,4,0.00201005,19,14,5,6.66E-05,ebola
Editboyxxx999snipez,Editboyxxx999snipez,1,1,NA,0,0,2.52E-07,0.00050226,1,0.000502513,1,0.000502513,0,0,1,1,0,0,ebola
Emily1015,Emily1015,2,1,NA,0,0,2.52E-07,0.00050226,1,0.000502513,1,0.000502513,0,0,1,1,0,0,ebola
Emmyfan,Emmyfan,2,1,NA,0,0,2.52E-07,0.00050226,1,0.000502513,1,0.000502513,0,0,1,1,0,0.000182272,BLM
Engl1105,Engl1105,2,1,NA,0,0,2.53E-07,0.000502513,1,0.000502513,0,0,1,0.000502513,1,0,1,0,BLM
EoRdE6,EoRdE6,2,1,0,10933,0.002762177,2.68E-07,0.000532728,45,0.022613065,5,0.002512563,40,0.020100503,75,9,66,0.000236659,BLM
Erinarrow,Erinarrow,1,1,NA,0,0,2.52E-07,0.00050226,1,0.000502513,1,0.000502513,0,0,1,1,0,0,ebola
EternalNomad,EternalNomad,3,1,NA,0,0,2.52E-07,0.00050226,1,0.000502513,1,0.000502513,0,0,1,1,0,0,BLM
ExoSuho,ExoSuho,1,1,NA,0,0,2.52E-07,0.00050226,1,0.000502513,1,0.000502513,0,0,2,2,0,2.48E-06,ebola
F Camp,F Camp,2,1,0,66,1.67E-05,2.61E-07,0.000519437,2,0.001005025,1,0.000502513,1,0.000502513,3,1,2,4.05E-06,ebola
FACTSvsOPINION,FACTSvsOPINION,1,1,NA,0,0,2.52E-07,0.00050226,1,0.000502513,1,0.000502513,0,0,1,1,0,0,BLM
Fakecolepoland,Fakecolepoland,1,1,NA,0,0,2.52E-07,0.00050226,1,0.000502513,1,0.000502513,0,0,1,1,0,0,ebola
Fakih99,Fakih99,2,1,NA,0,0,2.52E-07,0.00050226,1,0.000502513,1,0.000502513,0,0,1,1,0,0.000195397,FIFA
Fatnard,Fatnard,1,1,0,512,0.000129355,3.39E-07,0.000674515,3,0.001507538,2,0.001005025,1,0.000502513,3,2,1,0,BLM
FCHulbenheim,FCHulbenheim,2,1,0,0,0,2.52E-07,0.00050226,6,0.003015075,6,0.003015075,0,0,7,7,0,0.00010988,FIFA
Fgauivfhrhgfighifdh,Fgauivfhrhgfighifdh,1,1,0,0,0,2.52E-07,0.00050226,2,0.001005025,2,0.001005025,0,0,2,2,0,0,ebola
Flyer500,Flyer500,3,1,0,3,7.58E-07,2.53E-07,0.000502512,5,0.002512563,4,0.00201005,1,0.000502513,13,9,4,0,ebola
Flystar125,Flystar125,2,1,0,1,2.53E-07,2.53E-07,0.000502513,2,0.001005025,1,0.000502513,1,0.000502513,2,1,1,0,FIFA
Football14fever,Football14fever,1,1,NA,0,0,2.52E-07,0.00050226,1,0.000502513,1,0.000502513,0,0,1,1,0,0,FIFA
FourViolas,FourViolas,3,1,0,1921,0.000485333,3.36E-07,0.000668193,15,0.007537688,4,0.00201005,11,0.005527638,27,9,18,0.001323273,BLM
FriarTuck1981,FriarTuck1981,2,1,0,0,0,2.52E-07,0.00050226,2,0.001005025,2,0.001005025,0,0,2,2,0,0.000195261,BLM
Frostayy,Frostayy,1,1,NA,0,0,2.52E-07,0.00050226,1,0.000502513,1,0.000502513,0,0,2,2,0,0,ebola
Frostnibble12343456,Frostnibble12343456,1,1,NA,0,0,2.52E-07,0.00050226,0,0,0,0,0,0,0,0,0,0,ebola
Ftbl2014,Ftbl2014,1,1,NA,0,0,2.52E-07,0.00050226,0,0,0,0,0,0,0,0,0,0,FIFA
Futeb00l,Futeb00l,2,1,NA,0,0,2.52E-07,0.00050226,0,0,0,0,0,0,0,0,0,0,FIFA
Gf95750,Gf95750,2,1,NA,0,0,2.52E-07,0.00050226,1,0.000502513,1,0.000502513,0,0,1,1,0,0.000195397,BLM
Gg3iii,Gg3iii,1,1,NA,0,0,2.52E-07,0.00050226,1,0.000502513,1,0.000502513,0,0,1,1,0,7.48E-08,BLM
Gggff555,Gggff555,1,1,NA,0,0,2.52E-07,0.00050226,1,0.000502513,1,0.000502513,0,0,2,2,0,0,ebola
GianDawal1234,GianDawal1234,2,1,NA,0,0,2.52E-07,0.00050226,1,0.000502513,1,0.000502513,0,0,2,2,0,0,ebola
GoLeor,GoLeor,2,1,NA,0,0,2.52E-07,0.00050226,1,0.000502513,1,0.000502513,0,0,1,1,0,0.000195397,BLM
Gonzales2011,Gonzales2011,1,1,NA,0,0,2.52E-07,0.00050226,1,0.000502513,1,0.000502513,0,0,1,1,0,0,ebola
Gorblestein,Gorblestein,1,1,NA,0,0,2.52E-07,0.00050226,1,0.000502513,1,0.000502513,0,0,1,1,0,5.17E-05,ebola
GraalPK,GraalPK,3,1,NA,0,0,2.52E-07,0.00050226,1,0.000502513,1,0.000502513,0,0,1,1,0,0,FIFA
GrecianEarn,GrecianEarn,3,1,NA,0,0,2.52E-07,0.00050226,1,0.000502513,1,0.000502513,0,0,1,1,0,0,BLM
Halahala9X9,Halahala9X9,1,1,NA,0,0,2.52E-07,0.00050226,1,0.000502513,1,0.000502513,0,0,1,1,0,0,BLM
Ham.star.01,Ham.star.01,1,1,NA,0,0,2.52E-07,0.00050226,1,0.000502513,1,0.000502513,0,0,1,1,0,0,ebola
Handsomewealth,Handsomewealth,1,1,NA,0,0,2.52E-07,0.00050226,1,0.000502513,1,0.000502513,0,0,1,1,0,1.12E-06,ebola
Harka1998,Harka1998,2,1,NA,0,0,2.52E-07,0.00050226,1,0.000502513,1,0.000502513,0,0,1,1,0,0,ebola
Hawkmoonb,Hawkmoonb,1,1,NA,0,0,2.52E-07,0.00050226,1,0.000502513,1,0.000502513,0,0,1,1,0,0,BLM
Hehoo99,Hehoo99,2,1,NA,0,0,2.52E-07,0.00050226,1,0.000502513,1,0.000502513,0,0,1,1,0,0,BLM
Hemlata0005,Hemlata0005,1,1,NA,0,0,2.52E-07,0.00050226,0,0,0,0,0,0,0,0,0,0,ebola
HMS88,HMS88,2,1,NA,0,0,2.52E-07,0.00050226,1,0.000502513,1,0.000502513,0,0,1,1,0,0,FIFA
Hobbes7,Hobbes7,2,1,0,0,0,2.52E-07,0.00050226,3,0.001507538,3,0.001507538,0,0,3,3,0,0.000195189,ebola
Homo mundi,Homo mundi,1,1,0,2,5.05E-07,2.53E-07,0.000502513,3,0.001507538,2,0.001005025,1,0.000502513,5,4,1,2.49E-06,FIFA
Iamchukzzy,Iamchukzzy,1,1,NA,0,0,2.52E-07,0.00050226,1,0.000502513,1,0.000502513,0,0,1,1,0,2.39E-07,ebola
Iazyges,Iazyges,3,1,NA,0,0,2.53E-07,0.000502512,1,0.000502513,0,0,1,0.000502513,2,0,2,0,BLM
Icarosaurvus,Icarosaurvus,2,1,0,8531,0.002155322,3.39E-07,0.000674739,7,0.003517588,3,0.001507538,4,0.00201005,14,5,9,0.000140966,BLM
Igor gdsgsdgifsscvu,Igor gdsgsdgifsscvu,1,1,NA,0,0,2.52E-07,0.00050226,0,0,0,0,0,0,0,0,0,0,ebola
Ija2002,Ija2002,1,1,NA,0,0,2.52E-07,0.00050226,1,0.000502513,1,0.000502513,0,0,1,1,0,0,ebola
Irishlad99,Irishlad99,1,1,NA,0,0,2.52E-07,0.00050226,1,0.000502513,1,0.000502513,0,0,1,1,0,0,ebola
Iron Caterpillar,Iron Caterpillar,3,1,NA,0,0,2.52E-07,0.00050226,0,0,0,0,0,0,0,0,0,0,ebola
IRVONBRABBS420BLAZE,IRVONBRABBS420BLAZE,1,1,NA,0,0,2.52E-07,0.00050226,1,0.000502513,1,0.000502513,0,0,1,1,0,0,ebola
IRW0,IRW0,2,1,0,42,1.06E-05,2.53E-07,0.000503777,11,0.005527638,7,0.003517588,4,0.00201005,21,13,8,0,ebola
Itzzz Michael,Itzzz Michael,1,1,NA,0,0,2.52E-07,0.00050226,0,0,0,0,0,0,0,0,0,0,FIFA
Iwalrusfriend,Iwalrusfriend,1,1,NA,0,0,2.52E-07,0.00050226,1,0.000502513,1,0.000502513,0,0,1,1,0,0,ebola
JafarFromAfar,JafarFromAfar,2,1,NA,0,0,2.52E-07,0.00050226,1,0.000502513,1,0.000502513,0,0,1,1,0,0,ebola
Jamesdean32,Jamesdean32,1,1,NA,0,0,2.52E-07,0.00050226,0,0,0,0,0,0,0,0,0,0,BLM
Jetsmoothin,Jetsmoothin,2,1,0,0,0,2.52E-07,0.00050226,3,0.001507538,3,0.001507538,0,0,4,4,0,0,ebola
Jhanae Kelly,Jhanae Kelly,1,1,NA,0,0,2.52E-07,0.00050226,1,0.000502513,1,0.000502513,0,0,1,1,0,0,ebola
Jimbob761,Jimbob761,2,1,NA,0,0,2.52E-07,0.00050226,1,0.000502513,1,0.000502513,0,0,1,1,0,0.000195397,BLM
Jimmywagtail01,Jimmywagtail01,2,1,NA,0,0,2.52E-07,0.00050226,1,0.000502513,1,0.000502513,0,0,1,1,0,0,ebola
Jimothyjones123,Jimothyjones123,1,1,NA,0,0,2.52E-07,0.00050226,0,0,0,0,0,0,0,0,0,0,ebola
JJHk2000,JJHk2000,2,1,0,0,0,2.53E-07,0.000502765,2,0.001005025,0,0,2,0.001005025,3,0,3,0,FIFA
JJMC89,JJMC89,2,1,0,301,7.60E-05,2.66E-07,0.000529096,103,0.051758794,3,0.001507538,100,0.050251256,131,3,128,4.21E-06,BLM
Josephp18810,Josephp18810,2,1,NA,0,0,2.52E-07,0.00050226,1,0.000502513,1,0.000502513,0,0,1,1,0,7.48E-08,BLM
Jrdrew102,Jrdrew102,1,1,NA,0,0,2.52E-07,0.00050226,0,0,0,0,0,0,0,0,0,0,BLM
Jsoik,Jsoik,1,1,NA,0,0,2.52E-07,0.00050226,1,0.000502513,1,0.000502513,0,0,1,1,0,0,ebola
JT2958,JT2958,3,1,NA,0,0,2.52E-07,0.00050226,1,0.000502513,1,0.000502513,0,0,1,1,0,0,BLM
Justice2001,Justice2001,1,1,NA,0,0,2.52E-07,0.00050226,1,0.000502513,1,0.000502513,0,0,1,1,0,0,BLM
JusticeForFreddieGray,JusticeForFreddieGray,1,1,0,5,1.26E-06,2.53E-07,0.000503523,3,0.001507538,2,0.001005025,1,0.000502513,6,5,1,0,BLM
Justincase1992,Justincase1992,2,1,0,0,0,2.52E-07,0.00050226,2,0.001005025,2,0.001005025,0,0,2,2,0,0,BLM
Kaizena,Kaizena,1,1,NA,0,0,2.52E-07,0.00050226,0,0,0,0,0,0,0,0,0,0,BLM
Kakers100,Kakers100,1,1,NA,0,0,2.52E-07,0.00050226,0,0,0,0,0,0,0,0,0,0,ebola
Kanye East1234,Kanye East1234,1,1,NA,0,0,2.52E-07,0.00050226,1,0.000502513,1,0.000502513,0,0,1,1,0,5.01E-08,ebola
Kapibara100,Kapibara100,3,1,NA,0,0,2.52E-07,0.00050226,0,0,0,0,0,0,0,0,0,0,ebola
KH-1,KH-1,2,1,0,78,1.97E-05,2.56E-07,0.000508897,21,0.010552764,3,0.001507538,18,0.009045226,51,14,37,0,BLM
Kieran P. Clark,Kieran P. Clark,2,1,0,98,2.48E-05,2.53E-07,0.000502513,3,0.001507538,2,0.001005025,1,0.000502513,4,3,1,2.10E-07,ebola
Kiwifist,Kiwifist,2,1,NA,0,0,2.52E-07,0.00050226,1,0.000502513,1,0.000502513,0,0,1,1,0,0.000195397,BLM
Kowl00n,Kowl00n,2,1,NA,0,0,2.52E-07,0.00050226,1,0.000502513,1,0.000502513,0,0,1,1,0,0,ebola
Krimsonquinn,Krimsonquinn,1,1,NA,0,0,2.52E-07,0.00050226,1,0.000502513,1,0.000502513,0,0,1,1,0,0,BLM
Kwaks321,Kwaks321,1,1,NA,0,0,2.52E-07,0.00050226,0,0,0,0,0,0,0,0,0,0,ebola
Kyle Lynch15,Kyle Lynch15,1,1,NA,0,0,2.52E-07,0.00050226,1,0.000502513,1,0.000502513,0,0,1,1,0,0,BLM
Landingdude13,Landingdude13,2,1,0,0,0,2.52E-07,0.00050226,2,0.001005025,2,0.001005025,0,0,2,2,0,0,FIFA
Laurel Wreath of Victors,Laurel Wreath of Victors,2,1,0,0,0,2.53E-07,0.000503018,3,0.001507538,0,0,3,0.001507538,3,0,3,0,BLM
Leo Bonilla,Leo Bonilla,3,1,NA,0,0,2.53E-07,0.000503524,1,0.000502513,0,0,1,0.000502513,1,0,1,0,BLM
LiciaLace,LiciaLace,1,1,NA,0,0,2.52E-07,0.00050226,1,0.000502513,1,0.000502513,0,0,1,1,0,0,BLM
Liverpool8765,Liverpool8765,2,1,NA,0,0,2.52E-07,0.00050226,1,0.000502513,1,0.000502513,0,0,2,2,0,0,FIFA
LLBeanBrother,LLBeanBrother,2,1,0,0,0,2.52E-07,0.00050226,4,0.00201005,4,0.00201005,0,0,8,8,0,0.000197249,ebola
Loudaboss,Loudaboss,1,1,0,0,0,2.52E-07,0.00050226,2,0.001005025,2,0.001005025,0,0,2,2,0,0,ebola
Lowkey40,Lowkey40,1,1,0,0,0,3.39E-07,0.000674172,2,0.001005025,1,0.000502513,1,0.000502513,2,1,1,0,BLM
Lucazinzula,Lucazinzula,2,1,NA,0,0,2.52E-07,0.00050226,0,0,0,0,0,0,0,0,0,0,ebola
LuckyLeftyy,LuckyLeftyy,2,1,NA,0,0,2.52E-07,0.00050226,0,0,0,0,0,0,0,0,0,0,BLM
MaddiKadafy,MaddiKadafy,3,1,NA,0,0,2.52E-07,0.00050226,1,0.000502513,1,0.000502513,0,0,1,1,0,0,BLM
Madoti mojeed,Madoti mojeed,3,1,0,0,0,2.52E-07,0.00050226,3,0.001507538,3,0.001507538,0,0,3,3,0,0,FIFA
Mahhon,Mahhon,2,1,NA,0,0,2.52E-07,0.00050226,1,0.000502513,1,0.000502513,0,0,1,1,0,0,ebola
ManiiMACK,ManiiMACK,1,1,NA,0,0,2.52E-07,0.00050226,0,0,0,0,0,0,0,0,0,0,BLM
Mariocarioca22,Mariocarioca22,1,1,NA,0,0,2.52E-07,0.00050226,1,0.000502513,1,0.000502513,0,0,2,2,0,0,FIFA
MarkBM,MarkBM,3,1,0,60,1.52E-05,2.53E-07,0.000504029,8,0.004020101,5,0.002512563,3,0.001507538,16,8,8,0,FIFA
Masterfrac,Masterfrac,2,1,NA,0,0,2.52E-07,0.00050226,1,0.000502513,1,0.000502513,0,0,3,3,0,0,BLM
Matthew898,Matthew898,2,1,NA,0,0,2.52E-07,0.00050226,1,0.000502513,1,0.000502513,0,0,1,1,0,1.78E-06,FIFA
Mattoeftering,Mattoeftering,1,1,0,0,0,2.52E-07,0.00050226,2,0.001005025,2,0.001005025,0,0,2,2,0,0,BLM
Mexanoh,Mexanoh,1,1,NA,0,0,2.52E-07,0.00050226,0,0,0,0,0,0,0,0,0,0,FIFA
Mikestrike,Mikestrike,1,1,NA,0,0,2.52E-07,0.00050226,0,0,0,0,0,0,0,0,0,0,FIFA
MissKatie89,MissKatie89,3,1,NA,0,0,2.52E-07,0.00050226,1,0.000502513,1,0.000502513,0,0,1,1,0,1.12E-06,ebola
Mpena12,Mpena12,2,1,0,0,0,2.52E-07,0.00050226,2,0.001005025,2,0.001005025,0,0,2,2,0,0,BLM
MPS1992,MPS1992,2,1,0,3,7.58E-07,2.53E-07,0.000503018,3,0.001507538,1,0.000502513,2,0.001005025,4,1,3,0,BLM
MrMohammed305,MrMohammed305,3,1,NA,0,0,2.53E-07,0.000502513,1,0.000502513,0,0,1,0.000502513,1,0,1,0,FIFA
Mrs.Maddys,Mrs.Maddys,1,1,NA,0,0,2.52E-07,0.00050226,1,0.000502513,1,0.000502513,0,0,2,2,0,0,ebola
Mtchief,Mtchief,1,1,NA,0,0,2.52E-07,0.00050226,1,0.000502513,1,0.000502513,0,0,1,1,0,0,ebola
Murilo12,Murilo12,1,1,NA,0,0,2.52E-07,0.00050226,0,0,0,0,0,0,0,0,0,0,ebola
Nauzemophonic,Nauzemophonic,1,1,NA,0,0,2.52E-07,0.00050226,0,0,0,0,0,0,0,0,0,0,ebola
NekoKatsun,NekoKatsun,3,1,0,504,0.000127334,3.37E-07,0.000671516,6,0.003015075,1,0.000502513,5,0.002512563,6,1,5,3.69E-05,BLM
Nelson Joel,Nelson Joel,1,1,NA,0,0,2.52E-07,0.00050226,1,0.000502513,1,0.000502513,0,0,1,1,0,0,ebola
NetworkOP,NetworkOP,3,1,0,6549,0.001654578,3.47E-07,0.000690154,55,0.027638191,13,0.006532663,42,0.021105528,94,37,57,0.006729013,ebola
NextGenSam619,NextGenSam619,2,1,0,0,0,2.52E-07,0.00050226,3,0.001507538,3,0.001507538,0,0,3,3,0,3.04E-05,FIFA
Nikzilla,Nikzilla,1,1,NA,0,0,2.52E-07,0.00050226,1,0.000502513,1,0.000502513,0,0,2,2,0,0,ebola
Nqemgray,Nqemgray,2,1,NA,0,0,2.52E-07,0.00050226,1,0.000502513,1,0.000502513,0,0,1,1,0,1.05E-05,FIFA
O.Stolz,O.Stolz,2,1,NA,0,0,2.52E-07,0.00050226,1,0.000502513,1,0.000502513,0,0,1,1,0,0,BLM
Oakhilljoseph,Oakhilljoseph,1,1,NA,0,0,2.52E-07,0.00050226,1,0.000502513,1,0.000502513,0,0,1,1,0,0,ebola
Ogmios78,Ogmios78,1,1,0,0,0,2.52E-07,0.00050226,2,0.001005025,2,0.001005025,0,0,3,3,0,0,BLM
Ogramzes,Ogramzes,2,1,NA,0,0,2.53E-07,0.000502513,1,0.000502513,0,0,1,0.000502513,1,0,1,0,FIFA
Oiyarbepsy,Oiyarbepsy,2,1,0,0,0,2.81E-07,0.000558933,152,0.07638191,0,0,152,0.07638191,195,0,195,3.90E-05,FIFA
Okymyo,Okymyo,3,1,NA,0,0,2.52E-07,0.00050226,0,0,0,0,0,0,0,0,0,0,ebola
OliviaEMcCheyne,OliviaEMcCheyne,2,1,NA,0,0,2.52E-07,0.00050226,1,0.000502513,1,0.000502513,0,0,1,1,0,0,BLM
Olympiads are best,Olympiads are best,2,1,0,0,0,2.53E-07,0.000503271,2,0.001005025,1,0.000502513,1,0.000502513,4,3,1,0,FIFA
OrganicEarth,OrganicEarth,2,1,0,144,3.64E-05,2.53E-07,0.00050403,28,0.014070352,21,0.010552764,7,0.003517588,70,47,23,0.00318418,BLM
Oskar Kopaczewski,Oskar Kopaczewski,2,1,0,6,1.52E-06,2.53E-07,0.000502765,5,0.002512563,4,0.00201005,1,0.000502513,7,5,2,0,FIFA
PewdsBro12,PewdsBro12,2,1,NA,0,0,2.52E-07,0.00050226,1,0.000502513,1,0.000502513,0,0,1,1,0,0,BLM
Pizzaguy232roundhouse,Pizzaguy232roundhouse,1,1,NA,0,0,2.52E-07,0.00050226,1,0.000502513,1,0.000502513,0,0,3,3,0,0,ebola
Polugap,Polugap,3,1,NA,0,0,2.52E-07,0.00050226,0,0,0,0,0,0,0,0,0,0,FIFA
Pookiebabie,Pookiebabie,2,1,NA,0,0,2.52E-07,0.00050226,1,0.000502513,1,0.000502513,0,0,1,1,0,0,ebola
Poseidon Nep,Poseidon Nep,1,1,0,0,0,2.52E-07,0.00050226,2,0.001005025,2,0.001005025,0,0,3,3,0,0,FIFA
Princessbananahammock,Princessbananahammock,1,1,NA,0,0,2.52E-07,0.00050226,0,0,0,0,0,0,0,0,0,0,ebola
Prinsgezinde,Prinsgezinde,3,1,0,33,8.34E-06,2.53E-07,0.000502513,10,0.005025126,9,0.004522613,1,0.000502513,21,20,1,3.99E-06,BLM
ProfessorLuka,ProfessorLuka,2,1,0,0,0,2.52E-07,0.00050226,2,0.001005025,2,0.001005025,0,0,2,2,0,1.84E-06,ebola
Proficuous,Proficuous,1,1,NA,0,0,2.52E-07,0.00050226,0,0,0,0,0,0,0,0,0,0,ebola
PuffinSoc,PuffinSoc,3,1,0,0,0,2.52E-07,0.00050226,2,0.001005025,2,0.001005025,0,0,3,3,0,0,ebola
Puppy9000,Puppy9000,2,1,0,0,0,2.52E-07,0.00050226,2,0.001005025,2,0.001005025,0,0,2,2,0,0.000195261,ebola
Pwfen,Pwfen,1,1,NA,0,0,2.52E-07,0.00050226,1,0.000502513,1,0.000502513,0,0,1,1,0,0,ebola
QuartzReload,QuartzReload,2,1,0,7367,0.001861242,2.62E-07,0.000521103,76,0.038190955,6,0.003015075,70,0.035175879,107,30,77,0.001362764,FIFA
Qzd,Qzd,2,1,0,1010,0.000255172,2.65E-07,0.000526592,103,0.051758794,11,0.005527638,92,0.046231156,110,12,98,0,BLM
Rachelwalexander,Rachelwalexander,3,1,NA,0,0,2.52E-07,0.00050226,1,0.000502513,1,0.000502513,0,0,3,3,0,0,ebola
Randomlettersinaspace,Randomlettersinaspace,1,1,NA,0,0,2.52E-07,0.00050226,1,0.000502513,1,0.000502513,0,0,1,1,0,0,BLM
RatRat,RatRat,2,1,0,7,1.77E-06,2.53E-07,0.000502513,7,0.003517588,6,0.003015075,1,0.000502513,8,7,1,0,BLM
RazorThunder,RazorThunder,2,1,NA,0,0,2.52E-07,0.00050226,0,0,0,0,0,0,0,0,0,0,FIFA
RealPyro,RealPyro,1,1,NA,0,0,2.52E-07,0.00050226,0,0,0,0,0,0,0,0,0,0,ebola
Realtruth4all,Realtruth4all,1,1,0,0,0,2.53E-07,0.000502513,2,0.001005025,1,0.000502513,1,0.000502513,2,1,1,0,BLM
RegistryKey,RegistryKey,2,1,0,3626,0.000916094,3.61E-07,0.000719269,100,0.050251256,6,0.003015075,94,0.047236181,124,8,116,6.25E-06,BLM
Rich4527,Rich4527,1,1,NA,0,0,2.52E-07,0.00050226,0,0,0,0,0,0,0,0,0,0,ebola
Rick13ellms,Rick13ellms,2,1,0,0,0,2.52E-07,0.00050226,2,0.001005025,2,0.001005025,0,0,4,4,0,0,FIFA
Ricola.joe,Ricola.joe,1,1,NA,0,0,2.52E-07,0.00050226,1,0.000502513,1,0.000502513,0,0,1,1,0,0.000195397,ebola
Rjryan94,Rjryan94,1,1,NA,0,0,2.52E-07,0.00050226,1,0.000502513,1,0.000502513,0,0,1,1,0,0,BLM
Rusavuk,Rusavuk,2,1,NA,0,0,2.52E-07,0.00050226,1,0.000502513,1,0.000502513,0,0,1,1,0,0.000195397,BLM
Russsdean,Russsdean,1,1,NA,0,0,2.52E-07,0.00050226,1,0.000502513,1,0.000502513,0,0,2,2,0,0,FIFA
Saeranv,Saeranv,3,1,NA,0,0,2.52E-07,0.00050226,1,0.000502513,1,0.000502513,0,0,1,1,0,0,BLM
Sage1982,Sage1982,2,1,NA,0,0,2.52E-07,0.00050226,1,0.000502513,1,0.000502513,0,0,1,1,0,0,BLM
Sam3026885,Sam3026885,1,1,NA,0,0,2.52E-07,0.00050226,1,0.000502513,1,0.000502513,0,0,2,2,0,0.000364792,ebola
SamanthaAnnesley,SamanthaAnnesley,1,1,NA,0,0,2.52E-07,0.00050226,1,0.000502513,1,0.000502513,0,0,1,1,0,0,BLM
SamuelOdinga,SamuelOdinga,2,1,0,0,0,2.52E-07,0.00050226,2,0.001005025,2,0.001005025,0,0,2,2,0,0,ebola
Sankhu01,Sankhu01,1,1,NA,0,0,2.52E-07,0.00050226,1,0.000502513,1,0.000502513,0,0,4,4,0,1.96E-06,FIFA
Sarahkooper,Sarahkooper,1,1,0,0,0,2.52E-07,0.00050226,2,0.001005025,2,0.001005025,0,0,2,2,0,1.75E-06,ebola
Satkara,Satkara,1,1,0,6185,0.001562614,3.36E-07,0.000668862,25,0.012562814,12,0.006030151,13,0.006532663,50,26,24,0.000448986,ebola
Sayfutri,Sayfutri,2,1,0,3,7.58E-07,2.53E-07,0.000502513,4,0.00201005,3,0.001507538,1,0.000502513,7,6,1,0,FIFA
Scorcher592,Scorcher592,1,1,0,0,0,2.52E-07,0.00050226,2,0.001005025,2,0.001005025,0,0,2,2,0,1.22E-06,ebola
Seardluin,Seardluin,1,1,NA,0,0,2.52E-07,0.00050226,1,0.000502513,1,0.000502513,0,0,2,2,0,0,FIFA
Sedlarczuk,Sedlarczuk,1,1,0,0,0,2.52E-07,0.00050226,2,0.001005025,2,0.001005025,0,0,2,2,0,0.000195261,ebola
Sethyre,Sethyre,3,1,0,8,2.02E-06,2.53E-07,0.000503271,6,0.003015075,2,0.001005025,4,0.00201005,7,2,5,0,BLM
Shadowvault,Shadowvault,3,1,0,113,2.85E-05,2.53E-07,0.000502513,5,0.002512563,4,0.00201005,1,0.000502513,7,6,1,0.000306847,ebola
Shakiratrackleb,Shakiratrackleb,2,1,NA,0,0,2.52E-07,0.00050226,1,0.000502513,1,0.000502513,0,0,2,2,0,0,FIFA
Shakiriwein,Shakiriwein,1,1,NA,0,0,2.52E-07,0.00050226,1,0.000502513,1,0.000502513,0,0,2,2,0,0,FIFA
Shastaman19,Shastaman19,1,1,NA,0,0,2.52E-07,0.00050226,1,0.000502513,1,0.000502513,0,0,1,1,0,4.80E-06,ebola
Shriram10,Shriram10,1,1,NA,0,0,2.52E-07,0.00050226,1,0.000502513,1,0.000502513,0,0,1,1,0,0,ebola
Siguy85,Siguy85,1,1,NA,0,0,2.52E-07,0.00050226,1,0.000502513,1,0.000502513,0,0,1,1,0,0,BLM
Sizzlingsteve669,Sizzlingsteve669,1,1,NA,0,0,2.52E-07,0.00050226,0,0,0,0,0,0,0,0,0,0,ebola
Skubydoo,Skubydoo,3,1,NA,0,0,2.52E-07,0.00050226,1,0.000502513,1,0.000502513,0,0,1,1,0,1.25E-05,BLM
Snd0,Snd0,2,1,NA,0,0,2.53E-07,0.000502513,1,0.000502513,0,0,1,0.000502513,1,0,1,0,ebola
Some of everything,Some of everything,2,1,0,1,2.53E-07,2.53E-07,0.000502512,2,0.001005025,1,0.000502513,1,0.000502513,4,1,3,0,BLM
Somuchstuffismeta,Somuchstuffismeta,1,1,0,0,0,2.52E-07,0.00050226,2,0.001005025,2,0.001005025,0,0,2,2,0,0,BLM
Stamboliyski,Stamboliyski,2,1,0,0,0,2.52E-07,0.00050226,2,0.001005025,2,0.001005025,0,0,3,3,0,0,BLM
Starstr,Starstr,1,1,0.03030303,6340,0.001601775,2.61E-07,0.000519164,12,0.006030151,9,0.004522613,3,0.001507538,44,40,4,0.000310812,ebola
StjJackson,StjJackson,1,1,NA,0,0,2.52E-07,0.00050226,1,0.000502513,1,0.000502513,0,0,1,1,0,0,BLM
Thankcleat,Thankcleat,2,1,NA,0,0,2.52E-07,0.00050226,1,0.000502513,1,0.000502513,0,0,1,1,0,0,ebola
The Replicator,The Replicator,1,1,NA,0,0,2.52E-07,0.00050226,0,0,0,0,0,0,0,0,0,0,FIFA
TheAGamer,TheAGamer,3,1,0,0,0,2.52E-07,0.00050226,2,0.001005025,2,0.001005025,0,0,6,6,0,0,FIFA
Theleo1234,Theleo1234,2,1,NA,0,0,2.52E-07,0.00050226,0,0,0,0,0,0,0,0,0,0,ebola
ThurstonHowell3rd,ThurstonHowell3rd,2,1,0,513,0.000129607,3.39E-07,0.00067451,2,0.001005025,1,0.000502513,1,0.000502513,3,1,2,0,BLM
Tiger7890,Tiger7890,3,1,0,20,5.05E-06,2.55E-07,0.000507353,15,0.007537688,1,0.000502513,14,0.007035176,26,2,24,0,BLM
Tiggahuhot,Tiggahuhot,1,1,NA,0,0,2.52E-07,0.00050226,1,0.000502513,1,0.000502513,0,0,1,1,0,0.000195397,BLM
Tjl2051,Tjl2051,2,1,0,476,0.000120259,2.53E-07,0.000503524,6,0.003015075,4,0.00201005,2,0.001005025,8,6,2,0.000196461,ebola
Tlpinto1,Tlpinto1,1,1,NA,0,0,2.52E-07,0.00050226,1,0.000502513,1,0.000502513,0,0,1,1,0,0,BLM
Toks3257,Toks3257,2,1,NA,0,0,2.52E-07,0.00050226,1,0.000502513,1,0.000502513,0,0,1,1,0,0.001264819,ebola
Tritzim,Tritzim,1,1,NA,0,0,2.52E-07,0.00050226,1,0.000502513,1,0.000502513,0,0,1,1,0,0.000195397,ebola
TwinTowers911,TwinTowers911,1,1,NA,0,0,2.52E-07,0.00050226,1,0.000502513,1,0.000502513,0,0,1,1,0,0,BLM
Ulubeyli,Ulubeyli,1,1,NA,0,0,2.52E-07,0.00050226,0,0,0,0,0,0,0,0,0,0,ebola
UnionJaren,UnionJaren,2,1,0,0,0,2.52E-07,0.00050226,2,0.001005025,2,0.001005025,0,0,3,3,0,0,BLM
Username041313,Username041313,1,1,NA,0,0,2.52E-07,0.00050226,1,0.000502513,1,0.000502513,0,0,1,1,0,0,BLM
Vanished user 9j34rnfjemnrjnasj4,Vanished user 9j34rnfjemnrjnasj4,2,1,0,65,1.64E-05,2.54E-07,0.00050556,16,0.008040201,5,0.002512563,11,0.005527638,30,14,16,2.42E-05,FIFA
Velojareal,Velojareal,2,1,NA,0,0,2.52E-07,0.00050226,0,0,0,0,0,0,0,0,0,0,BLM
VeNeMousKAT,VeNeMousKAT,2,1,0,2717,0.000686439,2.55E-07,0.000507868,37,0.018592965,17,0.008542714,20,0.010050251,86,39,47,0.000331966,BLM
W12345I,W12345I,1,1,NA,0,0,2.52E-07,0.00050226,0,0,0,0,0,0,0,0,0,0,ebola
Walifa Waqar,Walifa Waqar,2,1,NA,0,0,2.52E-07,0.00050226,1,0.000502513,1,0.000502513,0,0,1,1,0,0,ebola
We43ff21,We43ff21,3,1,0,0,0,2.53E-07,0.000502765,2,0.001005025,0,0,2,0.001005025,2,0,2,0,BLM
White Arabian Filly,White Arabian Filly,3,1,0,10151,0.002564608,3.36E-07,0.000668617,70,0.035175879,10,0.005025126,60,0.030150754,154,35,119,1,BLM
WickedTurth,WickedTurth,1,1,0,0,0,2.52E-07,0.00050226,2,0.001005025,2,0.001005025,0,0,4,4,0,0,BLM
Wikipedianeedseditting,Wikipedianeedseditting,1,1,NA,0,0,2.52E-07,0.00050226,1,0.000502513,1,0.000502513,0,0,1,1,0,0.000195397,ebola
Wikipedianorthernireland,Wikipedianorthernireland,2,1,NA,0,0,2.52E-07,0.00050226,1,0.000502513,1,0.000502513,0,0,1,1,0,0,ebola
Wikipuser777,Wikipuser777,2,1,0,126,3.18E-05,2.54E-07,0.000505816,21,0.010552764,7,0.003517588,14,0.007035176,34,11,23,0,BLM
WilleHelm,WilleHelm,2,1,NA,0,0,2.52E-07,0.00050226,0,0,0,0,0,0,0,0,0,0,ebola
WillSchenk,WillSchenk,2,1,NA,0,0,2.52E-07,0.00050226,0,0,0,0,0,0,0,0,0,0,BLM
WolverhmptonLad01,WolverhmptonLad01,2,1,NA,0,0,2.52E-07,0.00050226,0,0,0,0,0,0,0,0,0,0,ebola
Wrsa,Wrsa,3,1,NA,0,0,2.52E-07,0.00050226,1,0.000502513,1,0.000502513,0,0,2,2,0,2.03E-07,ebola
Wulframm Rolf,Wulframm Rolf,1,1,NA,0,0,2.52E-07,0.00050226,1,0.000502513,1,0.000502513,0,0,1,1,0,0,BLM
Wwhitbyiv,Wwhitbyiv,1,1,NA,0,0,2.52E-07,0.00050226,0,0,0,0,0,0,0,0,0,0,ebola
Wyqy,Wyqy,1,1,NA,0,0,2.52E-07,0.00050226,1,0.000502513,1,0.000502513,0,0,1,1,0,0,ebola
XavierItzm,XavierItzm,1,1,0,0,0,2.52E-07,0.00050226,2,0.001005025,2,0.001005025,0,0,2,2,0,0.000195261,BLM
Xqxf,Xqxf,1,1,0,873,0.00022056,2.54E-07,0.00050454,14,0.007035176,5,0.002512563,9,0.004522613,28,14,14,0.000246882,ebola
Xxxebloadubnusxxx,Xxxebloadubnusxxx,1,1,NA,0,0,2.52E-07,0.00050226,1,0.000502513,1,0.000502513,0,0,1,1,0,0,ebola
Yellow Dingo,Yellow Dingo,3,1,0,195,4.93E-05,2.59E-07,0.000514905,13,0.006532663,4,0.00201005,9,0.004522613,21,6,15,2.15E-05,ebola
Yessy1205,Yessy1205,1,1,0,12,3.03E-06,2.53E-07,0.000502512,3,0.001507538,2,0.001005025,1,0.000502513,7,4,3,0,FIFA
Yogo770,Yogo770,1,1,0,1,2.53E-07,2.53E-07,0.000502513,2,0.001005025,1,0.000502513,1,0.000502513,2,1,1,0,ebola
Youareagrt,Youareagrt,2,1,0,0,0,2.52E-07,0.00050226,2,0.001005025,2,0.001005025,0,0,2,2,0,0,BLM
Zexcoiler Kingbolt,Zexcoiler Kingbolt,1,1,NA,0,0,2.52E-07,0.00050226,1,0.000502513,1,0.000502513,0,0,2,2,0,0.002798827,BLM
09flower,09flower,1,1,NA,0,0,2.52E-07,0.00050226,0,0,0,0,0,0,0,0,0,0,ebola
2manyJimmiesRustled,2manyJimmiesRustled,1,1,NA,0,0,2.52E-07,0.00050226,0,0,0,0,0,0,0,0,0,0,ebola
3!13,3!13,1,1,NA,0,0,2.52E-07,0.00050226,0,0,0,0,0,0,0,0,0,0,ebola
Abcdefghijklmnopqrstuvwxyz12345678910111,Abcdefghijklmnopqrstuvwxyz12345678910111,1,1,NA,0,0,2.52E-07,0.00050226,0,0,0,0,0,0,0,0,0,0,ebola
Afk3004,Afk3004,1,1,NA,0,0,2.52E-07,0.00050226,0,0,0,0,0,0,0,0,0,0,ebola
Agiufurta,Agiufurta,2,1,NA,0,0,2.52E-07,0.00050226,0,0,0,0,0,0,0,0,0,0,ebola
Alvisprabhu1,Alvisprabhu1,1,1,NA,0,0,2.52E-07,0.00050226,0,0,0,0,0,0,0,0,0,0,ebola
Anthony112358,Anthony112358,1,1,NA,0,0,2.52E-07,0.00050226,0,0,0,0,0,0,0,0,0,0,ebola
Apox 24,Apox 24,1,1,NA,0,0,2.52E-07,0.00050226,0,0,0,0,0,0,0,0,0,0,ebola
Bhavinderrao9,Bhavinderrao9,1,1,NA,0,0,2.52E-07,0.00050226,0,0,0,0,0,0,0,0,0,0,ebola
Calthaus,Calthaus,1,1,NA,0,0,2.52E-07,0.00050226,0,0,0,0,0,0,0,0,0,0,ebola
Chibike94,Chibike94,1,1,NA,0,0,2.52E-07,0.00050226,0,0,0,0,0,0,0,0,0,0,ebola
Chizzy92,Chizzy92,1,1,NA,0,0,2.52E-07,0.00050226,0,0,0,0,0,0,0,0,0,0,ebola
Deangelohnynjyjyj,Deangelohnynjyjyj,1,1,NA,0,0,2.52E-07,0.00050226,0,0,0,0,0,0,0,0,0,0,ebola
Doc Ayomide,Doc Ayomide,1,1,NA,0,0,2.52E-07,0.00050226,0,0,0,0,0,0,0,0,0,0,ebola
Doctorjokes,Doctorjokes,1,1,NA,0,0,2.52E-07,0.00050226,0,0,0,0,0,0,0,0,0,0,ebola
DoubleDr,DoubleDr,2,1,NA,0,0,2.52E-07,0.00050226,0,0,0,0,0,0,0,0,0,0,ebola
Dr.Oberd,Dr.Oberd,1,1,NA,0,0,2.52E-07,0.00050226,0,0,0,0,0,0,0,0,0,0,ebola
DuckMan23,DuckMan23,1,1,NA,0,0,2.52E-07,0.00050226,0,0,0,0,0,0,0,0,0,0,ebola
Dylang010,Dylang010,1,1,NA,0,0,2.52E-07,0.00050226,0,0,0,0,0,0,0,0,0,0,ebola
Ebola guy,Ebola guy,1,1,NA,0,0,2.52E-07,0.00050226,0,0,0,0,0,0,0,0,0,0,ebola
Enhickman,Enhickman,1,1,NA,0,0,2.52E-07,0.00050226,0,0,0,0,0,0,0,0,0,0,ebola
Excetor,Excetor,1,1,NA,0,0,2.52E-07,0.00050226,0,0,0,0,0,0,0,0,0,0,ebola
Goalieboss,Goalieboss,1,1,NA,0,0,2.52E-07,0.00050226,0,0,0,0,0,0,0,0,0,0,ebola
Goaliegirl133,Goaliegirl133,1,1,NA,0,0,2.52E-07,0.00050226,0,0,0,0,0,0,0,0,0,0,ebola
Harrismark,Harrismark,2,1,NA,0,0,2.52E-07,0.00050226,0,0,0,0,0,0,0,0,0,0,ebola
Homomnius,Homomnius,1,1,NA,0,0,2.52E-07,0.00050226,0,0,0,0,0,0,0,0,0,0,ebola
Hrrael,Hrrael,1,1,NA,0,0,2.52E-07,0.00050226,0,0,0,0,0,0,0,0,0,0,ebola
Inemudom,Inemudom,1,1,NA,0,0,2.52E-07,0.00050226,0,0,0,0,0,0,0,0,0,0,ebola
Jaxst99,Jaxst99,1,1,NA,0,0,2.52E-07,0.00050226,0,0,0,0,0,0,0,0,0,0,ebola
Jjayy138,Jjayy138,3,1,NA,0,0,2.52E-07,0.00050226,0,0,0,0,0,0,0,0,0,0,ebola
Jlrubin,Jlrubin,1,1,NA,0,0,2.52E-07,0.00050226,0,0,0,0,0,0,0,0,0,0,ebola
John Milton Nagel,John Milton Nagel,1,1,NA,0,0,2.52E-07,0.00050226,0,0,0,0,0,0,0,0,0,0,ebola
Kachiokeke12,Kachiokeke12,1,1,NA,0,0,2.52E-07,0.00050226,0,0,0,0,0,0,0,0,0,0,ebola
Kravinec,Kravinec,1,1,NA,0,0,2.52E-07,0.00050226,0,0,0,0,0,0,0,0,0,0,ebola
Krisdan55,Krisdan55,1,1,NA,0,0,2.52E-07,0.00050226,0,0,0,0,0,0,0,0,0,0,ebola
Kwbeie12,Kwbeie12,1,1,NA,0,0,2.52E-07,0.00050226,0,0,0,0,0,0,0,0,0,0,ebola
Lashantae3,Lashantae3,1,1,NA,0,0,2.52E-07,0.00050226,0,0,0,0,0,0,0,0,0,0,ebola
Lifebiomedguru,Lifebiomedguru,3,1,NA,0,0,2.52E-07,0.00050226,0,0,0,0,0,0,0,0,0,0,ebola
Lilnelson1234,Lilnelson1234,1,1,NA,0,0,2.52E-07,0.00050226,0,0,0,0,0,0,0,0,0,0,ebola
M.dajohnna,M.dajohnna,1,1,NA,0,0,2.52E-07,0.00050226,0,0,0,0,0,0,0,0,0,0,ebola
Mariquilla1988,Mariquilla1988,3,1,NA,0,0,2.52E-07,0.00050226,0,0,0,0,0,0,0,0,0,0,ebola
Mattswag5603,Mattswag5603,1,1,NA,0,0,2.52E-07,0.00050226,0,0,0,0,0,0,0,0,0,0,ebola
Mejesik,Mejesik,2,1,NA,0,0,2.52E-07,0.00050226,0,0,0,0,0,0,0,0,0,0,ebola
Michael hunter,Michael hunter,2,1,NA,0,0,2.52E-07,0.00050226,0,0,0,0,0,0,0,0,0,0,ebola
Mj3322,Mj3322,1,1,NA,0,0,2.52E-07,0.00050226,0,0,0,0,0,0,0,0,0,0,ebola
MrAtifAyub,MrAtifAyub,1,1,NA,0,0,2.52E-07,0.00050226,0,0,0,0,0,0,0,0,0,0,ebola
MrHassanSan,MrHassanSan,1,1,NA,0,0,2.52E-07,0.00050226,0,0,0,0,0,0,0,0,0,0,ebola
Mucky Poo,Mucky Poo,1,1,NA,0,0,2.52E-07,0.00050226,0,0,0,0,0,0,0,0,0,0,ebola
Omelly97,Omelly97,1,1,NA,0,0,2.52E-07,0.00050226,0,0,0,0,0,0,0,0,0,0,ebola
Omodeletobi,Omodeletobi,1,1,NA,0,0,2.52E-07,0.00050226,0,0,0,0,0,0,0,0,0,0,ebola
Ooopps,Ooopps,1,1,NA,0,0,2.52E-07,0.00050226,0,0,0,0,0,0,0,0,0,0,ebola
Prisoner326,Prisoner326,1,1,NA,0,0,2.52E-07,0.00050226,0,0,0,0,0,0,0,0,0,0,ebola
Rochoa2,Rochoa2,1,1,NA,0,0,2.52E-07,0.00050226,0,0,0,0,0,0,0,0,0,0,ebola
Saricmu,Saricmu,2,1,NA,0,0,2.52E-07,0.00050226,0,0,0,0,0,0,0,0,0,0,ebola
Scoottz,Scoottz,1,1,NA,0,0,2.52E-07,0.00050226,0,0,0,0,0,0,0,0,0,0,ebola
Scotch93,Scotch93,1,1,NA,0,0,2.52E-07,0.00050226,0,0,0,0,0,0,0,0,0,0,ebola
Sirgrossgergeofficial,Sirgrossgergeofficial,1,1,NA,0,0,2.52E-07,0.00050226,0,0,0,0,0,0,0,0,0,0,ebola
Swukus,Swukus,1,1,NA,0,0,2.52E-07,0.00050226,0,0,0,0,0,0,0,0,0,0,ebola
Tbnaff,Tbnaff,1,1,NA,0,0,2.52E-07,0.00050226,0,0,0,0,0,0,0,0,0,0,ebola
Wa71la,Wa71la,1,1,NA,0,0,2.52E-07,0.00050226,0,0,0,0,0,0,0,0,0,0,ebola
Wikimaster2525,Wikimaster2525,1,1,NA,0,0,2.52E-07,0.00050226,0,0,0,0,0,0,0,0,0,0,ebola
Wikiwang8,Wikiwang8,2,1,NA,0,0,2.52E-07,0.00050226,0,0,0,0,0,0,0,0,0,0,ebola
2014:f.ace,2014:f.ace,2,1,NA,0,0,2.52E-07,0.00050226,0,0,0,0,0,0,0,0,0,0,ebola
Swaggyswig,Swaggyswig,2,1,NA,0,0,2.52E-07,0.00050226,0,0,0,0,0,0,0,0,0,0,ebola
VeniVidiVici476,VeniVidiVici476,1,1,NA,0,0,2.52E-07,0.00050226,0,0,0,0,0,0,0,0,0,0,ebola
Wikimarcel2002,Wikimarcel2002,1,1,NA,0,0,2.52E-07,0.00050226,0,0,0,0,0,0,0,0,0,0,ebola
Wikitesh Thapa,Wikitesh Thapa,2,1,NA,0,0,2.52E-07,0.00050226,0,0,0,0,0,0,0,0,0,0,ebola
42Q7,42Q7,1,1,NA,0,0,2.52E-07,0.00050226,0,0,0,0,0,0,0,0,0,0,FIFA
A5176868,A5176868,1,1,NA,0,0,2.52E-07,0.00050226,0,0,0,0,0,0,0,0,0,0,FIFA
Acaddoc,Acaddoc,2,1,NA,0,0,2.52E-07,0.00050226,0,0,0,0,0,0,0,0,0,0,FIFA
Adrian-re14,Adrian-re14,1,1,NA,0,0,2.52E-07,0.00050226,0,0,0,0,0,0,0,0,0,0,FIFA
Adrien Glauser,Adrien Glauser,1,1,NA,0,0,2.52E-07,0.00050226,0,0,0,0,0,0,0,0,0,0,FIFA
Agent0047,Agent0047,2,1,NA,0,0,2.52E-07,0.00050226,0,0,0,0,0,0,0,0,0,0,FIFA
Alikaraji78,Alikaraji78,2,1,NA,0,0,2.52E-07,0.00050226,0,0,0,0,0,0,0,0,0,0,FIFA
Anuragpai123,Anuragpai123,2,1,NA,0,0,2.52E-07,0.00050226,0,0,0,0,0,0,0,0,0,0,FIFA
Ariq maul,Ariq maul,1,1,NA,0,0,2.52E-07,0.00050226,0,0,0,0,0,0,0,0,0,0,FIFA
Arsalan a.gh,Arsalan a.gh,1,1,NA,0,0,2.52E-07,0.00050226,0,0,0,0,0,0,0,0,0,0,FIFA
Ashish kumar sharma99,Ashish kumar sharma99,1,1,NA,0,0,2.52E-07,0.00050226,0,0,0,0,0,0,0,0,0,0,FIFA
Ashu-97,Ashu-97,1,1,NA,0,0,2.52E-07,0.00050226,0,0,0,0,0,0,0,0,0,0,FIFA
Bal Mungram,Bal Mungram,1,1,NA,0,0,2.52E-07,0.00050226,0,0,0,0,0,0,0,0,0,0,FIFA
Basefut,Basefut,2,1,NA,0,0,2.52E-07,0.00050226,0,0,0,0,0,0,0,0,0,0,FIFA
Benjaminherberger,Benjaminherberger,1,1,NA,0,0,2.52E-07,0.00050226,0,0,0,0,0,0,0,0,0,0,FIFA
BigFaCL,BigFaCL,1,1,NA,0,0,2.52E-07,0.00050226,0,0,0,0,0,0,0,0,0,0,FIFA
Chris2787,Chris2787,1,1,NA,0,0,2.52E-07,0.00050226,0,0,0,0,0,0,0,0,0,0,FIFA
Clinton30,Clinton30,2,1,NA,0,0,2.52E-07,0.00050226,0,0,0,0,0,0,0,0,0,0,FIFA
CynthiaAch,CynthiaAch,1,1,NA,0,0,2.52E-07,0.00050226,0,0,0,0,0,0,0,0,0,0,FIFA
Ek93,Ek93,1,1,NA,0,0,2.52E-07,0.00050226,0,0,0,0,0,0,0,0,0,0,FIFA
EvanWikiby,EvanWikiby,2,1,NA,0,0,2.52E-07,0.00050226,0,0,0,0,0,0,0,0,0,0,FIFA
Extraperson,Extraperson,1,1,NA,0,0,2.52E-07,0.00050226,0,0,0,0,0,0,0,0,0,0,FIFA
Feelerino,Feelerino,1,1,NA,0,0,2.52E-07,0.00050226,0,0,0,0,0,0,0,0,0,0,FIFA
Fgghhhjjjj,Fgghhhjjjj,1,1,NA,0,0,2.52E-07,0.00050226,0,0,0,0,0,0,0,0,0,0,FIFA
Frozenfire14,Frozenfire14,1,1,NA,0,0,2.52E-07,0.00050226,0,0,0,0,0,0,0,0,0,0,FIFA
Gabrielptavares,Gabrielptavares,1,1,NA,0,0,2.52E-07,0.00050226,0,0,0,0,0,0,0,0,0,0,FIFA
Ginothewall30,Ginothewall30,2,1,NA,0,0,2.52E-07,0.00050226,0,0,0,0,0,0,0,0,0,0,FIFA
Haaslk,Haaslk,1,1,NA,0,0,2.52E-07,0.00050226,0,0,0,0,0,0,0,0,0,0,FIFA
HamedV00,HamedV00,1,1,NA,0,0,2.52E-07,0.00050226,0,0,0,0,0,0,0,0,0,0,FIFA
Hejhej123hejhej,Hejhej123hejhej,1,1,NA,0,0,2.52E-07,0.00050226,0,0,0,0,0,0,0,0,0,0,FIFA
Hernanx32a,Hernanx32a,1,1,NA,0,0,2.52E-07,0.00050226,0,0,0,0,0,0,0,0,0,0,FIFA
Hmoshrif,Hmoshrif,1,1,NA,0,0,2.52E-07,0.00050226,0,0,0,0,0,0,0,0,0,0,FIFA
ILLWRECKYOU,ILLWRECKYOU,1,1,NA,0,0,2.52E-07,0.00050226,0,0,0,0,0,0,0,0,0,0,FIFA
Ishac.ishac,Ishac.ishac,1,1,NA,0,0,2.52E-07,0.00050226,0,0,0,0,0,0,0,0,0,0,FIFA
Jmvilla1509,Jmvilla1509,1,1,NA,0,0,2.52E-07,0.00050226,0,0,0,0,0,0,0,0,0,0,FIFA
Johnmirenda,Johnmirenda,2,1,NA,0,0,2.52E-07,0.00050226,0,0,0,0,0,0,0,0,0,0,FIFA
Jon Stakes,Jon Stakes,3,1,NA,0,0,2.52E-07,0.00050226,0,0,0,0,0,0,0,0,0,0,FIFA
Josephdavoudzadeh,Josephdavoudzadeh,1,1,NA,0,0,2.52E-07,0.00050226,0,0,0,0,0,0,0,0,0,0,FIFA
JupiterSaturnw,JupiterSaturnw,1,1,NA,0,0,2.52E-07,0.00050226,0,0,0,0,0,0,0,0,0,0,FIFA
Karamonas,Karamonas,1,1,NA,0,0,2.52E-07,0.00050226,0,0,0,0,0,0,0,0,0,0,FIFA
Luyg97,Luyg97,2,1,NA,0,0,2.52E-07,0.00050226,0,0,0,0,0,0,0,0,0,0,FIFA
Matosizi,Matosizi,1,1,NA,0,0,2.52E-07,0.00050226,0,0,0,0,0,0,0,0,0,0,FIFA
Mixo45,Mixo45,2,1,NA,0,0,2.52E-07,0.00050226,0,0,0,0,0,0,0,0,0,0,FIFA
Mohammad961,Mohammad961,1,1,NA,0,0,2.52E-07,0.00050226,0,0,0,0,0,0,0,0,0,0,FIFA
Mulderttt,Mulderttt,1,1,NA,0,0,2.52E-07,0.00050226,0,0,0,0,0,0,0,0,0,0,FIFA
Mundogamesvicioam,Mundogamesvicioam,1,1,NA,0,0,2.52E-07,0.00050226,0,0,0,0,0,0,0,0,0,0,FIFA
MusaSaleemPK,MusaSaleemPK,1,1,NA,0,0,2.52E-07,0.00050226,0,0,0,0,0,0,0,0,0,0,FIFA
OliwierEOB,OliwierEOB,1,1,NA,0,0,2.52E-07,0.00050226,0,0,0,0,0,0,0,0,0,0,FIFA
Omuhnate,Omuhnate,1,1,NA,0,0,2.52E-07,0.00050226,0,0,0,0,0,0,0,0,0,0,FIFA
Ooebbbbyyy,Ooebbbbyyy,1,1,NA,0,0,2.52E-07,0.00050226,0,0,0,0,0,0,0,0,0,0,FIFA
P4TG30RG13V,P4TG30RG13V,1,1,NA,0,0,2.52E-07,0.00050226,0,0,0,0,0,0,0,0,0,0,FIFA
Phoenix9630,Phoenix9630,1,1,NA,0,0,2.52E-07,0.00050226,0,0,0,0,0,0,0,0,0,0,FIFA
Pprika,Pprika,1,1,NA,0,0,2.52E-07,0.00050226,0,0,0,0,0,0,0,0,0,0,FIFA
Rajeshavaghela,Rajeshavaghela,1,1,NA,0,0,2.52E-07,0.00050226,0,0,0,0,0,0,0,0,0,0,FIFA
RapdosS,RapdosS,1,1,NA,0,0,2.52E-07,0.00050226,0,0,0,0,0,0,0,0,0,0,FIFA
Reyalfre,Reyalfre,1,1,NA,0,0,2.52E-07,0.00050226,0,0,0,0,0,0,0,0,0,0,FIFA
Rpdodds,Rpdodds,2,1,NA,0,0,2.52E-07,0.00050226,0,0,0,0,0,0,0,0,0,0,FIFA
SamSkulls,SamSkulls,1,1,NA,0,0,2.52E-07,0.00050226,0,0,0,0,0,0,0,0,0,0,FIFA
Samuelrowland,Samuelrowland,3,1,NA,0,0,2.52E-07,0.00050226,0,0,0,0,0,0,0,0,0,0,FIFA
Soccer addict980,Soccer addict980,1,1,NA,0,0,2.52E-07,0.00050226,0,0,0,0,0,0,0,0,0,0,FIFA
Sos edelbi23,Sos edelbi23,1,1,NA,0,0,2.52E-07,0.00050226,0,0,0,0,0,0,0,0,0,0,FIFA
Spanzi,Spanzi,1,1,NA,0,0,2.52E-07,0.00050226,0,0,0,0,0,0,0,0,0,0,FIFA
Superjonboy01,Superjonboy01,2,1,NA,0,0,2.52E-07,0.00050226,0,0,0,0,0,0,0,0,0,0,FIFA
TheMrKlWl,TheMrKlWl,1,1,NA,0,0,2.52E-07,0.00050226,0,0,0,0,0,0,0,0,0,0,FIFA
Tobyasds,Tobyasds,1,1,NA,0,0,2.52E-07,0.00050226,0,0,0,0,0,0,0,0,0,0,FIFA
Tuanminh01,Tuanminh01,3,1,NA,0,0,2.52E-07,0.00050226,0,0,0,0,0,0,0,0,0,0,FIFA
Vaselineeeeeeee,Vaselineeeeeeee,1,1,NA,0,0,2.52E-07,0.00050226,0,0,0,0,0,0,0,0,0,0,FIFA
Vicoskachaa,Vicoskachaa,1,1,NA,0,0,2.52E-07,0.00050226,0,0,0,0,0,0,0,0,0,0,FIFA
Vkhoury,Vkhoury,1,1,NA,0,0,2.52E-07,0.00050226,0,0,0,0,0,0,0,0,0,0,FIFA
Xboxy,Xboxy,1,1,NA,0,0,2.52E-07,0.00050226,0,0,0,0,0,0,0,0,0,0,FIFA
XcoIu,XcoIu,1,1,NA,0,0,2.52E-07,0.00050226,0,0,0,0,0,0,0,0,0,0,FIFA
Xstokenmen,Xstokenmen,1,1,NA,0,0,2.52E-07,0.00050226,0,0,0,0,0,0,0,0,0,0,FIFA
ADDCharlie,ADDCharlie,1,1,NA,0,0,2.52E-07,0.00050226,0,0,0,0,0,0,0,0,0,0,BLM
Admiller6,Admiller6,1,1,NA,0,0,2.52E-07,0.00050226,0,0,0,0,0,0,0,0,0,0,BLM
Akkckkc,Akkckkc,1,1,NA,0,0,2.52E-07,0.00050226,0,0,0,0,0,0,0,0,0,0,BLM
Anouyous151,Anouyous151,1,1,NA,0,0,2.52E-07,0.00050226,0,0,0,0,0,0,0,0,0,0,BLM
Asere3000,Asere3000,1,1,NA,0,0,2.52E-07,0.00050226,0,0,0,0,0,0,0,0,0,0,BLM
AutonomousOrangePages,AutonomousOrangePages,1,1,NA,0,0,2.52E-07,0.00050226,0,0,0,0,0,0,0,0,0,0,BLM
BadDJ,BadDJ,2,1,NA,0,0,2.52E-07,0.00050226,0,0,0,0,0,0,0,0,0,0,BLM
Bander.Quraishi,Bander.Quraishi,1,1,NA,0,0,2.52E-07,0.00050226,0,0,0,0,0,0,0,0,0,0,BLM
BatHunter,BatHunter,1,1,NA,0,0,2.52E-07,0.00050226,0,0,0,0,0,0,0,0,0,0,BLM
Bluemousered,Bluemousered,1,1,NA,0,0,2.52E-07,0.00050226,0,0,0,0,0,0,0,0,0,0,BLM
Blzjms,Blzjms,1,1,NA,0,0,2.52E-07,0.00050226,0,0,0,0,0,0,0,0,0,0,BLM
BoomChakaLakaBoom,BoomChakaLakaBoom,1,1,NA,0,0,2.52E-07,0.00050226,0,0,0,0,0,0,0,0,0,0,BLM
BoricuaBonita,BoricuaBonita,1,1,NA,0,0,2.52E-07,0.00050226,0,0,0,0,0,0,0,0,0,0,BLM
CalLightman1990,CalLightman1990,2,1,NA,0,0,2.52E-07,0.00050226,0,0,0,0,0,0,0,0,0,0,BLM
Daddy2d,Daddy2d,1,1,NA,0,0,2.52E-07,0.00050226,0,0,0,0,0,0,0,0,0,0,BLM
Dbonte35,Dbonte35,1,1,NA,0,0,2.52E-07,0.00050226,0,0,0,0,0,0,0,0,0,0,BLM
Dengg2,Dengg2,1,1,NA,0,0,2.52E-07,0.00050226,0,0,0,0,0,0,0,0,0,0,BLM
Douglas.j.chapman,Douglas.j.chapman,1,1,NA,0,0,2.52E-07,0.00050226,0,0,0,0,0,0,0,0,0,0,BLM
E10QZ,E10QZ,1,1,NA,0,0,2.52E-07,0.00050226,0,0,0,0,0,0,0,0,0,0,BLM
Ethanhuron,Ethanhuron,1,1,NA,0,0,2.52E-07,0.00050226,0,0,0,0,0,0,0,0,0,0,BLM
Everrreton,Everrreton,1,1,NA,0,0,2.52E-07,0.00050226,0,0,0,0,0,0,0,0,0,0,BLM
F8Rx,F8Rx,1,1,NA,0,0,2.52E-07,0.00050226,0,0,0,0,0,0,0,0,0,0,BLM
Gamerboi1,Gamerboi1,1,1,NA,0,0,2.52E-07,0.00050226,0,0,0,0,0,0,0,0,0,0,BLM
GrimaceMcDonald,GrimaceMcDonald,1,1,NA,0,0,2.52E-07,0.00050226,0,0,0,0,0,0,0,0,0,0,BLM
Impendingtruth,Impendingtruth,1,1,NA,0,0,2.52E-07,0.00050226,0,0,0,0,0,0,0,0,0,0,BLM
Jc21539,Jc21539,1,1,NA,0,0,2.52E-07,0.00050226,0,0,0,0,0,0,0,0,0,0,BLM
Jlightsky,Jlightsky,3,1,NA,0,0,2.52E-07,0.00050226,0,0,0,0,0,0,0,0,0,0,BLM
Joshephpeterson,Joshephpeterson,1,1,NA,0,0,2.52E-07,0.00050226,0,0,0,0,0,0,0,0,0,0,BLM
JustSmart14,JustSmart14,1,1,NA,0,0,2.52E-07,0.00050226,0,0,0,0,0,0,0,0,0,0,BLM
Kiwidwj,Kiwidwj,1,1,NA,0,0,2.52E-07,0.00050226,0,0,0,0,0,0,0,0,0,0,BLM
Kwoff,Kwoff,1,1,NA,0,0,2.52E-07,0.00050226,0,0,0,0,0,0,0,0,0,0,BLM
Kykydani,Kykydani,1,1,NA,0,0,2.52E-07,0.00050226,0,0,0,0,0,0,0,0,0,0,BLM
Legochima,Legochima,1,1,NA,0,0,2.52E-07,0.00050226,0,0,0,0,0,0,0,0,0,0,BLM
Lilhpster,Lilhpster,1,1,NA,0,0,2.52E-07,0.00050226,0,0,0,0,0,0,0,0,0,0,BLM
Mjay54,Mjay54,1,1,NA,0,0,2.52E-07,0.00050226,0,0,0,0,0,0,0,0,0,0,BLM
Mov283br3,Mov283br3,1,1,NA,0,0,2.52E-07,0.00050226,0,0,0,0,0,0,0,0,0,0,BLM
MyEditIsValid,MyEditIsValid,1,1,NA,0,0,2.52E-07,0.00050226,0,0,0,0,0,0,0,0,0,0,BLM
Nammage,Nammage,2,1,NA,0,0,2.52E-07,0.00050226,0,0,0,0,0,0,0,0,0,0,BLM
Necent,Necent,1,1,NA,0,0,2.52E-07,0.00050226,0,0,0,0,0,0,0,0,0,0,BLM
Niw1984,Niw1984,1,1,NA,0,0,2.52E-07,0.00050226,0,0,0,0,0,0,0,0,0,0,BLM
Pencilthebee,Pencilthebee,2,1,NA,0,0,2.52E-07,0.00050226,0,0,0,0,0,0,0,0,0,0,BLM
Profoundblkwmn,Profoundblkwmn,1,1,NA,0,0,2.52E-07,0.00050226,0,0,0,0,0,0,0,0,0,0,BLM
Rjlnjd,Rjlnjd,1,1,NA,0,0,2.52E-07,0.00050226,0,0,0,0,0,0,0,0,0,0,BLM
Rlincoln1986,Rlincoln1986,1,1,NA,0,0,2.52E-07,0.00050226,0,0,0,0,0,0,0,0,0,0,BLM
Rondo33,Rondo33,3,1,NA,0,0,2.52E-07,0.00050226,0,0,0,0,0,0,0,0,0,0,BLM
S3oody8,S3oody8,1,1,NA,0,0,2.52E-07,0.00050226,0,0,0,0,0,0,0,0,0,0,BLM
Sgt1988,Sgt1988,1,1,NA,0,0,2.52E-07,0.00050226,0,0,0,0,0,0,0,0,0,0,BLM
ShadowHawk555,ShadowHawk555,2,1,NA,0,0,2.52E-07,0.00050226,0,0,0,0,0,0,0,0,0,0,BLM
Silvrcraze,Silvrcraze,2,1,NA,0,0,2.52E-07,0.00050226,0,0,0,0,0,0,0,0,0,0,BLM
StealthyJoker85,StealthyJoker85,2,1,NA,0,0,2.52E-07,0.00050226,0,0,0,0,0,0,0,0,0,0,BLM
Sweglife,Sweglife,1,1,NA,0,0,2.52E-07,0.00050226,0,0,0,0,0,0,0,0,0,0,BLM
Teryuslimmy45,Teryuslimmy45,1,1,NA,0,0,2.52E-07,0.00050226,0,0,0,0,0,0,0,0,0,0,BLM
Trees are more important than people,Trees are more important than people,3,1,NA,0,0,2.52E-07,0.00050226,0,0,0,0,0,0,0,0,0,0,BLM
Ttextt,Ttextt,1,1,NA,0,0,2.52E-07,0.00050226,0,0,0,0,0,0,0,0,0,0,BLM
Veracity134,Veracity134,1,1,NA,0,0,2.52E-07,0.00050226,0,0,0,0,0,0,0,0,0,0,BLM
Walfin,Walfin,1,1,NA,0,0,2.52E-07,0.00050226,0,0,0,0,0,0,0,0,0,0,BLM
Walsh8157,Walsh8157,1,1,NA,0,0,2.52E-07,0.00050226,0,0,0,0,0,0,0,0,0,0,BLM
WebSurfer01,WebSurfer01,1,1,NA,0,0,2.52E-07,0.00050226,0,0,0,0,0,0,0,0,0,0,BLM
Wybulldog,Wybulldog,1,1,NA,0,0,2.52E-07,0.00050226,0,0,0,0,0,0,0,0,0,0,BLM
XxMorningXxXStarxX,XxMorningXxXStarxX,1,1,NA,0,0,2.52E-07,0.00050226,0,0,0,0,0,0,0,0,0,0,BLM
Yankeekid13,Yankeekid13,1,1,NA,0,0,2.52E-07,0.00050226,0,0,0,0,0,0,0,0,0,0,BLM
Yunghomiek,Yunghomiek,1,1,NA,0,0,2.52E-07,0.00050226,0,0,0,0,0,0,0,0,0,0,BLM
ZeFreightTrain,ZeFreightTrain,2,1,NA,0,0,2.52E-07,0.00050226,0,0,0,0,0,0,0,0,0,0,BLM