wpid,userid,time,death,newcomer_registyear,today,lastedit_tillend,last_censored,last_edit,event_newcomers,event,first_edit_type,first_edit_type3,first_eventedit_article,first_eventedit_date,registration,article_edits,article_sizediff,unique_articles
08limi,23213101,281,1,2014,8/26/15,778,10/12/17,8/26/15,1,Ebola,1,1,RVSV-ZEBOV vaccine,11/18/14,11/18/14,1.0,-6.0,1.0
09flower,23214516,0,1,2014,11/18/14,1059,10/12/17,11/18/14,1,Ebola,1,1,Responses to the West African Ebola virus epidemic,11/18/14,11/18/14,2.0,279.0,1.0
21 bruh,23252097,0,1,2014,11/21/14,1056,10/12/17,11/21/14,1,Ebola,1,1,Ebola virus disease,11/21/14,11/21/14,1.0,0.0,1.0
2manyJimmiesRustled,22044636,0,1,2014,8/4/14,1165,10/12/17,8/4/14,1,Ebola,1,1,Ebola virus disease,8/4/14,8/4/14,1.0,-3.0,1.0
3!13,22271024,998,1,2014,5/14/17,151,10/12/17,5/14/17,1,Ebola,1,1,West African Ebola virus epidemic,8/20/14,8/20/14,2.0,114.5,2.0
Aangell123,23430388,4,1,2014,12/12/14,1035,10/12/17,12/12/14,0,Ebola,2,2,West African Ebola virus epidemic,12/12/14,12/8/14,6.0,301.6666666666667,6.0
Abcdefghijklmnopqrstuvwxyz12345678910111,23172042,0,1,2014,11/14/14,1063,10/12/17,11/14/14,1,Ebola,1,1,Ebola virus cases in the United States,11/14/14,11/14/14,1.0,12.0,1.0
Abiyarajan77,22773833,382,1,2014,10/24/15,719,10/12/17,10/24/15,1,Ebola,1,1,West African Ebola virus epidemic,10/7/14,10/7/14,1.0,0.0,1.0
Afk3004,23010510,0,1,2014,10/29/14,1079,10/12/17,10/29/14,1,Ebola,1,1,West African Ebola virus epidemic,10/29/14,10/29/14,1.0,1.0,1.0
Agiufurta,22851142,615,1,2014,6/21/16,478,10/12/17,6/21/16,0,Ebola,2,2,Ebola virus cases in the United States,10/23/14,10/15/14,5.0,67.8,2.0
Ahavahisrael,22057934,78,1,2014,10/21/14,1087,10/12/17,10/21/14,0,Ebola,2,2,West African Ebola virus epidemic,8/4/14,8/4/14,21.0,291.95238095238096,17.0
Alvisprabhu1,22174142,0,1,2014,8/12/14,1157,10/12/17,8/12/14,1,Ebola,1,1,West African Ebola virus epidemic,8/12/14,8/12/14,1.0,0.0,1.0
Ammorain,22736357,328,1,2014,8/27/15,777,10/12/17,8/27/15,0,Ebola,2,2,Responses to the West African Ebola virus epidemic,10/3/14,10/3/14,40.0,501.925,11.0
AngelisDragon,23051129,1,1,2014,11/3/14,1074,10/12/17,11/3/14,1,Ebola,1,1,Ebola virus epidemic in Liberia,11/2/14,11/2/14,3.0,-22.333333333333332,2.0
Anthony112358,24732752,0,1,2015,4/11/15,915,10/12/17,4/11/15,1,Ebola,1,1,West African Ebola virus epidemic,4/11/15,4/11/15,1.0,0.0,1.0
Apox 24,22213692,0,1,2014,8/15/14,1154,10/12/17,8/15/14,1,Ebola,1,1,West African Ebola virus epidemic,8/15/14,8/15/14,2.0,-57.0,1.0
Aragornbattle,22806372,0,1,2014,10/10/14,1098,10/12/17,10/10/14,1,Ebola,1,1,West African Ebola virus epidemic,10/10/14,10/10/14,3.0,20.333333333333332,1.0
Asracing120,23254673,0,1,2014,11/22/14,1055,10/12/17,11/22/14,1,Ebola,1,1,Ebola virus disease,11/22/14,11/22/14,1.0,111.0,1.0
Assasin chan666,22822332,0,1,2014,10/12/14,1096,10/12/17,10/12/14,1,Ebola,1,1,West African Ebola virus epidemic,10/12/14,10/12/14,1.0,55.0,1.0
AuxZane,22488679,421,1,2014,11/5/15,707,10/12/17,11/5/15,0,Ebola,2,2,West African Ebola virus epidemic,10/15/14,9/10/14,18.0,3.2777777777777777,11.0
Bhavinderrao9,21896149,12,1,2014,8/4/14,1165,10/12/17,8/4/14,1,Ebola,1,1,Ebola virus disease,8/4/14,7/23/14,1.0,159.0,1.0
BookOfJahMez,22961808,0,1,2014,10/25/14,1083,10/12/17,10/25/14,1,Ebola,1,1,Ebola virus cases in the United States,10/25/14,10/25/14,1.0,2218.0,1.0
BrianGroen,22058183,657,1,2014,5/22/16,508,10/12/17,5/22/16,1,Ebola,1,1,West African Ebola virus epidemic,8/4/14,8/4/14,1374.0,51.17103347889374,16.0
CDC Latam,22210107,0,1,2014,8/15/14,1154,10/12/17,8/15/14,1,Ebola,1,1,West African Ebola virus epidemic,8/15/14,8/15/14,1.0,78.0,1.0
Calthaus,22394843,99,1,2014,12/9/14,1038,10/12/17,12/9/14,1,Ebola,1,1,West African Ebola virus epidemic,9/19/14,9/1/14,3.0,792.3333333333334,2.0
Car200,21926087,0,1,2014,7/26/14,1174,10/12/17,7/26/14,1,Ebola,1,1,West African Ebola virus epidemic,7/26/14,7/26/14,2.0,123.0,1.0
Carcake1999,22493912,36,1,2014,10/16/14,1092,10/12/17,10/16/14,0,Ebola,2,2,Ebola virus cases in the United States,10/8/14,9/10/14,149.0,9.416107382550335,93.0
Cfcgau,23042377,0,1,2014,11/2/14,1075,10/12/17,11/2/14,1,Ebola,1,1,West African Ebola virus epidemic,11/2/14,11/2/14,1.0,-7.0,1.0
Chaiso123,23399457,0,1,2014,12/6/14,1041,10/12/17,12/6/14,0,Ebola,2,2,West African Ebola virus epidemic,12/6/14,12/6/14,3.0,3.0,3.0
Chibike94,21970264,0,1,2014,7/31/14,1169,10/12/17,7/31/14,1,Ebola,1,1,Ebola virus disease,7/31/14,7/31/14,2.0,-3.0,1.0
Chizzy92,21965356,0,1,2014,7/30/14,1170,10/12/17,7/30/14,1,Ebola,1,1,Ebola virus disease,7/30/14,7/30/14,1.0,-13.0,1.0
Chyluchicago,22725398,24,1,2014,10/26/14,1082,10/12/17,10/26/14,0,Ebola,2,2,West African Ebola virus epidemic,10/26/14,10/2/14,5.0,83.0,2.0
Clinton227,23274467,0,1,2014,11/24/14,1053,10/12/17,11/24/14,1,Ebola,1,1,Ebola virus disease,11/24/14,11/24/14,1.0,-208.0,1.0
Coolguy1235,23142341,0,1,2014,11/11/14,1066,10/12/17,11/11/14,1,Ebola,1,1,Ebola virus,11/11/14,11/11/14,1.0,25.0,1.0
Daqueenonmypeen,23265487,0,1,2014,11/23/14,1054,10/12/17,11/23/14,1,Ebola,1,1,Ebola virus disease,11/23/14,11/23/14,2.0,-366.5,1.0
Deangelohnynjyjyj,22947010,0,1,2014,10/23/14,1085,10/12/17,10/23/14,1,Ebola,1,1,Ebola virus cases in the United States,10/23/14,10/23/14,1.0,-115.0,1.0
Doc Ayomide,21941077,11,1,2014,8/8/14,1161,10/12/17,8/8/14,1,Ebola,1,1,Ebola virus disease,7/28/14,7/28/14,2.0,-10.0,2.0
Doctorjokes,22166581,0,1,2014,8/11/14,1158,10/12/17,8/11/14,1,Ebola,1,1,West African Ebola virus epidemic,8/11/14,8/11/14,1.0,218.0,1.0
DomanicAssyrian,22951759,4,1,2014,10/28/14,1080,10/12/17,10/28/14,1,Ebola,4,3,West African Ebola virus epidemic,10/28/14,10/24/14,4.0,-6.75,1.0
DoubleDr,23868411,81,1,2015,4/13/15,913,10/12/17,4/13/15,0,Ebola,2,2,West African Ebola virus epidemic,2/17/15,1/22/15,15.0,497.8666666666667,12.0
Dr.Oberd,23509049,76,1,2014,3/2/15,955,10/12/17,3/2/15,1,Ebola,1,1,West African Ebola virus epidemic,12/16/14,12/16/14,4.0,290.0,3.0
DuckMan23,22079756,1,1,2014,8/6/14,1163,10/12/17,8/6/14,1,Ebola,1,1,West African Ebola virus epidemic,8/5/14,8/5/14,4.0,8.0,1.0
Dylang010,22011743,0,1,2014,8/2/14,1167,10/12/17,8/2/14,1,Ebola,1,1,Ebola virus disease,8/2/14,8/2/14,1.0,-2.0,1.0
Ebola guy,21959760,0,1,2014,7/30/14,1170,10/12/17,7/30/14,1,Ebola,1,1,User talk:Ebola guy,7/30/14,7/30/14,2.0,12.5,1.0
Editboyxxx999snipez,22764491,0,1,2014,10/6/14,1102,10/12/17,10/6/14,1,Ebola,1,1,Ebola virus,10/6/14,10/6/14,2.0,31.0,1.0
Emily1015,21730821,0,1,2014,6/30/14,1200,10/12/17,6/30/14,0,Ebola,2,2,Ebola virus disease,6/30/14,6/30/14,2.0,43.5,2.0
Enhickman,22523564,0,1,2014,9/13/14,1125,10/12/17,9/13/14,1,Ebola,1,1,West African Ebola virus epidemic,9/13/14,9/13/14,4.0,-121.5,1.0
EoRdE6,22581480,1120,0,2014,10/12/17,0,10/12/17,10/12/17,0,Ebola,2,2,Talk:Ebola virus cases in the United States,10/3/14,9/18/14,626.0,269.09584664536743,348.0
Erinarrow,25137754,872,0,2015,9/28/17,14,10/12/17,9/28/17,1,Ebola,1,1,Ebola virus epidemic in Liberia,5/10/15,5/10/15,1.0,-1199.0,1.0
Excetor,22525551,0,1,2014,9/13/14,1125,10/12/17,9/13/14,1,Ebola,1,1,West African Ebola virus epidemic,9/13/14,9/13/14,2.0,-109.5,1.0
ExoSuho,21844486,17,1,2014,8/2/14,1167,10/12/17,8/2/14,1,Ebola,1,1,Ebola virus disease,7/16/14,7/16/14,2.0,-46.0,1.0
F Camp,22126370,41,1,2014,9/18/14,1120,10/12/17,9/18/14,0,Ebola,2,2,West African Ebola virus epidemic,8/28/14,8/8/14,28.0,168.53571428571428,4.0
Fakecolepoland,22002453,0,1,2014,8/1/14,1168,10/12/17,8/1/14,1,Ebola,1,1,Ebola virus disease,8/1/14,8/1/14,1.0,21.0,1.0
Fgauivfhrhgfighifdh,25147706,0,1,2015,5/11/15,885,10/12/17,5/11/15,1,Ebola,1,1,Ebola virus epidemic in Liberia,5/11/15,5/11/15,3.0,22.0,1.0
FourViolas,22764313,1103,0,2014,10/13/17,-1,10/12/17,10/13/17,0,Ebola,3,3,West African Ebola virus epidemic,11/3/14,10/6/14,486.0,215.17078189300412,373.0
Frostayy,22799226,0,1,2014,10/9/14,1099,10/12/17,10/9/14,1,Ebola,1,1,West African Ebola virus epidemic,10/9/14,10/9/14,1.0,187.0,1.0
Frostnibble12343456,22940347,0,1,2014,10/23/14,1085,10/12/17,10/23/14,1,Ebola,1,1,West African Ebola virus epidemic,10/23/14,10/23/14,1.0,34.0,1.0
Gggff555,22857826,0,1,2014,10/15/14,1093,10/12/17,10/15/14,1,Ebola,1,1,Ebola virus cases in the United States,10/15/14,10/15/14,1.0,18.0,1.0
GianDawal1234,24169389,57,1,2015,4/17/15,909,10/12/17,4/17/15,0,Ebola,2,2,West African Ebola virus epidemic,2/22/15,2/19/15,68.0,16.58823529411765,33.0
Goalieboss,22827806,11,1,2014,10/23/14,1085,10/12/17,10/23/14,1,Ebola,1,1,West African Ebola virus epidemic,10/23/14,10/12/14,2.0,15.0,1.0
Goaliegirl133,23213899,0,1,2014,11/18/14,1059,10/12/17,11/18/14,1,Ebola,1,1,Ebola virus cases in the United States,11/18/14,11/18/14,1.0,0.0,1.0
Gonzales2011,21715655,0,1,2014,6/28/14,1202,10/12/17,6/28/14,1,Ebola,1,1,West African Ebola virus epidemic,6/28/14,6/28/14,2.0,64.5,1.0
Gorblestein,22800527,0,1,2014,10/10/14,1098,10/12/17,10/10/14,1,Ebola,1,1,West African Ebola virus epidemic,10/10/14,10/10/14,6.0,10.666666666666666,4.0
Ham.star.01,22812081,0,1,2014,10/11/14,1097,10/12/17,10/11/14,1,Ebola,1,1,West African Ebola virus epidemic,10/11/14,10/11/14,1.0,1.0,1.0
Handsomewealth,22568229,0,1,2014,9/17/14,1121,10/12/17,9/17/14,1,Ebola,1,1,Ebola virus,9/17/14,9/17/14,1.0,709.0,1.0
Harrismark,21938133,11,1,2014,8/7/14,1162,10/12/17,8/7/14,0,Ebola,2,2,Ebola virus disease,8/4/14,7/27/14,7.0,-8.0,6.0
Hemlata0005,22287630,0,1,2014,8/22/14,1147,10/12/17,8/22/14,1,Ebola,1,1,Ebola virus,8/22/14,8/22/14,1.0,37.0,1.0
Hobbes7,23076611,95,1,2014,2/8/15,977,10/12/17,2/8/15,0,Ebola,2,2,Ebola virus cases in the United States,11/15/14,11/5/14,21.0,281.1904761904762,11.0
Homomnius,21685326,0,1,2014,6/24/14,1206,10/12/17,6/24/14,1,Ebola,1,1,Ebola virus disease,6/24/14,6/24/14,2.0,21.5,1.0
Hrrael,22986945,0,1,2014,10/27/14,1081,10/12/17,10/27/14,1,Ebola,1,1,West African Ebola virus epidemic,10/27/14,10/27/14,1.0,788.0,1.0
IRVONBRABBS420BLAZE,23580979,0,1,2014,12/24/14,1023,10/12/17,12/24/14,1,Ebola,1,1,Ebola virus,12/24/14,12/24/14,3.0,144.66666666666666,2.0
Iamchukzzy,22781464,0,1,2014,10/8/14,1100,10/12/17,10/8/14,1,Ebola,1,1,West African Ebola virus epidemic,10/8/14,10/8/14,1.0,11.0,1.0
Igor gdsgsdgifsscvu,23732876,0,1,2015,1/9/15,1007,10/12/17,1/9/15,1,Ebola,1,1,Ebola virus,1/9/15,1/9/15,2.0,-1525.0,2.0
Ija2002,22732690,5,1,2014,10/8/14,1100,10/12/17,10/8/14,1,Ebola,1,1,West African Ebola virus epidemic,10/3/14,10/3/14,2.0,-1.0,1.0
Inemudom,21965466,0,1,2014,7/30/14,1170,10/12/17,7/30/14,1,Ebola,1,1,Ebola virus disease,7/30/14,7/30/14,1.0,159.0,1.0
Irishlad99,22216664,568,1,2014,3/5/16,586,10/12/17,3/5/16,1,Ebola,1,1,West African Ebola virus epidemic,8/15/14,8/15/14,5.0,382.4,3.0
Iron Caterpillar,22778720,6,1,2014,10/14/14,1094,10/12/17,10/14/14,1,Ebola,4,3,West African Ebola virus epidemic,10/14/14,10/8/14,1.0,10.0,1.0
Iwalrusfriend,23257101,0,1,2014,11/22/14,1055,10/12/17,11/22/14,1,Ebola,1,1,Ebola virus disease,11/22/14,11/22/14,1.0,-3.0,1.0
JafarFromAfar,23504924,0,1,2014,12/16/14,1031,10/12/17,12/16/14,0,Ebola,2,2,Ebola virus,12/16/14,12/16/14,2.0,27.0,2.0
Jaxst99,23060270,0,1,2014,11/3/14,1074,10/12/17,11/3/14,1,Ebola,1,1,West African Ebola virus epidemic,11/3/14,11/3/14,1.0,26.0,1.0
Jetsmoothin,22407763,29,1,2014,10/1/14,1107,10/12/17,10/1/14,0,Ebola,2,2,Ebola virus,10/1/14,9/2/14,7.0,29.0,4.0
Jhanae Kelly,22057832,0,1,2014,8/4/14,1165,10/12/17,8/4/14,1,Ebola,1,1,West African Ebola virus epidemic,8/4/14,8/4/14,1.0,-6.0,1.0
Jimothyjones123,22798829,0,1,2014,10/9/14,1099,10/12/17,10/9/14,1,Ebola,1,1,West African Ebola virus epidemic,10/9/14,10/9/14,1.0,31.0,1.0
Jjayy138,22411359,35,1,2014,10/7/14,1101,10/12/17,10/7/14,0,Ebola,4,3,West African Ebola virus epidemic,9/23/14,9/2/14,10.0,222.2,7.0
Jlrubin,22545397,1103,0,2014,9/22/17,20,10/12/17,9/22/17,1,Ebola,1,1,Talk:West African Ebola virus epidemic,10/18/14,9/15/14,4.0,-36.75,3.0
John Milton Nagel,22854370,0,1,2014,10/15/14,1093,10/12/17,10/15/14,1,Ebola,1,1,Ebola virus cases in the United States,10/15/14,10/15/14,2.0,147.5,1.0
Jsoik,23255479,0,1,2014,11/22/14,1055,10/12/17,11/22/14,1,Ebola,1,1,Ebola virus disease,11/22/14,11/22/14,1.0,199.0,1.0
Kachiokeke12,24242762,0,1,2015,2/25/15,960,10/12/17,2/25/15,1,Ebola,1,1,West African Ebola virus epidemic,2/25/15,2/25/15,1.0,19.0,1.0
Kakers100,22855597,13,1,2014,10/28/14,1080,10/12/17,10/28/14,1,Ebola,1,1,West African Ebola virus epidemic,10/28/14,10/15/14,1.0,28.0,1.0
Kanye East1234,24300299,0,1,2015,3/3/15,954,10/12/17,3/3/15,1,Ebola,1,1,Ebola virus,3/3/15,3/3/15,1.0,-4776.0,1.0
Kapibara100,24303793,821,1,2015,6/1/17,133,10/12/17,6/1/17,0,Ebola,4,3,Ebola virus cases in the United States,3/3/15,3/3/15,24.0,559.2083333333334,10.0
Kieran P. Clark,22986857,325,1,2014,9/17/15,756,10/12/17,9/17/15,0,Ebola,2,2,Ebola virus disease,11/7/14,10/27/14,32.0,765.125,17.0
Kowl00n,23237249,351,1,2014,11/6/15,706,10/12/17,11/6/15,0,Ebola,2,2,Responses to the West African Ebola virus epidemic,12/8/14,11/20/14,14.0,474.2857142857143,12.0
Kravinec,23170157,0,1,2014,11/13/14,1064,10/12/17,11/13/14,1,Ebola,1,1,Ebola virus cases in the United States,11/13/14,11/13/14,3.0,66.66666666666667,1.0
Krisdan55,22021075,0,1,2014,8/2/14,1167,10/12/17,8/2/14,1,Ebola,1,1,West African Ebola virus epidemic,8/2/14,8/2/14,2.0,129.5,1.0
Kwaks321,22942673,0,1,2014,10/23/14,1085,10/12/17,10/23/14,1,Ebola,1,1,Ebola virus cases in the United States,10/23/14,10/23/14,1.0,-107.0,1.0
Kwbeie12,23096918,0,1,2014,11/7/14,1070,10/12/17,11/7/14,1,Ebola,1,1,West African Ebola virus epidemic,11/7/14,11/7/14,1.0,29.0,1.0
LLBeanBrother,21634751,78,1,2014,9/3/14,1135,10/12/17,9/3/14,0,Ebola,2,2,West African Ebola virus epidemic,7/2/14,6/17/14,31.0,48.064516129032256,6.0
Lashantae3,22623851,16,1,2014,10/8/14,1100,10/12/17,10/8/14,1,Ebola,1,1,Ebola virus,10/8/14,9/22/14,1.0,-450.0,1.0
Lifebiomedguru,22147463,0,1,2014,8/10/14,1159,10/12/17,8/10/14,1,Ebola,4,3,Ebola virus,8/10/14,8/10/14,2.0,311.0,1.0
Lilnelson1234,23083653,6,1,2014,11/11/14,1066,10/12/17,11/11/14,1,Ebola,1,1,Ebola virus,11/11/14,11/5/14,1.0,38.0,1.0
Loudaboss,22778809,1,1,2014,10/9/14,1099,10/12/17,10/9/14,1,Ebola,1,1,West African Ebola virus epidemic,10/8/14,10/8/14,4.0,37.75,3.0
Lucazinzula,22121750,60,1,2014,10/7/14,1101,10/12/17,10/7/14,0,Ebola,2,2,Talk:Ebola virus disease,9/4/14,8/8/14,5.0,91.8,3.0
M.dajohnna,22747837,0,1,2014,10/5/14,1103,10/12/17,10/5/14,1,Ebola,1,1,Ebola virus,10/5/14,10/5/14,1.0,-15.0,1.0
Mahhon,25099877,79,1,2015,7/25/15,810,10/12/17,7/25/15,0,Ebola,2,2,Ebola virus epidemic in Liberia,5/15/15,5/7/15,119.0,54.64705882352941,84.0
Mariquilla1988,22491234,261,1,2014,5/29/15,867,10/12/17,5/29/15,1,Ebola,3,3,Ebola virus disease in Spain,10/9/14,9/10/14,12.0,37.0,8.0
Mattswag5603,24427364,0,1,2015,3/14/15,943,10/12/17,3/14/15,1,Ebola,1,1,Ebola virus cases in the United States,3/14/15,3/14/15,1.0,0.0,1.0
Mejesik,23054210,0,1,2014,11/3/14,1074,10/12/17,11/3/14,0,Ebola,2,2,West African Ebola virus epidemic,11/3/14,11/3/14,4.0,16.0,2.0
Michael hunter,22655301,5,1,2014,9/30/14,1108,10/12/17,9/30/14,0,Ebola,2,2,West African Ebola virus epidemic,9/30/14,9/25/14,18.0,22.88888888888889,9.0
MissKatie89,21641081,16,1,2014,7/4/14,1196,10/12/17,7/4/14,1,Ebola,3,3,Ebola virus disease,6/18/14,6/18/14,7.0,161.28571428571428,3.0
Mj3322,22828071,143,1,2014,3/4/15,953,10/12/17,3/4/15,1,Ebola,1,1,West African Ebola virus epidemic,10/13/14,10/12/14,4.0,-3.75,3.0
MrAtifAyub,23186517,28,1,2014,12/13/14,1034,10/12/17,12/13/14,1,Ebola,1,1,Ebola virus,12/13/14,11/15/14,2.0,3.0,1.0
MrHassanSan,22935515,5,1,2014,10/27/14,1081,10/12/17,10/27/14,1,Ebola,1,1,West African Ebola virus epidemic,10/22/14,10/22/14,3.0,95.33333333333333,1.0
Mrs.Maddys,23400956,0,1,2014,12/6/14,1041,10/12/17,12/6/14,1,Ebola,1,1,West African Ebola virus epidemic,12/6/14,12/6/14,1.0,13.0,1.0
Mtchief,21580764,11,1,2014,6/19/14,1211,10/12/17,6/19/14,1,Ebola,1,1,West African Ebola virus epidemic,6/8/14,6/8/14,3.0,130.33333333333334,1.0
Mucky Poo,22325480,39,1,2014,10/3/14,1105,10/12/17,10/3/14,1,Ebola,1,1,Ebola virus,8/25/14,8/25/14,4.0,452.75,1.0
Murilo12,22055388,0,1,2014,8/4/14,1165,10/12/17,8/4/14,1,Ebola,1,1,West African Ebola virus epidemic,8/4/14,8/4/14,2.0,-117.5,1.0
Nauzemophonic,22709814,0,1,2014,10/1/14,1107,10/12/17,10/1/14,1,Ebola,1,1,Ebola virus,10/1/14,10/1/14,1.0,30.0,1.0
Nelson Joel,23088697,0,1,2014,11/6/14,1071,10/12/17,11/6/14,1,Ebola,1,1,Ebola virus cases in the United States,11/6/14,11/6/14,2.0,0.0,1.0
NetworkOP,23595433,725,1,2014,12/20/16,296,10/12/17,12/20/16,0,Ebola,5,3,Ebola virus disease,1/1/15,12/26/14,126.0,204.15079365079364,60.0
Nikzilla,22439607,0,1,2014,9/5/14,1133,10/12/17,9/5/14,1,Ebola,1,1,West African Ebola virus epidemic,9/5/14,9/5/14,1.0,5.0,1.0
Oakhilljoseph,23010121,1,1,2014,10/30/14,1078,10/12/17,10/30/14,1,Ebola,1,1,West African Ebola virus epidemic,10/29/14,10/29/14,3.0,0.3333333333333333,1.0
Okymyo,22166916,505,1,2014,12/29/15,653,10/12/17,12/29/15,1,Ebola,3,3,Ebola virus,8/12/14,8/11/14,8.0,-82.375,3.0
Omelly97,21969174,0,1,2014,7/31/14,1169,10/12/17,7/31/14,1,Ebola,1,1,West African Ebola virus epidemic,7/31/14,7/31/14,2.0,28.5,1.0
Omodeletobi,21915112,0,1,2014,7/25/14,1175,10/12/17,7/25/14,1,Ebola,1,1,Ebola virus disease,7/25/14,7/25/14,1.0,0.0,1.0
Ooopps,22117632,0,1,2014,8/8/14,1161,10/12/17,8/8/14,1,Ebola,1,1,West African Ebola virus epidemic,8/8/14,8/8/14,1.0,6.0,1.0
Pizzaguy232roundhouse,23272223,0,1,2014,11/23/14,1054,10/12/17,11/23/14,1,Ebola,1,1,Ebola virus disease,11/23/14,11/23/14,2.0,-1.0,1.0
Pookiebabie,23331249,0,1,2014,11/29/14,1048,10/12/17,11/29/14,0,Ebola,2,2,West African Ebola virus epidemic,11/29/14,11/29/14,2.0,-3.5,2.0
Princessbananahammock,22097365,0,1,2014,8/7/14,1162,10/12/17,8/7/14,1,Ebola,1,1,Ebola virus,8/7/14,8/7/14,1.0,34.0,1.0
Prisoner326,22716753,62,1,2014,12/2/14,1045,10/12/17,12/2/14,1,Ebola,1,1,West African Ebola virus epidemic,10/1/14,10/1/14,12.0,-8.583333333333334,10.0
ProfessorLuka,24252134,4,1,2015,3/2/15,955,10/12/17,3/2/15,0,Ebola,2,2,Ebola virus cases in the United States,3/2/15,2/26/15,10.0,7.8,4.0
Proficuous,22988073,1,1,2014,10/28/14,1080,10/12/17,10/28/14,1,Ebola,1,1,West African Ebola virus epidemic,10/27/14,10/27/14,9.0,25.333333333333332,2.0
PuffinSoc,22572488,120,1,2014,1/15/15,1001,10/12/17,1/15/15,0,Ebola,4,3,West African Ebola virus epidemic,9/25/14,9/17/14,901.0,291.12652608213097,571.0
Puppy9000,22747637,958,1,2014,5/20/17,145,10/12/17,5/20/17,0,Ebola,2,2,List of Ebola outbreaks,10/6/14,10/5/14,87.0,38.298850574712645,48.0
Pwfen,23673468,931,1,2015,7/22/17,82,10/12/17,7/22/17,1,Ebola,1,1,West African Ebola virus epidemic timeline,1/3/15,1/3/15,3.0,325.3333333333333,2.0
RealPyro,21981816,0,1,2014,7/31/14,1169,10/12/17,7/31/14,1,Ebola,1,1,Ebola virus disease,7/31/14,7/31/14,1.0,21.0,1.0
RegistryKey,22632709,1105,0,2014,10/2/17,10,10/12/17,10/2/17,0,Ebola,2,2,West African Ebola virus epidemic,9/30/14,9/23/14,190.0,735.3947368421053,161.0
Rich4527,22741668,0,1,2014,10/4/14,1104,10/12/17,10/4/14,1,Ebola,1,1,West African Ebola virus epidemic,10/4/14,10/4/14,1.0,93.0,1.0
Ricola.joe,22981203,0,1,2014,10/27/14,1081,10/12/17,10/27/14,1,Ebola,1,1,Ebola virus cases in the United States,10/27/14,10/27/14,3.0,33.0,1.0
Rochoa2,22926347,0,1,2014,10/22/14,1086,10/12/17,10/22/14,1,Ebola,1,1,West African Ebola virus epidemic,10/22/14,10/22/14,3.0,109.0,1.0
Sam3026885,23721311,0,1,2015,1/8/15,1008,10/12/17,1/8/15,1,Ebola,1,1,Ebola virus,1/8/15,1/8/15,4.0,824.75,1.0
Sarahkooper,23520820,0,1,2014,12/18/14,1029,10/12/17,12/18/14,1,Ebola,1,1,West African Ebola virus epidemic,12/18/14,12/18/14,2.0,527.0,1.0
Saricmu,22035931,28,1,2014,8/31/14,1138,10/12/17,8/31/14,0,Ebola,2,2,Ebola virus,8/31/14,8/3/14,4.0,-1.5,3.0
Satkara,23049166,1031,1,2014,8/29/17,44,10/12/17,8/29/17,1,Ebola,1,1,Ebola virus disease in Mali,11/3/14,11/2/14,310.0,-64.16451612903226,54.0
Scoottz,22788329,19,1,2014,10/27/14,1081,10/12/17,10/27/14,1,Ebola,1,1,West African Ebola virus epidemic,10/22/14,10/8/14,2.0,294.0,1.0
Scorcher592,22209020,62,1,2014,10/16/14,1092,10/12/17,10/16/14,1,Ebola,1,1,West African Ebola virus epidemic,8/15/14,8/15/14,6.0,-21.833333333333332,4.0
Scotch93,22249977,0,1,2014,8/18/14,1151,10/12/17,8/18/14,1,Ebola,1,1,West African Ebola virus epidemic,8/18/14,8/18/14,1.0,29.0,1.0
Sedlarczuk,23003822,1,1,2014,10/30/14,1078,10/12/17,10/30/14,1,Ebola,1,1,West African Ebola virus epidemic,10/29/14,10/29/14,3.0,0.0,1.0
Shadowvault,23005758,86,1,2014,1/23/15,993,10/12/17,1/23/15,1,Ebola,3,3,West African Ebola virus epidemic,11/10/14,10/29/14,1.0,8.0,1.0
Shastaman19,22953194,0,1,2014,10/24/14,1084,10/12/17,10/24/14,1,Ebola,1,1,West African Ebola virus epidemic,10/24/14,10/24/14,1.0,2.0,1.0
Shriram10,22233382,3,1,2014,8/20/14,1149,10/12/17,8/20/14,1,Ebola,1,1,West African Ebola virus epidemic,8/20/14,8/17/14,1.0,18.0,1.0
Sirgrossgergeofficial,22064290,202,1,2014,2/23/15,962,10/12/17,2/23/15,1,Ebola,1,1,Ebola virus,8/5/14,8/5/14,2.0,144.5,1.0
Sizzlingsteve669,22143495,0,1,2014,8/10/14,1159,10/12/17,8/10/14,1,Ebola,1,1,Ebola virus,8/10/14,8/10/14,1.0,-3325.0,1.0
Starstr,22661304,129,1,2014,2/2/15,983,10/12/17,2/2/15,1,Ebola,1,1,West African Ebola virus epidemic,9/26/14,9/26/14,722.0,441.7825484764543,64.0
Swukus,21746033,0,1,2014,7/2/14,1198,10/12/17,7/2/14,1,Ebola,1,1,West African Ebola virus epidemic,7/2/14,7/2/14,4.0,220.5,1.0
Tbnaff,22853047,0,1,2014,10/15/14,1093,10/12/17,10/15/14,1,Ebola,1,1,Ebola virus cases in the United States,10/15/14,10/15/14,2.0,195.0,1.0
Thankcleat,22223958,14,1,2014,8/30/14,1139,10/12/17,8/30/14,0,Ebola,2,2,West African Ebola virus epidemic,8/16/14,8/16/14,80.0,-546.7625,13.0
Theleo1234,23847471,0,1,2015,1/20/15,996,10/12/17,1/20/15,0,Ebola,2,2,Ebola virus,1/20/15,1/20/15,2.0,-34.0,2.0
Tjl2051,21937009,845,1,2014,11/18/16,328,10/12/17,11/18/16,0,Ebola,2,2,West African Ebola virus epidemic,8/1/14,7/27/14,356.0,78.87359550561797,141.0
Toks3257,22354476,705,1,2014,8/2/16,436,10/12/17,8/2/16,0,Ebola,2,2,Ebola virus,8/28/14,8/28/14,42.0,19.666666666666668,22.0
Tritzim,23051773,748,1,2014,11/20/16,326,10/12/17,11/20/16,1,Ebola,1,1,Ebola virus epidemic in Liberia,11/3/14,11/3/14,3.0,60.666666666666664,2.0
Ulubeyli,22139134,161,1,2014,1/17/15,999,10/12/17,1/17/15,1,Ebola,1,1,Ebola virus,8/9/14,8/9/14,6.0,110.0,6.0
VeNeMousKAT,22008334,986,1,2014,4/14/17,181,10/12/17,4/14/17,0,Ebola,2,2,Ebola virus,8/24/14,8/2/14,237.0,903.9240506329114,189.0
W12345I,23151077,0,1,2014,11/12/14,1065,10/12/17,11/12/14,1,Ebola,1,1,West African Ebola virus epidemic timeline,11/12/14,11/12/14,8.0,75.0,1.0
Wa71la,22109672,0,1,2014,8/7/14,1162,10/12/17,8/7/14,1,Ebola,1,1,West African Ebola virus epidemic,8/7/14,8/7/14,2.0,49.0,1.0
Walifa Waqar,23483832,459,1,2014,3/17/16,574,10/12/17,3/17/16,0,Ebola,2,2,West African Ebola virus epidemic,12/14/14,12/14/14,14.0,83.14285714285714,8.0
Wikimaster2525,22708031,0,1,2014,9/30/14,1108,10/12/17,9/30/14,1,Ebola,1,1,West African Ebola virus epidemic,9/30/14,9/30/14,2.0,129.5,1.0
Wikipedianeedseditting,22675187,28,1,2014,10/25/14,1083,10/12/17,10/25/14,1,Ebola,1,1,West African Ebola virus epidemic,10/25/14,9/27/14,3.0,826.3333333333334,1.0
Wikipedianorthernireland,22857347,828,1,2014,1/20/17,265,10/12/17,1/20/17,0,Ebola,2,2,Ebola virus disease,11/12/14,10/15/14,12.0,0.25,9.0
Wikiwang8,23577638,31,1,2014,1/24/15,992,10/12/17,1/24/15,0,Ebola,2,2,Ebola virus epidemic in Guinea,1/24/15,12/24/14,6.0,37.666666666666664,3.0
WilleHelm,22634215,14,1,2014,10/7/14,1101,10/12/17,10/7/14,0,Ebola,2,2,West African Ebola virus epidemic,10/7/14,9/23/14,3.0,61.666666666666664,2.0
WolverhmptonLad01,25232934,391,1,2015,6/13/16,486,10/12/17,6/13/16,0,Ebola,2,2,West African Ebola virus epidemic,6/9/15,5/19/15,38.0,48.55263157894737,5.0
Wrsa,21960546,10,1,2014,8/9/14,1160,10/12/17,8/9/14,0,Ebola,4,3,Ebola virus disease,8/2/14,7/30/14,110.0,11.627272727272727,89.0
Wwhitbyiv,25245419,309,1,2015,3/24/16,567,10/12/17,3/24/16,1,Ebola,1,1,West African Ebola virus epidemic,5/20/15,5/20/15,17.0,86.05882352941177,3.0
Wyqy,22685997,0,1,2014,9/28/14,1110,10/12/17,9/28/14,1,Ebola,1,1,West African Ebola virus epidemic,9/28/14,9/28/14,1.0,148.0,1.0
XavierItzm,22888068,1090,0,2014,10/12/17,0,10/12/17,10/12/17,1,Ebola,1,1,West African Ebola virus epidemic timeline,10/19/14,10/18/14,119.0,315.2773109243698,17.0
Xqxf,22765172,17,1,2014,10/23/14,1085,10/12/17,10/23/14,1,Ebola,1,1,Ebola virus cases in the United States,10/6/14,10/6/14,461.0,23.13882863340564,63.0
Xxxebloadubnusxxx,23436940,0,1,2014,12/9/14,1038,10/12/17,12/9/14,1,Ebola,1,1,West African Ebola virus epidemic,12/9/14,12/9/14,1.0,24.0,1.0
Yellow Dingo,23215288,728,1,2014,11/15/16,331,10/12/17,11/15/16,0,Ebola,4,3,Ebola virus disease,11/23/14,11/18/14,122.0,504.1967213114754,80.0
Yogo770,23068686,263,1,2014,7/25/15,810,10/12/17,7/25/15,1,Ebola,1,1,West African Ebola virus epidemic,11/4/14,11/4/14,30.0,46.13333333333333,12.0
2014:f.ace,22329100,232,1,2014,4/14/15,912,10/12/17,4/14/15,0,Ebola,2,2,Ebola virus cases in the United States,10/12/14,8/25/14,31.0,164.19354838709677,12.0
Aparuthi,22646930,71,1,2014,12/5/14,1042,10/12/17,12/5/14,1,Ebola,4,3,Talk:Ebola virus cases in the United States,11/10/14,9/25/14,11.0,-461.09090909090907,1.0
Cbowman7289,22645352,483,1,2014,1/20/16,631,10/12/17,1/20/16,1,Ebola,4,3,Talk:Ebola virus cases in the United States,11/10/14,9/24/14,1.0,2335.0,1.0
Crogand3,22632556,71,1,2014,12/3/14,1044,10/12/17,12/3/14,1,Ebola,4,3,Talk:Ebola virus cases in the United States,11/11/14,9/23/14,2.0,0.5,1.0
Dunkleosteus77,24697189,918,0,2015,10/13/17,-1,10/12/17,10/13/17,0,Ebola,2,2,Ebola virus epidemic in Liberia,5/15/15,4/9/15,621.0,460.0032206119163,70.0
Flyer500,21853441,1161,0,2014,9/20/17,22,10/12/17,9/20/17,0,Ebola,3,3,West African Ebola virus epidemic,8/29/14,7/17/14,173.0,69.41618497109826,33.0
FriarTuck1981,22590519,1119,0,2014,10/12/17,0,10/12/17,10/12/17,0,Ebola,2,2,Ebola virus cases in the United States,10/25/14,9/19/14,341.0,573.9178885630498,137.0
Harka1998,22388250,671,1,2014,7/2/16,467,10/12/17,7/2/16,0,Ebola,2,2,West African Ebola virus epidemic,10/8/14,8/31/14,116.0,69.17241379310344,39.0
IRW0,22287343,46,1,2014,10/6/14,1102,10/12/17,10/6/14,0,Ebola,2,2,Ebola virus cases in the United States,10/2/14,8/21/14,298.0,-103.97986577181209,57.0
Jimmywagtail01,22487294,350,1,2014,8/25/15,779,10/12/17,8/25/15,0,Ebola,2,2,Ebola virus disease in Mali,10/29/14,9/9/14,124.0,391.6532258064516,50.0
Rachelwalexander,21664415,546,1,2014,12/19/15,663,10/12/17,12/19/15,0,Ebola,4,3,List of Ebola outbreaks,8/5/14,6/21/14,22.0,87.86363636363636,13.0
SamuelOdinga,22376301,51,1,2014,10/20/14,1088,10/12/17,10/20/14,0,Ebola,2,2,West African Ebola virus epidemic,10/8/14,8/30/14,79.0,36.45569620253165,58.0
Snd0,21602800,614,1,2014,2/16/16,604,10/12/17,2/16/16,0,Ebola,2,2,West African Ebola virus epidemic,7/28/14,6/12/14,26.0,215.96153846153845,6.0
Swaggyswig,22957991,45,1,2014,12/9/14,1038,10/12/17,12/9/14,0,Ebola,2,2,West African Ebola virus epidemic,12/9/14,10/25/14,2.0,9.5,2.0
VeniVidiVici476,22423485,357,1,2014,8/26/15,778,10/12/17,8/26/15,1,Ebola,1,1,West African Ebola virus epidemic,10/14/14,9/3/14,13.0,8.461538461538462,7.0
Wikimarcel2002,23824712,110,1,2015,5/8/15,888,10/12/17,5/8/15,1,Ebola,1,1,Ebola virus,3/6/15,1/18/15,5.0,29.4,2.0
Wikitesh Thapa,21711139,49,1,2014,8/16/14,1153,10/12/17,8/16/14,0,Ebola,2,2,West African Ebola virus epidemic,8/10/14,6/28/14,5.0,29.8,4.0
42Q7,21979093,1163,0,2014,10/6/17,8,10/14/17,10/6/17,1,FIFA,1,1,2010 FIFA World Cup qualification (inter-confederation play-offs),7/31/14,7/31/14,34.0,28.676470588235293,29.0
A5176868,21647163,183,1,2014,12/18/14,1031,10/14/17,12/18/14,1,FIFA,1,1,2014 FIFA World Cup disciplinary record,6/18/14,6/18/14,2.0,22.0,1.0
AashishAashish,21785673,134,1,2014,11/19/14,1060,10/14/17,11/19/14,1,FIFA,1,1,2014 FIFA World Cup qualification,7/8/14,7/8/14,1.0,53.0,1.0
Abhinav0908,21299956,1084,1,2014,4/18/17,179,10/14/17,4/18/17,0,FIFA,3,3,2014 FIFA World Cup squads,5/10/14,4/30/14,529.0,-157.55954631379961,69.0
Abpokhrel,21558487,55,1,2014,7/30/14,1172,10/14/17,7/30/14,1,FIFA,1,1,2014 FIFA World Cup broadcasting rights,6/5/14,6/5/14,7.0,8.142857142857142,4.0
Acaddoc,21673285,22,1,2014,7/15/14,1187,10/14/17,7/15/14,0,FIFA,2,2,2014 FIFA World Cup Final,7/15/14,6/23/14,2.0,7.0,2.0
Adrian-re14,21646720,0,1,2014,6/18/14,1214,10/14/17,6/18/14,1,FIFA,1,1,2014 FIFA World Cup Group B,6/18/14,6/18/14,1.0,6.0,1.0
Adrien Glauser,21692166,238,1,2014,2/18/15,969,10/14/17,2/18/15,1,FIFA,1,1,2014 FIFA World Cup knockout stage,6/25/14,6/25/14,3.0,2.3333333333333335,1.0
Agent0047,20601081,592,1,2014,9/4/15,771,10/14/17,9/4/15,0,FIFA,2,2,Controversies surrounding Grand Theft Auto IV,1/28/14,1/20/14,152.0,-0.75,116.0
Alex 75596,21556280,33,1,2014,7/8/14,1194,10/14/17,7/8/14,0,FIFA,2,2,2014 FIFA World Cup,6/26/14,6/5/14,31.0,0.3548387096774194,13.0
Alikaraji78,21553092,47,1,2014,7/21/14,1181,10/14/17,7/21/14,0,FIFA,2,2,2014 FIFA World Cup squads,6/17/14,6/4/14,20.0,19.85,4.0
Alpha Monarch,21632347,809,1,2014,9/2/16,407,10/14/17,9/2/16,0,FIFA,3,3,FIFA,6/20/14,6/16/14,333.0,128.35735735735736,202.0
Anuragpai123,21458734,9,1,2014,5/31/14,1232,10/14/17,5/31/14,0,FIFA,2,2,2014 FIFA World Cup bids,5/26/14,5/22/14,5.0,-6.4,4.0
Ariq maul,21797377,0,1,2014,7/10/14,1192,10/14/17,7/10/14,1,FIFA,1,1,Brazil v Germany (2014 FIFA World Cup),7/10/14,7/10/14,2.0,-35.0,1.0
Arjunsanyal,21538496,1222,0,2014,10/6/17,8,10/14/17,10/6/17,0,FIFA,2,2,2018 FIFA World Cup,6/5/14,6/2/14,63.0,45.476190476190474,16.0
Arsalan a.gh,21550334,98,1,2014,9/10/14,1130,10/14/17,9/10/14,1,FIFA,1,1,2014 FIFA World Cup officials,6/20/14,6/4/14,6.0,28.5,5.0
Arslan963,21421968,0,1,2014,5/17/14,1246,10/14/17,5/17/14,0,FIFA,2,2,2014 FIFA World Cup qualification,5/17/14,5/17/14,3.0,160.0,3.0
Ashish kumar sharma99,21786302,0,1,2014,7/8/14,1194,10/14/17,7/8/14,1,FIFA,1,1,2014 FIFA World Cup broadcasting rights,7/8/14,7/8/14,1.0,12.0,1.0
Ashu-97,21624226,64,1,2014,8/18/14,1153,10/14/17,8/18/14,1,FIFA,1,1,2014 FIFA World Cup broadcasting rights,6/15/14,6/15/14,4.0,83.0,2.0
Asniaaprilia,21348121,0,1,2014,5/7/14,1256,10/14/17,5/7/14,1,FIFA,1,1,2014 FIFA World Cup squads,5/7/14,5/7/14,2.0,221.5,1.0
Aurelienreys,21306816,0,1,2014,5/1/14,1262,10/14/17,5/1/14,0,FIFA,2,2,2013 protests in Brazil,5/1/14,5/1/14,12.0,119.66666666666667,8.0
Bal Mungram,21767315,1156,1,2014,9/4/17,40,10/14/17,9/4/17,1,FIFA,1,1,2014 FIFA World Cup Brazil (video game),7/6/14,7/6/14,3.0,122.66666666666667,2.0
Barnaby.rostant,21714764,0,1,2014,6/28/14,1204,10/14/17,6/28/14,1,FIFA,1,1,2014 FIFA World Cup Group D,6/28/14,6/28/14,1.0,-108.0,1.0
Basefut,21738163,0,1,2014,7/1/14,1201,10/14/17,7/1/14,0,FIFA,2,2,2014 FIFA World Cup knockout stage,7/1/14,7/1/14,6.0,21.5,6.0
Bbetev2,21783006,10,1,2014,7/18/14,1184,10/14/17,7/18/14,0,FIFA,2,2,Brazil v Germany (2014 FIFA World Cup),7/10/14,7/8/14,10.0,18.8,5.0
Benjaminherberger,21635583,193,1,2014,12/27/14,1022,10/14/17,12/27/14,1,FIFA,1,1,List of 2014 FIFA World Cup controversies,6/17/14,6/17/14,3.0,670.6666666666666,2.0
BigFaCL,21314864,0,1,2014,5/2/14,1261,10/14/17,5/2/14,1,FIFA,1,1,We Are One (Ole Ola),5/2/14,5/2/14,1.0,44.0,1.0
Bmf 051,21404818,1248,0,2014,10/14/17,0,10/14/17,10/14/17,0,FIFA,4,3,2015 FIFA Women's World Cup,6/5/14,5/15/14,504.0,54.8531746031746,167.0
Cabj94,21373646,1251,0,2014,10/12/17,2,10/14/17,10/12/17,0,FIFA,2,2,2014 Women's Hockey World Cup,6/8/14,5/10/14,1948.0,498.0811088295688,184.0
Caealn,21564287,1073,1,2014,5/14/17,153,10/14/17,5/14/17,0,FIFA,2,2,Brazil national football team,7/9/14,6/6/14,597.0,42.34338358458962,380.0
Chief hiccup horrendous haddock,21480626,52,1,2014,7/16/14,1186,10/14/17,7/16/14,0,FIFA,2,2,2014 FIFA World Cup Brazil (video game),6/9/14,5/25/14,26.0,-61.76923076923077,10.0
Chris2787,21381203,0,1,2014,5/12/14,1251,10/14/17,5/12/14,1,FIFA,1,1,2014 FIFA World Cup squads,5/12/14,5/12/14,1.0,-8.0,1.0
Cjsmith.us,21746182,1033,1,2014,4/30/17,167,10/14/17,4/30/17,0,FIFA,2,2,1999 FIFA Women's World Cup,7/18/14,7/2/14,11.0,12.363636363636363,8.0
ClassicOnAStick,21693145,1207,0,2014,10/15/17,-1,10/14/17,10/15/17,0,FIFA,2,2,FIFA 08,7/28/14,6/26/14,4484.0,6.680196253345227,1659.0
Clinton30,21179961,19,1,2014,5/2/14,1261,10/14/17,5/2/14,0,FIFA,2,2,2014 FIFA World Cup broadcasting rights,5/2/14,4/13/14,2.0,103.5,2.0
Coolguy922,21562873,475,1,2014,9/23/15,752,10/14/17,9/23/15,0,FIFA,2,2,2014 FIFA World Cup,6/28/14,6/5/14,138.0,9.942028985507246,95.0
Cttuckerrrr,21729600,11,1,2014,7/11/14,1191,10/14/17,7/11/14,1,FIFA,1,1,2014 FIFA World Cup Group E,7/4/14,6/30/14,2.0,0.0,1.0
CynthiaAch,21599510,0,1,2014,6/11/14,1221,10/14/17,6/11/14,1,FIFA,1,1,2014 FIFA World Cup broadcasting rights,6/11/14,6/11/14,1.0,3.0,1.0
DestinationAlan,21614443,958,1,2014,1/26/17,261,10/14/17,1/26/17,0,FIFA,2,2,2014 FIFA World Cup Final,7/11/14,6/13/14,32.0,121.625,15.0
Ek93,21605873,0,1,2014,6/12/14,1220,10/14/17,6/12/14,1,FIFA,1,1,2014 FIFA World Cup broadcasting rights,6/12/14,6/12/14,2.0,-10.0,1.0
EvanWikiby,21860056,0,1,2014,7/18/14,1184,10/14/17,7/18/14,0,FIFA,2,2,2014 FIFA World Cup Final,7/18/14,7/18/14,4.0,217.75,3.0
Extraperson,21601323,153,1,2014,11/11/14,1068,10/14/17,11/11/14,1,FIFA,1,1,2014 FIFA World Cup broadcasting rights,6/11/14,6/11/14,3.0,127.0,2.0
FCHulbenheim,21657406,5,1,2014,6/25/14,1207,10/14/17,6/25/14,0,FIFA,2,2,2026 FIFA World Cup,6/22/14,6/20/14,17.0,222.52941176470588,5.0
Fakih99,21795415,43,1,2014,8/21/14,1150,10/14/17,8/21/14,0,FIFA,2,2,2014 FIFA World Cup Final,7/9/14,7/9/14,8.0,43.75,6.0
Feelerino,21883597,156,1,2014,12/25/14,1024,10/14/17,12/25/14,1,FIFA,1,1,2014 FIFA World Cup Final,8/16/14,7/22/14,1.0,-26.0,1.0
Fgghhhjjjj,21792088,0,1,2014,7/9/14,1193,10/14/17,7/9/14,1,FIFA,1,1,2014 FIFA World Cup Group A,7/9/14,7/9/14,3.0,30.666666666666668,2.0
Flystar125,21625447,3,1,2014,6/18/14,1214,10/14/17,6/18/14,0,FIFA,2,2,2014 FIFA World Cup Group B,6/18/14,6/15/14,9.0,204.77777777777777,3.0
Football14fever,21606249,8,1,2014,6/20/14,1212,10/14/17,6/20/14,1,FIFA,1,1,2014 FIFA World Cup broadcasting rights,6/12/14,6/12/14,11.0,128.63636363636363,5.0
Frozenfire14,21678082,52,1,2014,8/14/14,1157,10/14/17,8/14/14,1,FIFA,1,1,2014 FIFA World Cup Group A,6/23/14,6/23/14,15.0,-9.733333333333333,7.0
Ftbl2014,21740386,890,1,2014,12/8/16,310,10/14/17,12/8/16,1,FIFA,1,1,List of 2014 FIFA World Cup controversies,7/2/14,7/2/14,20.0,316.3,1.0
Futeb00l,21774160,121,1,2014,11/5/14,1074,10/14/17,11/5/14,0,FIFA,2,2,2014 FIFA World Cup marketing,7/7/14,7/7/14,29.0,122.6896551724138,23.0
Gabrielptavares,20657819,31,1,2014,2/27/14,1325,10/14/17,2/27/14,1,FIFA,1,1,2013 protests in Brazil,2/27/14,1/27/14,1.0,-2.0,1.0
Ginothewall30,21781384,962,1,2014,2/24/17,232,10/14/17,2/24/17,0,FIFA,2,2,2014 FIFA World Cup Final,7/12/14,7/8/14,30.0,38.666666666666664,20.0
GraalPK,21483047,611,1,2014,1/26/16,627,10/14/17,1/26/16,0,FIFA,4,3,2014 FIFA World Cup Brazil,6/20/14,5/25/14,5.0,16.8,4.0
HMS88,21533729,696,1,2014,4/27/16,535,10/14/17,4/27/16,0,FIFA,2,2,Talk:FIFA World Cup hosts,6/19/14,6/1/14,31.0,30.516129032258064,18.0
Haaslk,21800872,0,1,2014,7/10/14,1192,10/14/17,7/10/14,1,FIFA,1,1,Brazil v Germany (2014 FIFA World Cup),7/10/14,7/10/14,1.0,1.0,1.0
HamedV00,21339499,984,1,2014,1/14/17,273,10/14/17,1/14/17,1,FIFA,1,1,2014 FIFA World Cup squads,5/6/14,5/6/14,5.0,1687.6,2.0
Hejhej123hejhej,21794253,0,1,2014,7/9/14,1193,10/14/17,7/9/14,1,FIFA,1,1,Brazil v Germany (2014 FIFA World Cup),7/9/14,7/9/14,1.0,-470.0,1.0
Hernanx32a,21651749,0,1,2014,6/19/14,1213,10/14/17,6/19/14,1,FIFA,1,1,2014 FIFA World Cup Group D,6/19/14,6/19/14,3.0,15.333333333333334,2.0
Hmoshrif,21581893,0,1,2014,6/9/14,1223,10/14/17,6/9/14,1,FIFA,1,1,2014 FIFA World Cup broadcasting rights,6/9/14,6/9/14,1.0,-10.0,1.0
Homo mundi,21846525,4,1,2014,7/20/14,1182,10/14/17,7/20/14,1,FIFA,1,1,List of 2014 FIFA World Cup controversies,7/19/14,7/16/14,20.0,181.6,2.0
ILLWRECKYOU,21603481,0,1,2014,6/12/14,1220,10/14/17,6/12/14,1,FIFA,1,1,We Are One (Ole Ola),6/12/14,6/12/14,1.0,41.0,1.0
Ishac.ishac,21605711,0,1,2014,6/12/14,1220,10/14/17,6/12/14,1,FIFA,1,1,2014 FIFA World Cup broadcasting rights,6/12/14,6/12/14,4.0,18.25,1.0
Itzzz Michael,21497331,0,1,2014,5/27/14,1236,10/14/17,5/27/14,1,FIFA,1,1,2014 FIFA World Cup Brazil (video game),5/27/14,5/27/14,2.0,25.0,1.0
JJHk2000,21360819,414,1,2014,6/27/15,840,10/14/17,6/27/15,0,FIFA,2,2,2014 FIFA World Cup Group A,6/10/14,5/9/14,64.0,230.109375,21.0
Jmvilla1509,21723444,8,1,2014,7/7/14,1195,10/14/17,7/7/14,1,FIFA,1,1,2014 FIFA World Cup squads,7/7/14,6/29/14,1.0,-1.0,1.0
Johnmirenda,21631128,17,1,2014,7/3/14,1199,10/14/17,7/3/14,0,FIFA,2,2,2014 FIFA World Cup knockout stage,7/3/14,6/16/14,4.0,62.25,2.0
Jon Stakes,21746499,20,1,2014,7/22/14,1180,10/14/17,7/22/14,1,FIFA,3,3,Talk:List of 2014 FIFA World Cup controversies,7/2/14,7/2/14,1.0,-453.0,1.0
Josephdavoudzadeh,21633531,0,1,2014,6/17/14,1215,10/14/17,6/17/14,1,FIFA,1,1,2014 FIFA World Cup statistics,6/17/14,6/17/14,1.0,0.0,1.0
JupiterSaturnw,21580502,0,1,2014,6/8/14,1224,10/14/17,6/8/14,1,FIFA,1,1,2014 FIFA World Cup broadcasting rights,6/8/14,6/8/14,1.0,-66.0,1.0
KH-1,21857263,1185,0,2014,10/15/17,-1,10/14/17,10/15/17,0,FIFA,2,2,20th anniversary of Tiananmen Square protests of 1989,7/18/14,7/18/14,3896.0,66.14425051334702,1437.0
Karamonas,21613377,0,1,2014,6/13/14,1219,10/14/17,6/13/14,1,FIFA,1,1,2014 FIFA World Cup broadcasting rights,6/13/14,6/13/14,1.0,81.0,1.0
Landingdude13,20659301,1355,0,2014,10/14/17,0,10/14/17,10/14/17,0,FIFA,2,2,2014 FIFA World Cup Brazil (video game),2/7/14,1/28/14,5086.0,17.207235548564686,2750.0
Leo Bonilla,21626799,1133,1,2014,7/23/17,83,10/14/17,7/23/17,1,FIFA,3,3,2014 FIFA World Cup Group E,6/16/14,6/16/14,11.0,12.181818181818182,3.0
Liverpool8765,21800893,18,1,2014,7/28/14,1174,10/14/17,7/28/14,0,FIFA,2,2,2014 FIFA World Cup Final,7/27/14,7/10/14,25.0,38.12,12.0
Luyg97,21413246,155,1,2014,10/18/14,1092,10/14/17,10/18/14,0,FIFA,2,2,2014 FIFA World Cup,6/20/14,5/16/14,29.0,66.10344827586206,16.0
Madoti mojeed,21721474,23,1,2014,7/22/14,1180,10/14/17,7/22/14,1,FIFA,4,3,2014 FIFA World Cup statistics,7/6/14,6/29/14,2.0,241.0,2.0
Mariocarioca22,21556789,0,1,2014,6/5/14,1227,10/14/17,6/5/14,1,FIFA,1,1,2014 FIFA World Cup Brazil (video game),6/5/14,6/5/14,2.0,16.0,2.0
MarkBM,21794115,1,1,2014,7/10/14,1192,10/14/17,7/10/14,1,FIFA,5,3,Brazil v Germany (2014 FIFA World Cup),7/9/14,7/9/14,14.0,-86.0,1.0
Matosizi,21622900,0,1,2014,6/15/14,1217,10/14/17,6/15/14,1,FIFA,1,1,2014 FIFA World Cup Group E,6/15/14,6/15/14,1.0,30.0,1.0
Matthew898,21814693,811,1,2014,9/30/16,379,10/14/17,9/30/16,0,FIFA,2,2,1994 FIFA World Cup Group E,7/12/14,7/12/14,50.0,-15.86,30.0
Mexanoh,21772591,0,1,2014,7/6/14,1196,10/14/17,7/6/14,1,FIFA,1,1,2014 FIFA World Cup knockout stage,7/6/14,7/6/14,1.0,13.0,1.0
Mikestrike,21605546,0,1,2014,6/12/14,1220,10/14/17,6/12/14,1,FIFA,1,1,2014 FIFA World Cup broadcasting rights,6/12/14,6/12/14,2.0,46.0,1.0
Mixo45,21336330,1249,0,2014,10/5/17,9,10/14/17,10/5/17,0,FIFA,2,2,2014 FIFA World Cup squads,6/5/14,5/5/14,30.0,194.3,7.0
Mohammad961,21605647,330,1,2014,5/8/15,890,10/14/17,5/8/15,1,FIFA,1,1,2014 FIFA World Cup broadcasting rights,6/12/14,6/12/14,9.0,42.333333333333336,1.0
MrMohammed305,21901010,325,1,2014,6/14/15,853,10/14/17,6/14/15,1,FIFA,4,3,2014 FIFA World Cup officials,7/25/14,7/24/14,18.0,-366.6666666666667,16.0
Mulderttt,21637755,404,1,2014,7/26/15,811,10/14/17,7/26/15,1,FIFA,1,1,2014 FIFA World Cup Group B,6/20/14,6/17/14,1.0,46.0,1.0
Mundogamesvicioam,21191932,0,1,2014,4/14/14,1279,10/14/17,4/14/14,1,FIFA,1,1,2014 FIFA World Cup Brazil (video game),4/14/14,4/14/14,1.0,12.0,1.0
MusaSaleemPK,21607835,0,1,2014,6/12/14,1220,10/14/17,6/12/14,1,FIFA,1,1,2014 FIFA World Cup broadcasting rights,6/12/14,6/12/14,1.0,58.0,1.0
NextGenSam619,21733618,1185,0,2014,9/28/17,16,10/14/17,9/28/17,0,FIFA,2,2,2014 FIFA World Cup Final,7/9/14,7/1/14,139.0,105.68345323741008,52.0
Nqemgray,21414483,3,1,2014,5/19/14,1244,10/14/17,5/19/14,0,FIFA,2,2,2013 protests in Brazil,5/19/14,5/16/14,14.0,52.5,2.0
Ogramzes,21774013,6,1,2014,7/13/14,1189,10/14/17,7/13/14,0,FIFA,2,2,2014 FIFA World Cup Final,7/13/14,7/7/14,2.0,32.5,2.0
Oiyarbepsy,21840846,1161,0,2014,9/19/17,25,10/14/17,9/19/17,0,FIFA,2,2,List of 2014 FIFA World Cup controversies,7/20/14,7/16/14,2570.0,-123.54708171206225,2136.0
OliwierEOB,21660035,8,1,2014,6/28/14,1204,10/14/17,6/28/14,1,FIFA,1,1,2014 FIFA World Cup statistics,6/20/14,6/20/14,1.0,-60.0,1.0
Olympiads are best,21846768,1,1,2014,7/17/14,1185,10/14/17,7/17/14,0,FIFA,2,2,2014 FIFA World Cup Final,7/17/14,7/16/14,6.0,74.0,4.0
Omuhnate,21723336,31,1,2014,7/30/14,1172,10/14/17,7/30/14,1,FIFA,1,1,2014 FIFA World Cup statistics,6/29/14,6/29/14,2.0,-16.0,2.0
Ooebbbbyyy,21606496,0,1,2014,6/12/14,1220,10/14/17,6/12/14,1,FIFA,1,1,2014 FIFA World Cup broadcasting rights,6/12/14,6/12/14,1.0,-322.0,1.0
Oskar Kopaczewski,21378766,111,1,2014,8/30/14,1141,10/14/17,8/30/14,0,FIFA,2,2,1966 FIFA World Cup,5/11/14,5/11/14,50.0,16.44,31.0
P4TG30RG13V,21625824,3,1,2014,6/18/14,1214,10/14/17,6/18/14,1,FIFA,1,1,List of FIFA World Cup records,6/16/14,6/15/14,7.0,-1.7142857142857142,2.0
Phoenix9630,21788124,1179,0,2014,9/29/17,15,10/14/17,9/29/17,1,FIFA,1,1,2014 FIFA World Cup statistics,7/8/14,7/8/14,13.0,24.0,12.0
Polugap,21704913,149,1,2014,11/23/14,1056,10/14/17,11/23/14,0,FIFA,3,3,2014 FIFA World Cup,7/5/14,6/27/14,42.0,245.5952380952381,24.0
Poseidon Nep,21727454,20,1,2014,7/20/14,1182,10/14/17,7/20/14,1,FIFA,1,1,National team appearances in the FIFA World Cup,6/30/14,6/30/14,219.0,97.72146118721462,66.0
Pprika,21787522,0,1,2014,7/8/14,1194,10/14/17,7/8/14,1,FIFA,1,1,2014 FIFA World Cup statistics,7/8/14,7/8/14,1.0,9.0,1.0
QuartzReload,21639897,1095,1,2014,6/16/17,120,10/14/17,6/16/17,0,FIFA,2,2,2014 FIFA World Cup,6/23/14,6/17/14,249.0,570.8915662650602,221.0
Rajeshavaghela,21603545,0,1,2014,6/12/14,1220,10/14/17,6/12/14,1,FIFA,1,1,2014 FIFA World Cup broadcasting rights,6/12/14,6/12/14,1.0,67.0,1.0
RapdosS,21607695,0,1,2014,6/12/14,1220,10/14/17,6/12/14,1,FIFA,1,1,2014 FIFA World Cup broadcasting rights,6/12/14,6/12/14,2.0,97.0,1.0
RazorThunder,21902977,997,1,2014,4/16/17,181,10/14/17,4/16/17,0,FIFA,2,2,2010 FIFA World Cup knockout stage,7/25/14,7/24/14,24.0,68.5,17.0
Reyalfre,20668798,0,1,2014,1/29/14,1354,10/14/17,1/29/14,1,FIFA,1,1,2014 FIFA World Cup broadcasting rights,1/29/14,1/29/14,1.0,13.0,1.0
Rick13ellms,21816963,20,1,2014,8/1/14,1170,10/14/17,8/1/14,0,FIFA,2,2,Brazil v Germany (2014 FIFA World Cup),7/13/14,7/12/14,15.0,37.46666666666667,7.0
Rpdodds,21609041,733,1,2014,6/14/16,487,10/14/17,6/14/16,0,FIFA,2,2,2014 FIFA World Cup statistics,6/13/14,6/12/14,5.0,31.4,2.0
Russsdean,21799547,0,1,2014,7/10/14,1192,10/14/17,7/10/14,1,FIFA,1,1,2014 FIFA World Cup statistics,7/10/14,7/10/14,1.0,0.0,1.0
SamSkulls,21825329,966,1,2014,3/6/17,222,10/14/17,3/6/17,1,FIFA,1,1,2014 protests in Brazil,7/22/14,7/14/14,22.0,326.1818181818182,3.0
Samuelrowland,21526810,405,1,2014,7/10/15,827,10/14/17,7/10/15,0,FIFA,5,3,Brazil,7/3/14,5/31/14,51.0,2.764705882352941,23.0
Sankhu01,21819126,66,1,2014,9/17/14,1123,10/14/17,9/17/14,1,FIFA,1,1,2014 FIFA World Cup Final,7/13/14,7/13/14,6.0,50.333333333333336,5.0
Sayfutri,21566507,12,1,2014,6/18/14,1214,10/14/17,6/18/14,0,FIFA,2,2,2014 FIFA World Cup Group A,6/12/14,6/6/14,56.0,906.8035714285714,19.0
Seardluin,21742088,0,1,2014,7/2/14,1200,10/14/17,7/2/14,1,FIFA,1,1,2014 FIFA World Cup disciplinary record,7/2/14,7/2/14,1.0,6.0,1.0
Shakiratrackleb,21606065,0,1,2014,6/12/14,1220,10/14/17,6/12/14,0,FIFA,2,2,We Are One (Ole Ola),6/12/14,6/12/14,12.0,63.333333333333336,6.0
Shakiriwein,21624935,0,1,2014,6/15/14,1217,10/14/17,6/15/14,1,FIFA,1,1,2014 FIFA World Cup Group F,6/15/14,6/15/14,1.0,54.0,1.0
Soccer addict980,21781730,0,1,2014,7/8/14,1194,10/14/17,7/8/14,1,FIFA,1,1,2014 FIFA World Cup preparations,7/8/14,7/8/14,3.0,-2.3333333333333335,1.0
Sos edelbi23,21606501,0,1,2014,6/12/14,1220,10/14/17,6/12/14,1,FIFA,1,1,2014 FIFA World Cup broadcasting rights,6/12/14,6/12/14,1.0,34.0,1.0
Spanzi,21613175,1,1,2014,6/14/14,1218,10/14/17,6/14/14,1,FIFA,1,1,2014 FIFA World Cup Group D,6/14/14,6/13/14,1.0,-1.0,1.0
Superjonboy01,21561671,559,1,2014,12/16/15,668,10/14/17,12/16/15,0,FIFA,2,2,2014 FIFA World Cup squads,7/9/14,6/5/14,3.0,58.0,3.0
The Replicator,21637138,1212,0,2014,10/11/17,3,10/14/17,10/11/17,1,FIFA,1,1,2018 FIFA World Cup,6/17/14,6/17/14,213.0,90.79342723004694,39.0
TheAGamer,21600093,46,1,2014,7/27/14,1175,10/14/17,7/27/14,1,FIFA,4,3,2014 FIFA World Cup Group B,6/14/14,6/11/14,15.0,47.46666666666667,9.0
TheMrKlWl,21730941,0,1,2014,6/30/14,1202,10/14/17,6/30/14,1,FIFA,1,1,List of 2014 FIFA World Cup controversies,6/30/14,6/30/14,2.0,228.5,1.0
Tobyasds,21823208,0,1,2014,7/13/14,1189,10/14/17,7/13/14,1,FIFA,1,1,2014 FIFA World Cup Final,7/13/14,7/13/14,1.0,943.0,1.0
Tuanminh01,21609933,1217,0,2014,10/12/17,2,10/14/17,10/12/17,0,FIFA,4,3,Brazil v Germany (2014 FIFA World Cup),7/9/14,6/13/14,40.0,203.075,17.0
Vanished user 9j34rnfjemnrjnasj4,21556758,170,1,2014,11/22/14,1057,10/14/17,11/22/14,0,FIFA,2,2,2014 FIFA World Cup statistics,6/14/14,6/5/14,1186.0,207.22428330522766,467.0
Vaselineeeeeeee,21345908,1256,0,2014,10/14/17,0,10/14/17,10/14/17,1,FIFA,1,1,2015 FIFA Women's World Cup,5/11/14,5/7/14,33.0,-34.72727272727273,20.0
Vicoskachaa,21607982,0,1,2014,6/12/14,1220,10/14/17,6/12/14,1,FIFA,1,1,2014 FIFA World Cup broadcasting rights,6/12/14,6/12/14,1.0,0.0,1.0
Vkhoury,21836170,0,1,2014,7/15/14,1187,10/14/17,7/15/14,1,FIFA,1,1,2014 FIFA World Cup statistics,7/15/14,7/15/14,1.0,99.0,1.0
Xboxy,21615116,1,1,2014,6/14/14,1218,10/14/17,6/14/14,1,FIFA,1,1,2014 FIFA World Cup Group B,6/13/14,6/13/14,2.0,11.5,1.0
XcoIu,21617654,0,1,2014,6/14/14,1218,10/14/17,6/14/14,1,FIFA,1,1,2014 FIFA World Cup Group C,6/14/14,6/14/14,1.0,96.0,1.0
Xstokenmen,21602446,1,1,2014,6/12/14,1220,10/14/17,6/12/14,1,FIFA,1,1,2014 FIFA World Cup broadcasting rights,6/12/14,6/11/14,1.0,52.0,1.0
Yessy1205,21753789,1,1,2014,7/4/14,1198,10/14/17,7/4/14,1,FIFA,1,1,2014 FIFA World Cup statistics,7/3/14,7/3/14,16.0,5.6875,4.0
99.99percent,25532589,0,1,2015,6/18/15,854,10/19/17,6/18/15,1,BLM,1,1,Charleston church shooting,6/18/15,6/18/15,11.0,-251.9090909090909,1.0
ADDCharlie,25893465,0,1,2015,7/30/15,812,10/19/17,7/30/15,1,BLM,1,1,Shooting of Samuel DuBose,7/30/15,7/30/15,1.0,589.0,1.0
Admiller6,23379611,0,1,2014,12/4/14,1050,10/19/17,12/4/14,1,BLM,1,1,Death of Eric Garner,12/4/14,12/4/14,1.0,-21.0,1.0
Afropwnswest,24827597,309,1,2015,2/21/16,606,10/19/17,2/21/16,1,BLM,1,1,Black Lives Matter,4/18/15,4/18/15,9.0,30.444444444444443,2.0
Akkckkc,25865582,0,1,2015,7/27/15,815,10/19/17,7/27/15,1,BLM,1,1,Death of Sandra Bland,7/27/15,7/27/15,2.0,63.5,1.0
AlaskanNativeRU,24682483,922,0,2015,10/16/17,3,10/19/17,10/16/17,0,BLM,2,2,Murder of Gregory Glen Biggs,5/22/15,4/8/15,324.0,21.978395061728396,138.0
Allegations,25905471,1,1,2015,8/2/15,809,10/19/17,8/2/15,1,BLM,3,3,Talk:Shooting of Samuel DuBose,8/1/15,8/1/15,9.0,18.444444444444443,1.0
Amax1701,25757421,141,1,2015,12/1/15,688,10/19/17,12/1/15,0,BLM,2,2,2015 Baltimore protests,7/14/15,7/13/15,23.0,12.347826086956522,16.0
Amortias,21319995,1262,0,2014,10/16/17,3,10/19/17,10/16/17,0,BLM,5,3,"Wikipedia:Articles for deletion/List of killings by law enforcement officers in the United States, June 2014",5/8/14,5/3/14,2472.0,431.8855177993527,1954.0
Anouyous151,25857880,4,1,2015,7/30/15,812,10/19/17,7/30/15,1,BLM,1,1,Death of Sandra Bland,7/27/15,7/26/15,3.0,0.3333333333333333,3.0
Asere3000,26389553,0,1,2015,9/29/15,751,10/19/17,9/29/15,1,BLM,1,1,Shooting of Akai Gurley,9/29/15,9/29/15,1.0,95.0,1.0
AutonomousOrangePages,23378365,1,1,2014,12/4/14,1050,10/19/17,12/4/14,1,BLM,1,1,Shooting of Tamir Rice,12/4/14,12/3/14,1.0,0.0,1.0
BadDJ,25823689,5,1,2015,7/27/15,815,10/19/17,7/27/15,0,BLM,2,2,Death of Sandra Bland,7/27/15,7/22/15,16.0,48.625,3.0
Bander.Quraishi,22332479,15,1,2014,9/10/14,1135,10/19/17,9/10/14,1,BLM,1,1,Shooting of Michael Brown,9/10/14,8/26/14,1.0,5.0,1.0
BatHunter,22065417,140,1,2014,12/23/14,1031,10/19/17,12/23/14,1,BLM,1,1,Shooting of Renisha McBride,8/5/14,8/5/14,8.0,176.75,3.0
Big12isu,23369095,0,1,2014,12/3/14,1051,10/19/17,12/3/14,1,BLM,1,1,Ferguson unrest,12/3/14,12/3/14,1.0,91.0,1.0
Bluemousered,23334109,967,1,2014,7/23/17,88,10/19/17,7/23/17,1,BLM,1,1,Shooting of Michael Brown,11/29/14,11/29/14,1.0,13.0,1.0
Blzjms,23377306,0,1,2014,12/3/14,1051,10/19/17,12/3/14,1,BLM,1,1,Death of Eric Garner,12/3/14,12/3/14,1.0,-82.0,1.0
BoomChakaLakaBoom,23566036,0,1,2014,12/23/14,1031,10/19/17,12/23/14,1,BLM,1,1,Shooting of John Crawford III,12/23/14,12/23/14,1.0,12.0,1.0
BoricuaBonita,25871548,0,1,2015,7/28/15,814,10/19/17,7/28/15,1,BLM,1,1,Death of Sandra Bland,7/28/15,7/28/15,1.0,-44.0,1.0
BunnyTaker55,22945140,0,1,2014,10/23/14,1092,10/19/17,10/23/14,0,BLM,2,2,Death of Eric Garner,10/23/14,10/23/14,2.0,-24.0,2.0
CalLightman1990,26729435,46,1,2015,12/23/15,666,10/19/17,12/23/15,0,BLM,2,2,Death of Sandra Bland,12/23/15,11/7/15,5.0,135.6,2.0
Cathar66,23395611,969,1,2014,7/31/17,80,10/19/17,7/31/17,0,BLM,4,3,32 County Sovereignty Movement,1/2/15,12/5/14,352.0,258.05397727272725,123.0
Cbursaw,23398438,929,1,2014,6/21/17,120,10/19/17,6/21/17,0,BLM,2,2,Shooting of Tony Robinson,3/12/15,12/5/14,287.0,-27.2404181184669,42.0
Cewlt,24382660,708,1,2015,2/15/17,246,10/19/17,2/15/17,0,BLM,2,2,Charleston church shooting,6/19/15,3/10/15,33.0,57.27272727272727,10.0
Cfavsmba,23580749,0,1,2014,12/24/14,1030,10/19/17,12/24/14,0,BLM,2,2,Ferguson unrest,12/24/14,12/24/14,3.0,17.0,2.0
ChamithN,21929136,1181,0,2014,10/19/17,0,10/19/17,10/19/17,0,BLM,2,2,"List of killings by law enforcement officers in the United States, 2011",8/21/14,7/26/14,2799.0,216.1600571632726,1376.0
Chiffchaff2015,25571777,0,1,2015,6/22/15,850,10/19/17,6/22/15,1,BLM,1,1,Charleston church shooting,6/22/15,6/22/15,7.0,2.0,1.0
CitiV,22123746,288,1,2014,5/23/15,880,10/19/17,5/23/15,0,BLM,5,3,Westroads Mall shooting,8/9/14,8/8/14,389.0,26.55012853470437,149.0
CookieMonster755,22164567,1165,0,2014,10/19/17,0,10/19/17,10/19/17,0,BLM,4,3,Shooting of Michael Brown,11/26/14,8/11/14,242.0,99.9090909090909,103.0
Coreysutphin,26538214,0,1,2015,10/16/15,734,10/19/17,10/16/15,1,BLM,1,1,Shooting of Tamir Rice,10/16/15,10/16/15,1.0,-2484.0,1.0
Cowpie12345678901,25800235,0,1,2015,7/18/15,824,10/19/17,7/18/15,1,BLM,1,1,Charleston church shooting,7/18/15,7/18/15,2.0,20.0,1.0
CyberWarfare,25812203,90,1,2015,10/18/15,732,10/19/17,10/18/15,0,BLM,2,2,Death of Sandra Bland,7/23/15,7/20/15,694.0,772.4149855907781,510.0
DERPALERT,24532235,937,0,2015,10/16/17,3,10/19/17,10/16/17,0,BLM,4,3,List of battles and other violent events by death toll,4/8/15,3/24/15,181.0,94.49171270718232,61.0
Daddy2d,23617662,0,1,2014,12/29/14,1025,10/19/17,12/29/14,1,BLM,1,1,Shooting of Michael Brown,12/29/14,12/29/14,1.0,57.0,1.0
Damvile,23253239,22,1,2014,12/13/14,1041,10/19/17,12/13/14,0,BLM,2,2,Shooting of Michael Brown,11/28/14,11/21/14,306.0,255.1013071895425,127.0
DangerousJXD,22220474,1160,0,2014,10/19/17,0,10/19/17,10/19/17,0,BLM,2,2,Murdered: Soul Suspect,9/9/14,8/16/14,119.0,3.504201680672269,69.0
Danjuma10,22308202,1,1,2014,8/25/14,1151,10/19/17,8/25/14,0,BLM,2,2,Ferguson unrest,8/25/14,8/24/14,7.0,294.0,5.0
Darcty rice,26896170,0,1,2015,11/26/15,693,10/19/17,11/26/15,1,BLM,1,1,Shooting of Ramarley Graham,11/26/15,11/26/15,1.0,19.0,1.0
DatGuy,26830382,701,0,2015,10/19/17,0,10/19/17,10/19/17,0,BLM,2,2,2014 Kiss of Love protest,11/27/15,11/18/15,3198.0,504.47435897435895,2540.0
Dbonte35,22195037,0,1,2014,8/13/14,1163,10/19/17,8/13/14,1,BLM,1,1,Shooting of Michael Brown,8/13/14,8/13/14,1.0,266.0,1.0
DeLittle,24721351,21,1,2015,5/2/15,901,10/19/17,5/2/15,0,BLM,2,2,United States pro-choice movement,4/19/15,4/11/15,26.0,107.6923076923077,14.0
Deeeogo,25780540,701,1,2015,6/16/17,125,10/19/17,6/16/17,0,BLM,2,2,Murder Was the Case (song),7/29/15,7/16/15,1739.0,136.23289246693503,311.0
Deeznutzhagotem,25077931,140,1,2015,9/22/15,758,10/19/17,9/22/15,1,BLM,1,1,2015 Baltimore protests,5/5/15,5/5/15,5.0,-116.8,2.0
Dengg2,24345691,0,1,2015,3/7/15,957,10/19/17,3/7/15,1,BLM,1,1,Shooting of Michael Brown,3/7/15,3/7/15,1.0,27.0,1.0
Denniscabrams,24382878,954,0,2015,10/19/17,0,10/19/17,10/19/17,0,BLM,2,2,Death of Freddie Gray,5/1/15,3/10/15,685.0,244.53868613138687,315.0
Desertguardsman,23595994,303,1,2014,10/25/15,725,10/19/17,10/25/15,1,BLM,1,1,Shooting of Michael Brown,12/26/14,12/26/14,1.0,273.0,1.0
Dianaoh339,23387877,14,1,2014,12/18/14,1036,10/19/17,12/18/14,0,BLM,2,2,Death of Eric Garner,12/11/14,12/4/14,16.0,233.3125,9.0
DiscantX,23278095,1012,1,2014,9/1/17,48,10/19/17,9/1/17,0,BLM,2,2,Wikipedia:Articles for deletion/Stop! Or My Dog Will Shoot,12/13/14,11/24/14,904.0,863.3838495575221,674.0
Dontmakemetypepasswordagain,26733996,213,1,2015,6/7/16,499,10/19/17,6/7/16,0,BLM,4,3,Shooting of Laquan McDonald,11/28/15,11/7/15,73.0,-14.164383561643836,9.0
Douglas.j.chapman,22301296,0,1,2014,8/23/14,1153,10/19/17,8/23/14,1,BLM,1,1,Ferguson unrest,8/23/14,8/23/14,1.0,285.0,1.0
E10QZ,22198436,197,1,2014,2/27/15,965,10/19/17,2/27/15,1,BLM,1,1,Shooting of Michael Brown,8/14/14,8/14/14,4.0,78.25,3.0
Eat meI'm an azuki,25540432,850,0,2015,10/16/17,3,10/19/17,10/16/17,0,BLM,2,2,Wikipedia:Articles for deletion/2015 anti-china protest,7/7/15,6/19/15,,,
Emmyfan,23008268,30,1,2014,11/28/14,1056,10/19/17,11/28/14,0,BLM,2,2,Shooting of Michael Brown,11/28/14,10/29/14,16.0,638.6875,16.0
Engl1105,24848423,17,1,2015,5/7/15,896,10/19/17,5/7/15,0,BLM,2,2,Ferguson unrest,4/26/15,4/20/15,9.0,220.66666666666666,5.0
EternalNomad,24473955,943,0,2015,10/17/17,2,10/19/17,10/17/17,0,BLM,3,3,Deaths in 2015,3/24/15,3/19/15,84.0,21.214285714285715,39.0
Ethanhuron,24668182,0,1,2015,4/6/15,927,10/19/17,4/6/15,1,BLM,1,1,Ferguson unrest,4/6/15,4/6/15,1.0,9.0,1.0
Everrreton,23275635,370,1,2014,11/29/15,690,10/19/17,11/29/15,1,BLM,1,1,Ferguson unrest,11/24/14,11/24/14,2.0,236.0,1.0
F8Rx,23388662,0,1,2014,12/4/14,1050,10/19/17,12/4/14,1,BLM,1,1,Ferguson unrest,12/4/14,12/4/14,1.0,3.0,1.0
FACTSvsOPINION,25829255,0,1,2015,7/22/15,820,10/19/17,7/22/15,1,BLM,1,1,Death of Sandra Bland,7/22/15,7/22/15,1.0,994.0,1.0
Fatnard,24976792,2,1,2015,4/30/15,903,10/19/17,4/30/15,1,BLM,1,1,Ferguson unrest,4/28/15,4/28/15,2.0,908.0,1.0
Gamerboi1,25578442,0,1,2015,6/23/15,849,10/19/17,6/23/15,1,BLM,1,1,Charleston church shooting,6/23/15,6/23/15,1.0,0.0,1.0
Gf95750,22915410,633,1,2014,7/15/16,461,10/19/17,7/15/16,0,BLM,2,2,Shooting of Michael Brown,11/24/14,10/21/14,22.0,82.13636363636364,10.0
Gg3iii,25552606,0,1,2015,6/20/15,852,10/19/17,6/20/15,1,BLM,1,1,Charleston church shooting,6/20/15,6/20/15,1.0,-8.0,1.0
GoLeor,24907752,347,1,2015,4/4/16,563,10/19/17,4/4/16,0,BLM,2,2,2015 Baltimore protests,5/5/15,4/23/15,9.0,228.22222222222223,3.0
GrecianEarn,26353285,88,1,2015,12/22/15,667,10/19/17,12/22/15,0,BLM,4,3,Death of Sandra Bland,9/29/15,9/25/15,739.0,256.3450608930988,232.0
GrimaceMcDonald,25528513,0,1,2015,6/18/15,854,10/19/17,6/18/15,1,BLM,1,1,Charleston church shooting,6/18/15,6/18/15,1.0,2.0,1.0
Halahala9X9,24979737,0,1,2015,4/28/15,905,10/19/17,4/28/15,1,BLM,1,1,Shooting of Rekia Boyd,4/28/15,4/28/15,6.0,1026.1666666666667,1.0
Hawkmoonb,22162361,0,1,2014,8/11/14,1165,10/19/17,8/11/14,1,BLM,1,1,Death of Eric Garner,8/11/14,8/11/14,1.0,3.0,1.0
Hehoo99,23377850,0,1,2014,12/3/14,1051,10/19/17,12/3/14,0,BLM,2,2,Ferguson unrest,12/3/14,12/3/14,4.0,-42151.75,3.0
Iazyges,23299921,1057,0,2014,10/18/17,1,10/19/17,10/18/17,0,BLM,4,3,South African National Rally Championship,1/13/15,11/26/14,20.0,137.1,17.0
Icarosaurvus,22245365,1137,0,2014,9/28/17,21,10/19/17,9/28/17,0,BLM,2,2,Talk:Shooting of Michael Brown,8/19/14,8/18/14,13.0,10.846153846153847,10.0
Impendingtruth,26797572,1,1,2015,11/15/15,704,10/19/17,11/15/15,1,BLM,1,1,2015___16 University of Missouri protests,11/14/15,11/14/15,6.0,90.66666666666667,1.0
JJMC89,24812038,915,0,2015,10/19/17,0,10/19/17,10/19/17,0,BLM,2,2,Ryan W. Ferguson,4/27/15,4/18/15,3601.0,-220.1069147459039,2762.0
JT2958,22138907,1130,1,2014,9/12/17,37,10/19/17,9/12/17,0,BLM,3,3,Ferguson unrest,11/30/14,8/9/14,19.0,337.57894736842104,11.0
Jamesdean32,23581710,0,1,2014,12/25/14,1029,10/19/17,12/25/14,1,BLM,1,1,Death of Aiyana Jones,12/25/14,12/25/14,1.0,-4.0,1.0
Jc21539,22936038,0,1,2014,10/22/14,1093,10/19/17,10/22/14,1,BLM,1,1,Shooting of Michael Brown,10/22/14,10/22/14,1.0,1278.0,1.0
Jimbob761,26440004,8,1,2015,10/13/15,737,10/19/17,10/13/15,0,BLM,2,2,Ferguson unrest,10/13/15,10/5/15,3.0,-1324.6666666666667,2.0
Jlightsky,24352640,459,1,2015,6/8/16,498,10/19/17,6/8/16,1,BLM,4,3,Black Lives Matter,3/7/15,3/7/15,5.0,210.6,4.0
Josephp18810,25627763,7,1,2015,7/5/15,837,10/19/17,7/5/15,0,BLM,2,2,Shooting of Tamir Rice,7/5/15,6/28/15,3.0,-28.666666666666668,2.0
Joshephpeterson,26331924,0,1,2015,9/23/15,757,10/19/17,9/23/15,1,BLM,1,1,2015 Baltimore protests,9/23/15,9/23/15,1.0,36.0,1.0
Jrdrew102,25612250,0,1,2015,6/26/15,846,10/19/17,6/26/15,1,BLM,1,1,Shooting of Michael Brown,6/26/15,6/26/15,1.0,-5071.0,1.0
JustSmart14,22203617,0,1,2014,8/14/14,1162,10/19/17,8/14/14,1,BLM,1,1,Shooting of Renisha McBride,8/14/14,8/14/14,1.0,50.0,1.0
Justice2001,25832095,0,1,2015,7/23/15,819,10/19/17,7/23/15,1,BLM,1,1,Death of Sandra Bland,7/23/15,7/23/15,8.0,138.0,1.0
JusticeForFreddieGray,25086134,0,1,2015,5/6/15,897,10/19/17,5/6/15,1,BLM,1,1,Death of Freddie Gray,5/6/15,5/6/15,3.0,104.33333333333333,1.0
Justincase1992,23365561,13,1,2014,12/15/14,1039,10/19/17,12/15/14,0,BLM,2,2,Shooting of Michael Brown,12/9/14,12/2/14,66.0,-2403.212121212121,7.0
KH-1,21857263,1189,0,2014,10/19/17,0,10/19/17,10/19/17,0,BLM,2,2,20th anniversary of Tiananmen Square protests of 1989,7/18/14,7/18/14,3896.0,66.14425051334702,1437.0
Kaizena,26481923,135,1,2015,2/22/16,605,10/19/17,2/22/16,1,BLM,1,1,Taiwan independence movement,10/10/15,10/10/15,13.0,1.9230769230769231,11.0
Kiwidwj,25596182,331,1,2015,5/21/16,516,10/19/17,5/21/16,1,BLM,1,1,Shooting of Michael Brown,6/25/15,6/25/15,3.0,269.3333333333333,1.0
Kiwifist,24791530,908,0,2015,10/10/17,9,10/19/17,10/10/17,0,BLM,2,2,"List of killings by law enforcement officers in the United States, November 2012",5/24/15,4/16/15,226.0,78.47345132743362,142.0
Krimsonquinn,26932106,3,1,2015,12/3/15,686,10/19/17,12/3/15,1,BLM,1,1,Shooting of Ramarley Graham,11/30/15,11/30/15,3.0,623.6666666666666,3.0
Kwoff,22283456,0,1,2014,8/21/14,1155,10/19/17,8/21/14,1,BLM,1,1,Ferguson unrest,8/21/14,8/21/14,2.0,-0.5,1.0
Kykydani,25640137,26,1,2015,7/25/15,817,10/19/17,7/25/15,1,BLM,1,1,Charleston church shooting,6/29/15,6/29/15,5.0,31.0,3.0
Kyle Lynch15,25074101,0,1,2015,5/5/15,898,10/19/17,5/5/15,1,BLM,1,1,Death of Freddie Gray,5/5/15,5/5/15,2.0,1698.5,1.0
Laurel Wreath of Victors,25771936,826,0,2015,10/18/17,1,10/19/17,10/18/17,0,BLM,2,2,List of accidents and disasters by death toll,8/15/15,7/15/15,239.0,287.510460251046,118.0
Legochima,23626977,0,1,2014,12/29/14,1025,10/19/17,12/29/14,1,BLM,1,1,Death of Eric Garner,12/29/14,12/29/14,1.0,-1.0,1.0
LiciaLace,22119550,0,1,2014,8/8/14,1168,10/19/17,8/8/14,1,BLM,1,1,Death of Eric Garner,8/8/14,8/8/14,2.0,-7.0,1.0
Lilhpster,23384693,0,1,2014,12/4/14,1050,10/19/17,12/4/14,1,BLM,1,1,Death of Eric Garner,12/4/14,12/4/14,1.0,2.0,1.0
Lowkey40,24991961,0,1,2015,4/29/15,904,10/19/17,4/29/15,1,BLM,1,1,Shooting of Walter Scott,4/29/15,4/29/15,6.0,-10.666666666666666,1.0
LuckyLeftyy,25763355,13,1,2015,7/26/15,816,10/19/17,7/26/15,0,BLM,2,2,Death of Sandra Bland,7/25/15,7/13/15,18.0,-5200.666666666667,8.0
MPS1992,26860051,697,0,2015,10/18/17,1,10/19/17,10/18/17,0,BLM,2,2,Hawaiian sovereignty movement,11/22/15,11/21/15,1126.0,-8.487566607460035,405.0
MaddiKadafy,21891220,309,1,2014,5/28/15,875,10/19/17,5/28/15,0,BLM,4,3,Death of Eric Garner,7/29/14,7/23/14,865.0,55.521387283237,822.0
ManiiMACK,23377834,0,1,2014,12/3/14,1051,10/19/17,12/3/14,1,BLM,1,1,Death of Eric Garner,12/3/14,12/3/14,1.0,26.0,1.0
Masterfrac,26388641,1,1,2015,9/30/15,750,10/19/17,9/30/15,0,BLM,2,2,"Hands up, don't shoot",9/30/15,9/29/15,5.0,-1460.4,4.0
Mattoeftering,25896539,0,1,2015,7/31/15,811,10/19/17,7/31/15,1,BLM,1,1,Ferguson unrest,7/31/15,7/31/15,2.0,2246.0,1.0
Mjay54,23323345,0,1,2014,11/28/14,1056,10/19/17,11/28/14,1,BLM,1,1,Death of Eric Garner,11/28/14,11/28/14,2.0,0.0,1.0
Mov283br3,26889133,0,1,2015,11/25/15,694,10/19/17,11/25/15,1,BLM,1,1,Shooting of Laquan McDonald,11/25/15,11/25/15,3.0,23.0,2.0
Mpena12,23388826,14,1,2014,12/18/14,1036,10/19/17,12/18/14,0,BLM,2,2,Shooting of Michael Brown,12/18/14,12/4/14,6.0,653.5,4.0
MyEditIsValid,23379465,0,1,2014,12/4/14,1050,10/19/17,12/4/14,1,BLM,1,1,Ferguson unrest,12/4/14,12/4/14,2.0,0.0,1.0
Nammage,24947538,783,1,2015,6/17/17,124,10/19/17,6/17/17,0,BLM,2,2,Ryan W. Ferguson,5/13/15,4/26/15,50.0,-0.24,43.0
Necent,26783598,0,1,2015,11/13/15,706,10/19/17,11/13/15,1,BLM,1,1,2015___16 University of Missouri protests,11/13/15,11/13/15,1.0,103.0,1.0
NekoKatsun,23242057,1064,0,2014,10/19/17,0,10/19/17,10/19/17,0,BLM,4,3,Death of Aaliyah,11/26/14,11/20/14,153.0,782.9542483660131,111.0
Niw1984,23653569,0,1,2015,1/1/15,1022,10/19/17,1/1/15,1,BLM,1,1,Shooting of Oscar Grant,1/1/15,1/1/15,1.0,-5.0,1.0
O.Stolz,26750562,28,1,2015,12/7/15,682,10/19/17,12/7/15,0,BLM,2,2,Shooting of Jamar Clark,11/20/15,11/9/15,14.0,589.5,7.0
Ogmios78,24962314,0,1,2015,4/27/15,906,10/19/17,4/27/15,1,BLM,1,1,Death of Eric Garner,4/27/15,4/27/15,2.0,-394.0,1.0
OliviaEMcCheyne,26710930,1,1,2015,11/5/15,714,10/19/17,11/5/15,0,BLM,2,2,Death of Freddie Gray,11/5/15,11/4/15,4.0,432.5,2.0
OrganicEarth,25844825,60,1,2015,9/22/15,758,10/19/17,9/22/15,0,BLM,2,2,Shooting of Samuel DuBose,7/31/15,7/24/15,4246.0,124.15920866698069,1450.0
Pencilthebee,26832848,0,1,2015,11/18/15,701,10/19/17,11/18/15,0,BLM,2,2,2015 Baltimore protests,11/18/15,11/18/15,2.0,614.0,2.0
PewdsBro12,25838030,160,1,2015,12/30/15,659,10/19/17,12/30/15,0,BLM,2,2,Death of Sandra Bland,7/27/15,7/23/15,56.0,4.517857142857143,36.0
Prinsgezinde,24340726,958,0,2015,10/19/17,0,10/19/17,10/19/17,0,BLM,3,3,List of wars and anthropogenic disasters by death toll,3/30/15,3/6/15,1114.0,26.814183123877918,633.0
Profoundblkwmn,24797594,0,1,2015,4/17/15,916,10/19/17,4/17/15,1,BLM,1,1,Shooting of John Crawford III,4/17/15,4/17/15,1.0,-8.0,1.0
Qzd,26906394,692,0,2015,10/19/17,0,10/19/17,10/19/17,0,BLM,2,2,2015 Russian Sukhoi Su-24 shootdown,11/28/15,11/27/15,4945.0,84.31425682507583,4581.0
Randomlettersinaspace,25800230,0,1,2015,7/18/15,824,10/19/17,7/18/15,1,BLM,1,1,Charleston church shooting,7/18/15,7/18/15,1.0,4.0,1.0
RatRat,24512952,791,1,2015,5/22/17,150,10/19/17,5/22/17,0,BLM,2,2,Death Grips,4/14/15,3/23/15,289.0,470.681660899654,102.0
Realtruth4all,26835139,0,1,2015,11/19/15,700,10/19/17,11/19/15,1,BLM,1,1,2015___16 University of Missouri protests,11/19/15,11/19/15,4.0,-4479.75,1.0
Rjlnjd,24380114,0,1,2015,3/10/15,954,10/19/17,3/10/15,1,BLM,1,1,Shooting of Tony Robinson,3/10/15,3/10/15,1.0,3.0,1.0
Rjryan94,21897518,0,1,2014,7/23/14,1184,10/19/17,7/23/14,1,BLM,1,1,Death of Eric Garner,7/23/14,7/23/14,1.0,-179.0,1.0
Rlincoln1986,23370248,0,1,2014,12/3/14,1051,10/19/17,12/3/14,1,BLM,1,1,Death of Eric Garner,12/3/14,12/3/14,2.0,4.5,1.0
Rondo33,25866009,0,1,2015,7/27/15,815,10/19/17,7/27/15,1,BLM,3,3,Talk:Death of Sandra Bland,7/27/15,7/27/15,1.0,46.0,1.0
Rusavuk,24848124,269,1,2015,1/14/16,644,10/19/17,1/14/16,0,BLM,2,2,Black Lives Matter,4/20/15,4/20/15,25.0,95.28,13.0
S3oody8,26802104,436,1,2015,1/24/17,268,10/19/17,1/24/17,1,BLM,1,1,"Hands up, don't shoot",12/4/15,11/15/15,2.0,0.0,1.0
Saeranv,22278526,101,1,2014,11/30/14,1054,10/19/17,11/30/14,0,BLM,3,3,Talk:Shooting of Michael Brown,8/21/14,8/21/14,3.0,393.3333333333333,2.0
Sage1982,25517950,45,1,2015,8/1/15,810,10/19/17,8/1/15,0,BLM,2,2,Charleston church shooting,6/19/15,6/17/15,11.0,72.0,10.0
SamanthaAnnesley,25098281,0,1,2015,5/7/15,896,10/19/17,5/7/15,1,BLM,1,1,2015 Baltimore protests,5/7/15,5/7/15,1.0,-134.0,1.0
Sethyre,26338745,434,1,2015,11/30/16,323,10/19/17,11/30/16,1,BLM,4,3,Talk:2015___16 University of Missouri protests,11/12/15,9/23/15,3.0,155.0,2.0
Sgt1988,24330416,0,1,2015,3/5/15,959,10/19/17,3/5/15,1,BLM,1,1,"Hands up, don't shoot",3/5/15,3/5/15,1.0,1209.0,1.0
ShadowHawk555,23071829,741,1,2014,11/14/16,339,10/19/17,11/14/16,0,BLM,2,2,Ferguson unrest,2/17/15,11/4/14,34.0,27.558823529411764,15.0
Siguy85,21954978,16,1,2014,8/14/14,1162,10/19/17,8/14/14,1,BLM,1,1,Death of Eric Garner,7/29/14,7/29/14,4.0,187.0,1.0
Silvrcraze,24297747,1,1,2015,3/3/15,961,10/19/17,3/3/15,0,BLM,2,2,Shooting of John Crawford III,3/3/15,3/2/15,4.0,133.0,2.0
Skubydoo,26373160,304,1,2015,7/28/16,448,10/19/17,7/28/16,0,BLM,3,3,New England Patriots,10/28/15,9/28/15,100.0,274.9,49.0
Some of everything,25593358,845,0,2015,10/16/17,3,10/19/17,10/16/17,0,BLM,2,2,2015 Chattanooga shootings,7/21/15,6/24/15,225.0,230.92,69.0
Somuchstuffismeta,24975166,0,1,2015,4/27/15,906,10/19/17,4/27/15,1,BLM,1,1,2015 Baltimore protests,4/27/15,4/27/15,9.0,58.0,2.0
Stamboliyski,22271376,1105,1,2014,8/29/17,51,10/19/17,8/29/17,0,BLM,2,2,Syndicalist Group Movement,8/27/14,8/20/14,546.0,927.7252747252747,336.0
StealthyJoker85,23377551,58,1,2014,1/30/15,993,10/19/17,1/30/15,0,BLM,2,2,Murder of Anni Dewani,12/8/14,12/3/14,70.0,136.2,52.0
StjJackson,25806245,822,0,2015,10/18/17,1,10/19/17,10/18/17,1,BLM,1,1,List of riots,7/19/15,7/19/15,424.0,44.23349056603774,340.0
Sweglife,25536757,47,1,2015,8/5/15,806,10/19/17,8/5/15,1,BLM,1,1,Charleston church shooting,6/19/15,6/19/15,2.0,-3.5,2.0
Teryuslimmy45,26890387,0,1,2015,11/25/15,694,10/19/17,11/25/15,1,BLM,1,1,Ferguson Action,11/25/15,11/25/15,3.0,512.3333333333334,2.0
ThurstonHowell3rd,24435954,383,1,2015,4/1/16,566,10/19/17,4/1/16,0,BLM,2,2,Ferguson unrest,3/15/15,3/15/15,21.0,-159.38095238095238,11.0
Tiger7890,24844794,891,0,2015,9/26/17,23,10/19/17,9/26/17,0,BLM,3,3,Charleston church shooting,6/19/15,4/19/15,665.0,717.9383458646616,481.0
Tiggahuhot,23379425,0,1,2014,12/4/14,1050,10/19/17,12/4/14,1,BLM,1,1,Death of Eric Garner,12/4/14,12/4/14,1.0,17.0,1.0
Tlpinto1,21875037,0,1,2014,7/20/14,1187,10/19/17,7/20/14,1,BLM,1,1,Death of Eric Garner,7/20/14,7/20/14,10.0,38.0,1.0
Trees are more important than people,25088381,0,1,2015,5/6/15,897,10/19/17,5/6/15,1,BLM,4,3,Death of Freddie Gray,5/6/15,5/6/15,1.0,318.0,1.0
Ttextt,24719872,821,1,2015,7/9/17,102,10/19/17,7/9/17,1,BLM,1,1,Death of Eric Garner,4/17/15,4/10/15,5.0,947.2,1.0
TwinTowers911,25800157,0,1,2015,7/18/15,824,10/19/17,7/18/15,1,BLM,1,1,Charleston church shooting,7/18/15,7/18/15,1.0,6.0,1.0
UnionJaren,24680355,41,1,2015,5/18/15,885,10/19/17,5/18/15,0,BLM,2,2,Death of Freddie Gray,4/29/15,4/7/15,37.0,11.135135135135135,18.0
Username041313,24975002,0,1,2015,4/27/15,906,10/19/17,4/27/15,1,BLM,1,1,Death of Freddie Gray,4/27/15,4/27/15,1.0,-32.0,1.0
Velojareal,26742571,55,1,2015,1/2/16,656,10/19/17,1/2/16,0,BLM,2,2,Charleston church shooting,11/28/15,11/8/15,21.0,23.428571428571427,9.0
Veracity134,23636100,0,1,2014,12/30/14,1024,10/19/17,12/30/14,1,BLM,1,1,Death of Eric Garner,12/30/14,12/30/14,1.0,14.0,1.0
Walfin,23402834,873,1,2014,4/27/17,175,10/19/17,4/27/17,1,BLM,1,1,Shooting of Kenneth Chamberlain Sr.,12/6/14,12/6/14,1.0,-2.0,1.0
Walsh8157,24505878,0,1,2015,3/22/15,942,10/19/17,3/22/15,1,BLM,1,1,"Hands up, don't shoot",3/22/15,3/22/15,1.0,197.0,1.0
We43ff21,26764488,705,0,2015,10/16/17,3,10/19/17,10/16/17,0,BLM,3,3,2015___16 University of Missouri protests,11/12/15,11/11/15,31.0,261.0,8.0
WebSurfer01,23379546,0,1,2014,12/4/14,1050,10/19/17,12/4/14,1,BLM,1,1,Death of Eric Garner,12/4/14,12/4/14,1.0,-13.0,1.0
White Arabian Filly,26780745,706,0,2015,10/18/17,1,10/19/17,10/18/17,0,BLM,5,3,Talk:Death of Echol Cole and Robert Walker,12/16/15,11/12/15,2853.0,47.05783385909569,1011.0
WickedTurth,23571975,4,1,2014,12/27/14,1027,10/19/17,12/27/14,1,BLM,1,1,"Hands up, don't shoot",12/23/14,12/23/14,7.0,737.5714285714286,3.0
Wikipuser777,22078499,677,1,2014,6/12/16,494,10/19/17,6/12/16,0,BLM,2,2,Shooting of Michael Brown,8/15/14,8/5/14,45.0,181.33333333333334,19.0
WillSchenk,23334859,0,1,2014,11/30/14,1054,10/19/17,11/30/14,0,BLM,2,2,Shooting of Michael Brown,11/30/14,11/30/14,2.0,76.0,2.0
Wulframm Rolf,25599093,182,1,2015,12/24/15,665,10/19/17,12/24/15,1,BLM,1,1,Charleston church shooting,6/25/15,6/25/15,4.0,73.0,3.0
Wybulldog,22287595,20,1,2014,9/11/14,1134,10/19/17,9/11/14,1,BLM,1,1,"Ferguson, Missouri",8/22/14,8/22/14,3.0,53.0,2.0
XxMorningXxXStarxX,24410372,0,1,2015,3/13/15,951,10/19/17,3/13/15,1,BLM,1,1,Shooting of Akai Gurley,3/13/15,3/13/15,1.0,-13.0,1.0
Yankeekid13,23376982,0,1,2014,12/3/14,1051,10/19/17,12/3/14,1,BLM,1,1,Death of Eric Garner,12/3/14,12/3/14,1.0,17.0,1.0
Youareagrt,24523851,0,1,2015,3/24/15,940,10/19/17,3/24/15,0,BLM,2,2,Shooting of Tamir Rice,3/24/15,3/24/15,3.0,42.0,3.0
Yunghomiek,25561760,0,1,2015,6/21/15,851,10/19/17,6/21/15,1,BLM,1,1,Charleston church shooting,6/21/15,6/21/15,2.0,0.0,1.0
ZeFreightTrain,25764360,10,1,2015,7/24/15,818,10/19/17,7/24/15,0,BLM,2,2,Death of Sandra Bland,7/23/15,7/14/15,3.0,-3.3333333333333335,2.0
Zexcoiler Kingbolt,26896767,272,1,2015,8/24/16,421,10/19/17,8/24/16,1,BLM,1,1,Shooting of Ramarley Graham,11/26/15,11/26/15,3.0,-64.33333333333333,3.0
