wpid,userid,register,death,first_edit_type3,before_time_span,before_ave_sizediff,before_article_sizediff,before_unique_articles,before_article_count,before_edit_count,before_talk_count,before_user_count,before_usertalk_count,after_time_span,after_ave_sizediff,after_article_sizediff,after_unique_articles,after_article_count,after_edit_count,after_talk_count,after_user_count,after_usertalk_count,event.x,first_edit_type3,label,first_edit,from_event,transitivity,betweenness,betweenness_norm,closeness,closeness_norm,degree,degree_norm,Indegree,Indegree_norm,Outdegree,Outdegree_norm,weighted_degree,weighted_Indegree,weighted_Outdegree,eigen,event
08limi,23213101,11/18/14,1,1,0,-5.99940006,-5.99940006,1,1,1,0,0,0,0,8.333055565,8.333055565,1,3,3,0,0,0,ebola,1,08limi,1,1,NA,0,0,2.52E-07,0.00050226,1,0.000502513,1,0.000502513,0,0,1,1,0,0,ebola
09flower,23214516,11/18/14,1,1,0,278.9860507,278.9860507,1,2,2,0,0,0,0,0,0,0,0,0,0,0,0,ebola,1,09flower,1,1,NA,0,0,2.52E-07,0.00050226,0,0,0,0,0,0,0,0,0,0,ebola
2014:f.ace,22329100,8/25/14,1,2,0,23.85680205,23.85680205,2,7,7,0,0,0,184,142.7432237,159.852471,16,34,39,3,0,0,ebola,2,2014:f.ace,2,1,NA,0,0,2.52E-07,0.00050226,0,0,0,0,0,0,0,0,0,0,ebola
21 bruh,23252097,11/21/14,1,1,0,0,0,1,1,1,0,0,0,0,0,0,0,0,0,0,0,0,ebola,1,21 bruh,1,1,NA,0,0,2.52E-07,0.00050226,1,0.000502513,1,0.000502513,0,0,1,1,0,0,ebola
2manyJimmiesRustled,22044636,8/4/14,1,1,0,-2.99970003,-2.99970003,1,1,1,0,0,0,0,0,0,0,0,0,0,0,0,ebola,1,2manyJimmiesRustled,1,1,NA,0,0,2.52E-07,0.00050226,1,0.000502513,1,0.000502513,0,0,1,1,0,3.84E-08,ebola
3!13,22271024,8/20/14,1,1,0,239.4880256,209.9790021,1,1,2,0,0,0,917,63.64240255,42.58297848,6,12,14,0,0,2,ebola,1,3!13,1,1,NA,0,0,2.52E-07,0.00050226,0,0,0,0,0,0,0,0,0,0,ebola
42Q7,21979093,7/31/14,0,1,28,41.88210658,41.88210658,14,17,17,0,0,0,1130,21.07997189,21.07997189,59,75,75,0,0,0,FIFA,1,42Q7,1,1,NA,0,0,2.52E-07,0.00050226,0,0,0,0,0,0,0,0,0,0,FIFA
99.99percent,25532589,6/18/15,1,1,0,-390.9200698,-251.9068008,1,11,13,0,0,2,0,0,0,0,0,0,0,0,0,BLM,1,99.99percent,1,1,0,0,0,2.52E-07,0.00050226,3,0.001507538,3,0.001507538,0,0,8,8,0,7.27E-06,BLM
A5176868,21647163,6/18/14,1,1,0,21.99890005,21.99890005,1,2,2,0,0,0,3,-28.99855007,-28.99855007,2,2,2,0,0,0,FIFA,1,A5176868,1,1,NA,0,0,2.52E-07,0.00050226,0,0,0,0,0,0,0,0,0,0,FIFA
Aangell123,23430388,12/8/14,1,2,4,322.8709641,301.661639,6,6,8,2,0,0,0,0,0,0,0,0,0,0,0,ebola,2,Aangell123,2,1,NA,0,0,2.52E-07,0.00050226,1,0.000502513,1,0.000502513,0,0,1,1,0,0,ebola
AashishAashish,21785673,7/8/14,1,1,0,52.99470053,52.99470053,1,1,1,0,0,0,13,46.49767512,40.99590041,1,1,2,0,0,1,FIFA,1,AashishAashish,1,1,NA,0,0,2.52E-07,0.00050226,0,0,0,0,0,0,0,0,0,0,FIFA
Abcdefghijklmnopqrstuvwxyz12345678910111,23172042,11/14/14,1,1,0,11.99880012,11.99880012,1,1,1,0,0,0,0,0,0,0,0,0,0,0,0,ebola,1,Abcdefghijklmnopqrstuvwxyz12345678910111,1,1,NA,0,0,2.52E-07,0.00050226,0,0,0,0,0,0,0,0,0,0,ebola
Abhinav0908,21299956,4/30/14,1,3,30,-119.7272455,-302.2525985,50,277,440,35,26,33,1053,294.279962,51.30123863,124,561,775,19,20,126,FIFA,3,Abhinav0908,3,1,0,1669,0.000421666,2.58E-07,0.000512535,15,0.007537688,8,0.004020101,7,0.003517588,39,16,23,0.004488266,FIFA
Abiyarajan77,22773833,10/7/14,1,1,0,0,0,1,1,1,0,0,0,0,496.9834339,566.9716514,1,2,3,0,0,1,ebola,1,Abiyarajan77,1,1,NA,0,0,2.52E-07,0.00050226,1,0.000502513,1,0.000502513,0,0,1,1,0,0,ebola
Abpokhrel,21558487,6/5/14,1,1,1,25.74935627,25.74935627,1,4,4,0,0,0,14,-15.33282224,-15.33282224,3,3,3,0,0,0,FIFA,1,Abpokhrel,1,1,NA,0,0,2.52E-07,0.00050226,1,0.000502513,1,0.000502513,0,0,1,1,0,0,FIFA
Acaddoc,21673285,6/23/14,1,2,0,6.999650017,6.999650017,2,2,2,0,0,0,0,0,0,0,0,0,0,0,0,FIFA,2,Acaddoc,2,1,NA,0,0,2.52E-07,0.00050226,0,0,0,0,0,0,0,0,0,0,FIFA
ADDCharlie,25893465,7/30/15,1,1,0,588.9411059,588.9411059,1,1,1,0,0,0,0,0,0,0,0,0,0,0,0,BLM,1,ADDCharlie,1,1,NA,0,0,2.52E-07,0.00050226,0,0,0,0,0,0,0,0,0,0,BLM
Admiller6,23379611,12/4/14,1,1,0,-20.99790021,-20.99790021,1,1,1,0,0,0,0,0,0,0,0,0,0,0,0,BLM,1,Admiller6,1,1,NA,0,0,2.52E-07,0.00050226,0,0,0,0,0,0,0,0,0,0,BLM
Adrian-re14,21646720,6/18/14,1,1,0,5.99940006,5.99940006,1,1,1,0,0,0,0,0,0,0,0,0,0,0,0,FIFA,1,Adrian-re14,1,1,NA,0,0,2.52E-07,0.00050226,0,0,0,0,0,0,0,0,0,0,FIFA
Adrien Glauser,21692166,6/25/14,1,1,0,2.333255558,2.333255558,1,3,3,0,0,0,0,47.99520048,0,0,0,1,1,0,0,FIFA,1,Adrien Glauser,1,1,NA,0,0,2.52E-07,0.00050226,0,0,0,0,0,0,0,0,0,0,FIFA
Afk3004,23010510,10/29/14,1,1,0,0.99990001,0.99990001,1,1,1,0,0,0,0,0,0,0,0,0,0,0,0,ebola,1,Afk3004,1,1,NA,0,0,2.52E-07,0.00050226,0,0,0,0,0,0,0,0,0,0,ebola
Afropwnswest,24827597,4/18/15,1,1,0,30.44410618,30.44410618,2,9,9,0,0,0,7,-34.99825009,-34.99825009,1,2,2,0,0,0,BLM,1,Afropwnswest,1,1,NA,0,0,2.52E-07,0.00050226,1,0.000502513,1,0.000502513,0,0,1,1,0,7.48E-08,BLM
Agent0047,20601081,1/20/14,1,2,30,-91.52887336,-91.52887336,14,17,17,0,0,0,558,11.87668028,16.96287773,659,889,892,0,0,3,FIFA,2,Agent0047,2,1,NA,0,0,2.52E-07,0.00050226,0,0,0,0,0,0,0,0,0,0,FIFA
Agiufurta,22851142,10/15/14,1,2,8,67.79864403,67.79864403,2,5,5,0,0,0,129,141.1971761,141.1971761,2,5,5,0,0,0,ebola,2,Agiufurta,2,1,NA,0,0,2.52E-07,0.00050226,0,0,0,0,0,0,0,0,0,0,ebola
Ahavahisrael,22057934,8/4/14,1,2,25,208.0407998,357.4587888,10,13,24,1,10,0,43,169.1802802,185.4976813,7,8,11,1,2,0,ebola,2,Ahavahisrael,2,1,NA,0,0,2.52E-07,0.00050226,1,0.000502513,1,0.000502513,0,0,1,1,0,0,ebola
Akkckkc,25865582,7/27/15,1,1,0,63.49682516,63.49682516,1,2,2,0,0,0,0,0,0,0,0,0,0,0,0,BLM,1,Akkckkc,1,1,NA,0,0,2.52E-07,0.00050226,0,0,0,0,0,0,0,0,0,0,BLM
AlaskanNativeRU,24682483,4/8/15,0,2,30,86.65935749,1.872879769,57,118,138,11,2,5,891,19.43073453,28.62083812,520,1142,1386,102,5,84,BLM,2,AlaskanNativeRU,2,1,0,3,7.58E-07,2.53E-07,0.000502512,5,0.002512563,4,0.00201005,1,0.000502513,19,16,3,0,BLM
Alex 75596,21556280,6/5/14,1,2,26,0.333332222,0.333332222,13,30,30,0,0,0,0,0.99990001,0.99990001,1,1,1,0,0,0,FIFA,2,Alex 75596,2,1,NA,0,0,2.52E-07,0.00050226,0,0,0,0,0,0,0,0,0,0,FIFA
Alikaraji78,21553092,6/4/14,1,2,28,18.88224187,18.88224187,4,17,17,0,0,0,15,25.33248892,25.33248892,1,3,3,0,0,0,FIFA,2,Alikaraji78,2,1,NA,0,0,2.52E-07,0.00050226,0,0,0,0,0,0,0,0,0,0,FIFA
Allegations,25905471,8/1/15,1,3,1,99.599336,18.44423951,1,9,15,2,0,4,0,0,0,0,0,0,0,0,0,BLM,3,Allegations,3,1,0,5605,0.00141608,3.39E-07,0.000674519,4,0.00201005,2,0.001005025,2,0.001005025,9,5,4,8.79E-07,BLM
Alpha Monarch,21632347,6/16/14,1,3,30,344.3858786,139.3046612,132,233,399,26,37,61,778,773.248785,285.7509753,580,996,2327,60,304,813,FIFA,3,Alpha Monarch,3,1,0,4520,0.001141959,2.57E-07,0.000512294,52,0.026130653,13,0.006532663,39,0.01959799,66,20,46,6.12E-06,FIFA
Alvisprabhu1,22174142,8/12/14,1,1,0,0,0,1,1,1,0,0,0,0,0,0,0,0,0,0,0,0,ebola,1,Alvisprabhu1,1,1,NA,0,0,2.52E-07,0.00050226,0,0,0,0,0,0,0,0,0,0,ebola
Amax1701,25757421,7/13/15,1,2,28,20.38445858,20.38445858,8,13,13,0,0,0,102,43.71982512,43.71982512,11,25,25,0,0,0,BLM,2,Amax1701,2,1,NA,0,0,2.52E-07,0.00050226,1,0.000502513,1,0.000502513,0,0,1,1,0,0,BLM
Ammorain,22736357,10/3/14,1,2,0,864.6913531,864.6913531,3,10,10,0,0,0,294,68.74984375,64.39519908,11,43,44,0,0,1,ebola,2,Ammorain,2,1,NA,0,0,2.52E-07,0.00050226,0,0,0,0,0,0,0,0,0,0,ebola
Amortias,21319995,5/3/14,0,3,30,309.1426452,94.16752815,302,376,820,27,22,205,1231,689.9937485,737.8441344,7101,8912,25285,399,2196,10719,BLM,3,Amortias,3,1,0,3998,0.001010078,2.75E-07,0.000548241,188,0.094472362,24,0.012060302,164,0.08241206,224,32,192,7.72E-05,BLM
AngelisDragon,23051129,11/2/14,1,1,1,-22.33258891,-22.33258891,2,3,3,0,0,0,0,0,0,0,0,0,0,0,0,ebola,1,AngelisDragon,1,1,NA,0,0,2.52E-07,0.00050226,1,0.000502513,1,0.000502513,0,0,1,1,0,0.000195397,ebola
Anouyous151,25857880,7/26/15,1,1,3,0.333322223,0.333322223,3,3,3,0,0,0,0,0,0,0,0,0,0,0,0,BLM,1,Anouyous151,1,1,NA,0,0,2.52E-07,0.00050226,0,0,0,0,0,0,0,0,0,0,BLM
Anthony112358,24732752,4/11/15,1,1,0,0,0,1,1,1,0,0,0,0,0,0,0,0,0,0,0,0,ebola,1,Anthony112358,1,1,NA,0,0,2.52E-07,0.00050226,0,0,0,0,0,0,0,0,0,0,ebola
Anuragpai123,21458734,5/22/14,1,2,8,-6.399872003,-6.399872003,4,5,5,0,0,0,0,0,0,0,0,0,0,0,0,FIFA,2,Anuragpai123,2,1,NA,0,0,2.52E-07,0.00050226,0,0,0,0,0,0,0,0,0,0,FIFA
Aparuthi,22646930,9/25/14,1,3,4,-774.1537641,0,0,0,6,0,3,3,25,-255.7715647,-461.0867174,1,11,22,10,0,1,ebola,3,Aparuthi,3,1,0,0,0,2.52E-07,0.00050226,3,0.001507538,3,0.001507538,0,0,10,10,0,1.52E-06,ebola
Apox 24,22213692,8/15/14,1,1,0,-56.99715014,-56.99715014,1,2,2,0,0,0,0,0,0,0,0,0,0,0,0,ebola,1,Apox 24,1,1,NA,0,0,2.52E-07,0.00050226,0,0,0,0,0,0,0,0,0,0,ebola
Aragornbattle,22806372,10/10/14,1,1,0,20.33265558,20.33265558,1,3,3,0,0,0,0,0,0,0,0,0,0,0,0,ebola,1,Aragornbattle,1,1,NA,0,0,2.52E-07,0.00050226,1,0.000502513,1,0.000502513,0,0,1,1,0,0,ebola
Ariq maul,21797377,7/10/14,1,1,0,-34.99825009,-34.99825009,1,2,2,0,0,0,0,0,0,0,0,0,0,0,0,FIFA,1,Ariq maul,1,1,NA,0,0,2.52E-07,0.00050226,0,0,0,0,0,0,0,0,0,0,FIFA
Arjunsanyal,21538496,6/2/14,0,2,19,96.38387397,96.38387397,6,13,13,0,0,0,1132,81.79468963,82.34596669,255,1688,1734,1,0,5,FIFA,2,Arjunsanyal,2,1,NA,0,0,2.52E-07,0.00050226,1,0.000502513,1,0.000502513,0,0,1,1,0,0,FIFA
Arsalan a.gh,21550334,6/4/14,1,1,0,3.99960004,3.99960004,1,1,1,0,0,0,52,33.39933201,33.39933201,4,5,5,0,0,0,FIFA,1,Arsalan a.gh,1,1,NA,0,0,2.52E-07,0.00050226,0,0,0,0,0,0,0,0,0,0,FIFA
Arslan963,21421968,5/17/14,1,2,0,159.9946668,159.9946668,3,3,3,0,0,0,0,0,0,0,0,0,0,0,0,FIFA,2,Arslan963,2,1,NA,0,0,2.52E-07,0.00050226,1,0.000502513,1,0.000502513,0,0,1,1,0,0,FIFA
Asere3000,26389553,9/29/15,1,1,0,94.99050095,94.99050095,1,1,1,0,0,0,0,0,0,0,0,0,0,0,0,BLM,1,Asere3000,1,1,NA,0,0,2.52E-07,0.00050226,0,0,0,0,0,0,0,0,0,0,BLM
Ashish kumar sharma99,21786302,7/8/14,1,1,0,298.9850507,11.99880012,1,1,2,0,1,0,0,0,0,0,0,0,0,0,0,FIFA,1,Ashish kumar sharma99,1,1,NA,0,0,2.52E-07,0.00050226,0,0,0,0,0,0,0,0,0,0,FIFA
Ashu-97,21624226,6/15/14,1,1,0,86.9971001,86.9971001,1,3,3,0,0,0,0,70.99290071,70.99290071,1,1,1,0,0,0,FIFA,1,Ashu-97,1,1,NA,0,0,2.52E-07,0.00050226,0,0,0,0,0,0,0,0,0,0,FIFA
Asniaaprilia,21348121,5/7/14,1,1,0,221.4889256,221.4889256,1,2,2,0,0,0,0,0,0,0,0,0,0,0,0,FIFA,1,Asniaaprilia,1,1,NA,0,0,2.52E-07,0.00050226,0,0,0,0,0,0,0,0,0,0,FIFA
Asracing120,23254673,11/22/14,1,1,0,110.9889011,110.9889011,1,1,1,0,0,0,0,0,0,0,0,0,0,0,0,ebola,1,Asracing120,1,1,NA,0,0,2.52E-07,0.00050226,1,0.000502513,1,0.000502513,0,0,2,2,0,0,ebola
Assasin chan666,22822332,10/12/14,1,1,0,54.99450055,54.99450055,1,1,1,0,0,0,0,0,0,0,0,0,0,0,0,ebola,1,Assasin chan666,1,1,NA,0,0,2.52E-07,0.00050226,1,0.000502513,1,0.000502513,0,0,1,1,0,5.17E-05,ebola
Aurelienreys,21306816,5/1/14,1,2,0,119.6656695,119.6656695,8,12,12,0,0,0,0,0,0,0,0,0,0,0,0,FIFA,2,Aurelienreys,2,1,NA,0,0,2.52E-07,0.00050226,0,0,0,0,0,0,0,0,0,0,FIFA
AutonomousOrangePages,23378365,12/3/14,1,1,0,0,0,1,1,1,0,0,0,0,0,0,0,0,0,0,0,0,BLM,1,AutonomousOrangePages,1,1,NA,0,0,2.52E-07,0.00050226,0,0,0,0,0,0,0,0,0,0,BLM
AuxZane,22488679,9/10/14,1,2,14,4.538426627,4.538426627,9,13,13,0,0,0,386,0.199998,0.199998,4,10,10,0,0,0,ebola,2,AuxZane,2,1,NA,0,0,2.52E-07,0.00050226,0,0,0,0,0,0,0,0,0,0,ebola
BadDJ,25823689,7/22/15,1,2,5,48.6246961,48.6246961,3,16,16,0,0,0,0,0,0,0,0,0,0,0,0,BLM,2,BadDJ,2,1,NA,0,0,2.52E-07,0.00050226,0,0,0,0,0,0,0,0,0,0,BLM
Bal Mungram,21767315,7/6/14,1,1,0,184.9907505,184.9907505,1,2,2,0,0,0,1051,135.4718459,135.4718459,21,36,36,0,0,0,FIFA,1,Bal Mungram,1,1,NA,0,0,2.52E-07,0.00050226,0,0,0,0,0,0,0,0,0,0,FIFA
Bander.Quraishi,22332479,8/26/14,1,1,0,4.99950005,4.99950005,1,1,1,0,0,0,0,0,0,0,0,0,0,0,0,BLM,1,Bander.Quraishi,1,1,NA,0,0,2.52E-07,0.00050226,0,0,0,0,0,0,0,0,0,0,BLM
Barnaby.rostant,21714764,6/28/14,1,1,0,-107.9892011,-107.9892011,1,1,1,0,0,0,0,0,0,0,0,0,0,0,0,FIFA,1,Barnaby.rostant,1,1,NA,0,0,2.52E-07,0.00050226,1,0.000502513,1,0.000502513,0,0,1,1,0,0,FIFA
Basefut,21738163,7/1/14,1,2,0,21.49964167,21.49964167,6,6,6,0,0,0,0,0,0,0,0,0,0,0,0,FIFA,2,Basefut,2,1,NA,0,0,2.52E-07,0.00050226,0,0,0,0,0,0,0,0,0,0,FIFA
BatHunter,22065417,8/5/14,1,1,1,264.1390837,253.9957667,1,6,7,1,0,0,75,-39.39921202,-39.39921202,2,5,5,0,0,0,BLM,1,BatHunter,1,1,NA,0,0,2.52E-07,0.00050226,0,0,0,0,0,0,0,0,0,0,BLM
Bbetev2,21783006,7/8/14,1,2,10,18.799812,18.799812,5,10,10,0,0,0,0,0,0,0,0,0,0,0,0,FIFA,2,Bbetev2,2,1,NA,0,0,2.52E-07,0.00050226,1,0.000502513,1,0.000502513,0,0,1,1,0,0,FIFA
Benjaminherberger,21635583,6/17/14,1,1,1,670.6443119,670.6443119,2,3,3,0,0,0,0,0,0,1,1,1,0,0,0,FIFA,1,Benjaminherberger,1,1,NA,0,0,2.52E-07,0.00050226,0,0,0,0,0,0,0,0,0,0,FIFA
Bhavinderrao9,21896149,7/23/14,1,1,0,158.9841016,158.9841016,1,1,1,0,0,0,0,0,0,0,0,0,0,0,0,ebola,1,Bhavinderrao9,1,1,NA,0,0,2.52E-07,0.00050226,0,0,0,0,0,0,0,0,0,0,ebola
Big12isu,23369095,12/3/14,1,1,0,90.99090091,90.99090091,1,1,1,0,0,0,0,0,0,0,0,0,0,0,0,BLM,1,Big12isu,1,1,NA,0,0,2.52E-07,0.00050226,1,0.000502513,1,0.000502513,0,0,1,1,0,0,BLM
BigFaCL,21314864,5/2/14,1,1,0,43.99560044,43.99560044,1,1,1,0,0,0,0,0,0,0,0,0,0,0,0,FIFA,1,BigFaCL,1,1,NA,0,0,2.52E-07,0.00050226,0,0,0,0,0,0,0,0,0,0,FIFA
Bluemousered,23334109,11/29/14,1,1,0,12.99870013,12.99870013,1,1,1,0,0,0,844,317.2186976,3.499956251,3,8,9,1,0,0,BLM,1,Bluemousered,1,1,NA,0,0,2.52E-07,0.00050226,0,0,0,0,0,0,0,0,0,0,BLM
Blzjms,23377306,12/3/14,1,1,0,-81.99180082,-81.99180082,1,1,1,0,0,0,0,0,0,0,0,0,0,0,0,BLM,1,Blzjms,1,1,NA,0,0,2.52E-07,0.00050226,0,0,0,0,0,0,0,0,0,0,BLM
Bmf 051,21404818,5/15/14,0,3,30,112.8675641,60.23397847,30,94,136,0,41,0,1217,61.99661325,29.53858284,2485,10756,18899,131,5714,150,FIFA,3,Bmf 051,3,1,NA,0,0,2.52E-07,0.00050226,0,0,0,0,0,0,0,0,0,0,FIFA
BookOfJahMez,22961808,10/25/14,1,1,0,2217.778222,2217.778222,1,1,1,0,0,0,0,0,0,0,0,0,0,0,0,ebola,1,BookOfJahMez,1,1,NA,0,0,2.52E-07,0.00050226,1,0.000502513,1,0.000502513,0,0,1,1,0,1.12E-06,ebola
BoomChakaLakaBoom,23566036,12/23/14,1,1,0,11.99880012,11.99880012,1,1,1,0,0,0,0,0,0,0,0,0,0,0,0,BLM,1,BoomChakaLakaBoom,1,1,NA,0,0,2.52E-07,0.00050226,0,0,0,0,0,0,0,0,0,0,BLM
BoricuaBonita,25871548,7/28/15,1,1,0,-43.99560044,-43.99560044,1,1,1,0,0,0,0,0,0,0,0,0,0,0,0,BLM,1,BoricuaBonita,1,1,NA,0,0,2.52E-07,0.00050226,0,0,0,0,0,0,0,0,0,0,BLM
BrianGroen,22058183,8/4/14,1,1,29,122.7849763,108.68746,2,272,307,24,0,11,626,97.09378204,62.90669663,36,2015,2623,416,24,129,ebola,1,BrianGroen,1,1,0.044444444,5772,0.001458272,2.61E-07,0.000519185,10,0.005025126,4,0.00201005,6,0.003015075,30,11,19,8.05E-05,ebola
BunnyTaker55,22945140,10/23/14,1,2,0,-23.99880006,-23.99880006,2,2,2,0,0,0,0,0,0,0,0,0,0,0,0,BLM,2,BunnyTaker55,2,1,NA,0,0,2.52E-07,0.00050226,0,0,0,0,0,0,0,0,0,0,BLM
Cabj94,21373646,5/10/14,0,2,30,485.6051722,496.9316254,59,1083,1112,0,0,0,1220,364.4246943,372.6442678,470,5746,6089,0,191,6,FIFA,2,Cabj94,2,1,0,0,0,2.52E-07,0.00050226,5,0.002512563,5,0.002512563,0,0,8,8,0,0,FIFA
Caealn,21564287,6/6/14,1,2,25,12.9121173,23.98135901,214,322,330,0,0,7,1042,47.38862559,47.83174222,252,422,440,0,14,1,FIFA,2,Caealn,2,1,0,7,1.77E-06,2.53E-07,0.000502765,6,0.003015075,4,0.00201005,2,0.001005025,8,4,4,0,FIFA
CalLightman1990,26729435,11/7/15,1,2,1,204.1959161,169.7457564,1,4,5,1,0,0,0,-0.99990001,-0.99990001,1,1,1,0,0,0,BLM,2,CalLightman1990,2,1,NA,0,0,2.52E-07,0.00050226,0,0,0,0,0,0,0,0,0,0,BLM
Calthaus,22394843,9/1/14,1,1,0,2004.79952,2004.79952,1,1,1,0,0,0,0,185.9907005,185.9907005,2,2,2,0,0,0,ebola,1,Calthaus,1,1,NA,0,0,2.52E-07,0.00050226,0,0,0,0,0,0,0,0,0,0,ebola
Car200,21926087,7/26/14,1,1,0,122.9938503,122.9938503,1,2,2,0,0,0,0,0,0,0,0,0,0,0,0,ebola,1,Car200,1,1,NA,0,0,2.52E-07,0.00050226,1,0.000502513,1,0.000502513,0,0,1,1,0,0,ebola
Carcake1999,22493912,9/10/14,1,2,26,15.17776653,9.153839112,87,130,135,0,0,5,3,17.34991325,11.21046731,8,19,20,0,0,1,ebola,2,Carcake1999,2,1,0,194,4.90E-05,2.53E-07,0.000502765,7,0.003517588,5,0.002512563,2,0.001005025,8,6,2,0.000102597,ebola
Cathar66,23395611,12/5/14,1,3,29,162.356563,-44.13616302,12,22,28,0,2,4,938,152.0706538,262.8520391,166,453,665,47,46,83,BLM,3,Cathar66,3,1,0,1,2.53E-07,2.53E-07,0.000502512,2,0.001005025,1,0.000502513,1,0.000502513,4,1,3,0,BLM
Cbowman7289,22645352,9/24/14,1,3,1,151.6656556,0,0,0,15,0,15,0,436,330.9974539,2334.766523,1,1,13,6,6,0,ebola,3,Cbowman7289,3,1,NA,0,0,2.52E-07,0.00050226,0,0,0,0,0,0,0,0,0,0,ebola
Cbursaw,23398438,12/5/14,1,2,28,35.98239301,35.98239301,13,57,57,0,0,0,834,38.95214938,41.93660103,161,978,1045,0,0,1,BLM,2,Cbursaw,2,1,NA,0,0,2.52E-07,0.00050226,1,0.000502513,1,0.000502513,0,0,2,2,0,0,BLM
CDC Latam,22210107,8/15/14,1,1,0,77.99220078,77.99220078,1,1,1,0,0,0,0,0,0,0,0,0,0,0,0,ebola,1,CDC Latam,1,1,NA,0,0,2.52E-07,0.00050226,0,0,0,0,0,0,0,0,0,0,ebola
Cewlt,24382660,3/10/15,1,2,15,82.11019878,82.11019878,4,9,9,0,0,0,649,-42.03294394,-65.9197124,115,162,182,1,9,6,BLM,2,Cewlt,2,1,NA,0,0,2.52E-07,0.00050226,0,0,0,0,0,0,0,0,0,0,BLM
Cfavsmba,23580749,12/24/14,1,2,0,16.99943335,16.99943335,2,3,3,0,0,0,0,0,0,0,0,0,0,0,0,BLM,2,Cfavsmba,2,1,NA,0,0,2.52E-07,0.00050226,1,0.000502513,1,0.000502513,0,0,2,2,0,0,BLM
Cfcgau,23042377,11/2/14,1,1,0,-6.99930007,-6.99930007,1,1,1,0,0,0,0,0,0,0,0,0,0,0,0,ebola,1,Cfcgau,1,1,NA,0,0,2.52E-07,0.00050226,1,0.000502513,1,0.000502513,0,0,1,1,0,0.000195397,ebola
Chaiso123,23399457,12/6/14,1,2,0,23.49941251,2.999900003,3,3,4,0,0,1,0,0,0,0,0,0,0,0,0,ebola,2,Chaiso123,2,1,0,0,0,2.53E-07,0.000502765,2,0.001005025,1,0.000502513,1,0.000502513,2,1,1,0,ebola
ChamithN,21929136,7/26/14,0,2,30,157.5127397,72.66418054,89,137,195,10,20,20,1150,303.2767349,66.11355346,3317,12690,20272,1232,334,5067,BLM,2,ChamithN,2,1,0,606,0.000153103,2.53E-07,0.000504032,10,0.005025126,4,0.00201005,6,0.003015075,15,6,9,1.76E-05,BLM
Chibike94,21970264,7/31/14,1,1,0,-2.999850007,-2.999850007,1,2,2,0,0,0,0,0,0,0,0,0,0,0,0,ebola,1,Chibike94,1,1,NA,0,0,2.52E-07,0.00050226,0,0,0,0,0,0,0,0,0,0,ebola
Chief hiccup horrendous haddock,21480626,5/25/14,1,2,28,-76.66630159,-105.4204978,6,19,21,0,0,2,12,56.71347552,56.71347552,4,7,7,0,0,0,FIFA,2,Chief hiccup horrendous haddock,2,1,0,87,2.20E-05,2.58E-07,0.000513841,4,0.00201005,2,0.001005025,2,0.001005025,6,4,2,6.25E-05,FIFA
Chiffchaff2015,25571777,6/22/15,1,1,0,1.999971429,1.999971429,1,7,7,0,0,0,0,0,0,0,0,0,0,0,0,BLM,1,Chiffchaff2015,1,1,NA,0,0,2.52E-07,0.00050226,1,0.000502513,1,0.000502513,0,0,2,2,0,0,BLM
Chizzy92,21965356,7/30/14,1,1,0,-12.99870013,-12.99870013,1,1,1,0,0,0,0,0,0,0,0,0,0,0,0,ebola,1,Chizzy92,1,1,NA,0,0,2.52E-07,0.00050226,0,0,0,0,0,0,0,0,0,0,ebola
Chris2787,21381203,5/12/14,1,1,0,-7.99920008,-7.99920008,1,1,1,0,0,0,0,0,0,0,0,0,0,0,0,FIFA,1,Chris2787,1,1,NA,0,0,2.52E-07,0.00050226,0,0,0,0,0,0,0,0,0,0,FIFA
Chyluchicago,22725398,10/2/14,1,2,24,180.3313297,82.99834003,2,5,9,4,0,0,0,0,0,0,0,0,0,0,0,ebola,2,Chyluchicago,2,1,NA,0,0,2.52E-07,0.00050226,0,0,0,0,0,0,0,0,0,0,ebola
CitiV,22123746,8/8/14,1,3,30,31.56344377,26.92427495,147,383,394,9,0,0,257,37.72201266,-21.49982083,7,12,18,0,0,0,BLM,3,CitiV,3,1,0,0,0,2.52E-07,0.00050226,3,0.001507538,3,0.001507538,0,0,4,4,0,0,BLM
Cjsmith.us,21746182,7/2/14,1,2,16,32.64686678,12.36352397,8,11,17,0,2,1,985,144.8413429,5.699943001,7,10,19,0,4,2,FIFA,2,Cjsmith.us,2,1,0,3,7.58E-07,2.53E-07,0.000502513,4,0.00201005,3,0.001507538,1,0.000502513,5,4,1,0,FIFA
ClassicOnAStick,21693145,6/26/14,0,2,30,-5.369120105,5.407244192,329,911,978,5,0,23,1176,5.905920202,6.650569264,13086,44003,47853,330,32,98,FIFA,2,ClassicOnAStick,2,1,0,142,3.59E-05,2.53E-07,0.000502513,6,0.003015075,5,0.002512563,1,0.000502513,10,9,1,0.000117054,FIFA
Clinton227,23274467,11/24/14,1,1,0,-207.9792021,-207.9792021,1,1,1,0,0,0,0,0,0,0,0,0,0,0,0,ebola,1,Clinton227,1,1,0,0,0,2.52E-07,0.00050226,2,0.001005025,2,0.001005025,0,0,3,3,0,7.23E-05,ebola
Clinton30,21179961,4/13/14,1,2,19,103.4948253,103.4948253,2,2,2,0,0,0,0,0,0,0,0,0,0,0,0,FIFA,2,Clinton30,2,1,NA,0,0,2.52E-07,0.00050226,0,0,0,0,0,0,0,0,0,0,FIFA
CookieMonster755,22164567,8/11/14,0,3,0,0,0,0,0,0,0,0,0,1119,347.8258279,164.5184105,1188,2552,6511,1306,588,1249,BLM,3,CookieMonster755,3,1,0,0,0,2.52E-07,0.00050226,2,0.001005025,2,0.001005025,0,0,2,2,0,0,BLM
Coolguy1235,23142341,11/11/14,1,1,0,24.99750025,24.99750025,1,1,1,0,0,0,0,0,0,0,0,0,0,0,0,ebola,1,Coolguy1235,1,1,NA,0,0,2.52E-07,0.00050226,1,0.000502513,1,0.000502513,0,0,1,1,0,0,ebola
Coolguy922,21562873,6/5/14,1,2,26,12.29409957,12.29409957,43,68,68,0,0,0,444,-7.299995706,7.035498796,117,169,170,0,0,1,FIFA,2,Coolguy922,2,1,0,0,0,2.52E-07,0.00050226,3,0.001507538,3,0.001507538,0,0,3,3,0,0,BLM
Coreysutphin,26538214,10/16/15,1,1,0,-2483.751625,-2483.751625,1,1,1,0,0,0,0,0,0,0,0,0,0,0,0,BLM,1,Coreysutphin,1,1,NA,0,0,2.52E-07,0.00050226,1,0.000502513,1,0.000502513,0,0,1,1,0,0,BLM
Cowpie12345678901,25800235,7/18/15,1,1,0,19.99900005,19.99900005,1,2,2,0,0,0,0,0,0,0,0,0,0,0,0,BLM,1,Cowpie12345678901,1,1,NA,0,0,2.52E-07,0.00050226,1,0.000502513,1,0.000502513,0,0,2,2,0,0,BLM
Crogand3,22632556,9/23/14,1,3,2,129.7974041,0,0,0,5,0,5,0,22,419.3263446,0.499975001,1,2,6,4,0,0,ebola,3,Crogand3,3,1,NA,0,0,2.52E-07,0.00050226,0,0,0,0,0,0,0,0,0,0,ebola
Cttuckerrrr,21729600,6/30/14,1,1,7,0,0,1,2,2,0,0,0,0,0,0,0,0,0,0,0,0,FIFA,1,Cttuckerrrr,1,1,NA,0,0,2.52E-07,0.00050226,1,0.000502513,1,0.000502513,0,0,1,1,0,0,FIFA
CyberWarfare,25812203,7/20/15,1,2,30,634.7308058,782.6977617,121,169,368,28,47,116,59,-20.35385842,769.1046154,400,525,1088,17,24,483,BLM,2,CyberWarfare,2,1,0,0,0,2.56E-07,0.000509417,13,0.006532663,0,0,13,0.006532663,15,0,15,0,BLM
CynthiaAch,21599510,6/11/14,1,1,0,2.99970003,2.99970003,1,1,1,0,0,0,0,0,0,0,0,0,0,0,0,FIFA,1,CynthiaAch,1,1,NA,0,0,2.52E-07,0.00050226,0,0,0,0,0,0,0,0,0,0,FIFA
Daddy2d,23617662,12/29/14,1,1,0,56.99430057,56.99430057,1,1,1,0,0,0,0,0,0,0,0,0,0,0,0,BLM,1,Daddy2d,1,1,NA,0,0,2.52E-07,0.00050226,0,0,0,0,0,0,0,0,0,0,BLM
Damvile,23253239,11/21/14,1,2,22,283.9059311,255.1012238,127,306,383,24,27,11,0,0,0,0,0,0,0,0,0,BLM,2,Damvile,2,1,0,94,2.37E-05,2.53E-07,0.000502512,3,0.001507538,2,0.001005025,1,0.000502513,10,8,2,0.000201782,BLM
DangerousJXD,22220474,8/16/14,0,2,17,116.7886067,3.504198736,69,119,317,3,35,65,984,0.67683957,-13.60296658,13084,35259,39058,776,1646,755,BLM,2,DangerousJXD,2,1,0,29259.5,0.007392291,3.36E-07,0.000668822,21,0.010552764,8,0.004020101,13,0.006532663,59,25,34,0.020245886,BLM
Danjuma10,22308202,8/24/14,1,2,1,293.9958001,293.9958001,5,7,7,0,0,0,0,0,0,0,0,0,0,0,0,BLM,2,Danjuma10,2,1,NA,0,0,2.52E-07,0.00050226,1,0.000502513,1,0.000502513,0,0,1,1,0,0,BLM
Daqueenonmypeen,23265487,11/23/14,1,1,0,-366.4816759,-366.4816759,1,2,2,0,0,0,0,0,0,0,0,0,0,0,0,ebola,1,Daqueenonmypeen,1,1,NA,0,0,2.52E-07,0.00050226,1,0.000502513,1,0.000502513,0,0,6,6,0,2.85E-06,ebola
Darcty rice,26896170,11/26/15,1,1,0,18.99810019,18.99810019,1,1,1,0,0,0,0,0,0,0,0,0,0,0,0,BLM,1,Darcty rice,1,1,NA,0,0,2.52E-07,0.00050226,0,0,0,0,0,0,0,0,0,0,BLM
DatGuy,26830382,11/18/15,0,2,30,430.303421,576.3080043,377,555,1829,85,209,773,670,249.1113957,306.4652266,9765,11317,20997,452,1088,6055,BLM,2,DatGuy,2,1,0,27884.5,0.007044903,3.36E-07,0.000668733,154,0.077386935,28,0.014070352,126,0.063316583,252,54,198,0.016577492,BLM
Dbonte35,22195037,8/13/14,1,1,0,265.9734027,265.9734027,1,1,1,0,0,0,0,0,0,0,0,0,0,0,0,BLM,1,Dbonte35,1,1,NA,0,0,2.52E-07,0.00050226,0,0,0,0,0,0,0,0,0,0,BLM
Deangelohnynjyjyj,22947010,10/23/14,1,1,0,-114.9885011,-114.9885011,1,1,1,0,0,0,0,0,0,0,0,0,0,0,0,ebola,1,Deangelohnynjyjyj,1,1,NA,0,0,2.52E-07,0.00050226,0,0,0,0,0,0,0,0,0,0,ebola
Deeeogo,25780540,7/16/15,1,2,30,85.69184386,86.01955264,128,511,516,2,0,0,670,244.8444248,242.7412723,974,4414,4641,8,0,1,BLM,2,Deeeogo,2,1,0,0,0,2.52E-07,0.00050226,2,0.001005025,2,0.001005025,0,0,2,2,0,1.02E-05,BLM
Deeznutzhagotem,25077931,5/5/15,1,1,10,-116.797664,-116.797664,2,5,5,0,0,0,0,-0.499975001,-0.499975001,1,2,2,0,0,0,BLM,1,Deeznutzhagotem,1,1,0,0,0,2.52E-07,0.00050226,2,0.001005025,2,0.001005025,0,0,2,2,0,0,BLM
DeLittle,24721351,4/11/15,1,2,21,107.6918935,107.6918935,14,26,26,0,0,0,0,0,0,0,0,0,0,0,0,BLM,2,DeLittle,2,1,NA,0,0,2.52E-07,0.00050226,0,0,0,0,0,0,0,0,0,0,BLM
Dengg2,24345691,3/7/15,1,1,0,26.99730027,26.99730027,1,1,1,0,0,0,0,0,0,0,0,0,0,0,0,BLM,1,Dengg2,1,1,NA,0,0,2.52E-07,0.00050226,0,0,0,0,0,0,0,0,0,0,BLM
Denniscabrams,24382878,3/10/15,0,2,24,147.7210118,127.1510149,46,86,104,2,14,0,923,125.6071156,124.0579094,2949,5612,5704,28,27,9,BLM,2,Denniscabrams,2,1,0,0,0,2.52E-07,0.00050226,2,0.001005025,2,0.001005025,0,0,3,3,0,0,BLM
DERPALERT,24532235,3/24/15,0,3,30,90.11459228,98.18858661,39,106,157,12,22,11,906,104.1449315,115.5127404,314,784,1028,35,77,0,BLM,3,DERPALERT,3,1,0,0,0,2.52E-07,0.00050226,4,0.00201005,4,0.00201005,0,0,11,11,0,0,BLM
Desertguardsman,23595994,12/26/14,1,1,0,272.9727027,272.9727027,1,1,1,0,0,0,0,-6.666444452,-6.666444452,1,3,3,0,0,0,BLM,1,Desertguardsman,1,1,NA,0,0,2.52E-07,0.00050226,1,0.000502513,1,0.000502513,0,0,1,1,0,7.48E-08,BLM
DestinationAlan,21614443,6/13/14,1,2,1,222.8864124,222.8864124,5,9,9,0,0,0,927,228.7534963,203.2742703,215,576,637,3,2,43,FIFA,2,DestinationAlan,2,1,NA,0,0,2.52E-07,0.00050226,1,0.000502513,1,0.000502513,0,0,1,1,0,2.48E-07,FIFA
Dianaoh339,23387877,12/4/14,1,2,9,196.0377075,233.3110418,9,16,26,0,9,1,0,0,0,0,0,0,0,0,0,BLM,2,Dianaoh339,2,1,NA,0,0,2.52E-07,0.00050226,1,0.000502513,1,0.000502513,0,0,1,1,0,0,BLM
DiscantX,23278095,11/24/14,1,2,29,222.1912812,142.6733723,97,147,209,16,14,15,981,749.0304396,614.9113815,1649,2156,4334,85,139,1497,BLM,2,DiscantX,2,1,0,0,0,2.54E-07,0.000504795,10,0.005025126,0,0,10,0.005025126,11,0,11,0,BLM
Doc Ayomide,21941077,7/28/14,1,1,11,-9.999500025,-9.999500025,2,2,2,0,0,0,0,0,0,0,0,0,0,0,0,ebola,1,Doc Ayomide,1,1,NA,0,0,2.52E-07,0.00050226,0,0,0,0,0,0,0,0,0,0,ebola
Doctorjokes,22166581,8/11/14,1,1,0,217.9782022,217.9782022,1,1,1,0,0,0,0,0,0,0,0,0,0,0,0,ebola,1,Doctorjokes,1,1,NA,0,0,2.52E-07,0.00050226,0,0,0,0,0,0,0,0,0,0,ebola
DomanicAssyrian,22951759,10/24/14,1,3,2,31.7774247,-6.749831254,1,4,9,0,2,0,0,0,0,0,0,0,0,0,0,ebola,3,DomanicAssyrian,3,1,NA,0,0,2.52E-07,0.00050226,1,0.000502513,1,0.000502513,0,0,2,2,0,0,ebola
Dontmakemetypepasswordagain,26733996,11/7/15,1,3,27,40.14979925,-62.88198305,3,17,20,0,1,2,149,711.2644444,832.4857467,6,76,272,72,0,36,BLM,3,Dontmakemetypepasswordagain,3,1,NA,0,0,2.53E-07,0.000502513,1,0.000502513,0,0,1,0.000502513,1,0,1,0,BLM
DoubleDr,23868411,1/22/15,1,2,19,463.99536,463.99536,8,10,10,0,0,0,49,565.5886882,565.5886882,4,5,5,0,0,0,ebola,2,DoubleDr,2,1,NA,0,0,2.52E-07,0.00050226,0,0,0,0,0,0,0,0,0,0,ebola
Douglas.j.chapman,22301296,8/23/14,1,1,0,284.9715028,284.9715028,1,1,1,0,0,0,0,0,0,0,0,0,0,0,0,BLM,1,Douglas.j.chapman,1,1,NA,0,0,2.52E-07,0.00050226,0,0,0,0,0,0,0,0,0,0,BLM
Dr.Oberd,23509049,12/16/14,1,1,0,438.9561044,438.9561044,1,1,1,0,0,0,0,240.3253225,240.3253225,2,3,3,0,0,0,ebola,1,Dr.Oberd,1,1,NA,0,0,2.52E-07,0.00050226,0,0,0,0,0,0,0,0,0,0,ebola
DuckMan23,22079756,8/5/14,1,1,1,7.999800005,7.999800005,1,4,4,0,0,0,0,0,0,0,0,0,0,0,0,ebola,1,DuckMan23,1,1,NA,0,0,2.52E-07,0.00050226,0,0,0,0,0,0,0,0,0,0,ebola
Dunkleosteus77,24697189,4/9/15,0,2,30,435.1341158,589.6180956,39,262,626,97,200,21,887,465.7615615,525.4480591,259,2629,4991,1076,469,222,ebola,2,Dunkleosteus77,2,1,0,492,0.000124302,2.53E-07,0.000503524,10,0.005025126,6,0.003015075,4,0.00201005,19,14,5,6.66E-05,ebola
Dylang010,22011743,8/2/14,1,1,0,-1.99980002,-1.99980002,1,1,1,0,0,0,0,0,0,0,0,0,0,0,0,ebola,1,Dylang010,1,1,NA,0,0,2.52E-07,0.00050226,0,0,0,0,0,0,0,0,0,0,ebola
E10QZ,22198436,8/14/14,1,1,11,34.49827509,34.49827509,2,2,2,0,0,0,85,53.99820006,53.99820006,2,3,3,0,0,0,BLM,1,E10QZ,1,1,NA,0,0,2.52E-07,0.00050226,0,0,0,0,0,0,0,0,0,0,BLM
"Eat me, I'm an azuki",25540432,6/19/15,0,2,29,543.3134527,68.70723328,61,82,271,2,48,52,819,748.3880717,264.0372653,670,858,2471,49,485,673,BLM,2,NA,NA,NA,NA,NA,NA,NA,NA,NA,NA,NA,NA,NA,NA,NA,NA,NA,NA,NA
Ebola guy,21959760,7/30/14,1,1,0,231.9922669,12.49937503,1,2,3,0,0,1,0,0,0,0,0,0,0,0,0,ebola,1,Ebola guy,1,1,NA,0,0,2.52E-07,0.00050226,0,0,0,0,0,0,0,0,0,0,ebola
Editboyxxx999snipez,22764491,10/6/14,1,1,0,30.99845008,30.99845008,1,2,2,0,0,0,0,0,0,0,0,0,0,0,0,ebola,1,Editboyxxx999snipez,1,1,NA,0,0,2.52E-07,0.00050226,1,0.000502513,1,0.000502513,0,0,1,1,0,0,ebola
Ek93,21605873,6/12/14,1,1,0,-9.999500025,-9.999500025,1,2,2,0,0,0,0,0,0,0,0,0,0,0,0,FIFA,1,Ek93,1,1,NA,0,0,2.52E-07,0.00050226,0,0,0,0,0,0,0,0,0,0,FIFA
Emily1015,21730821,6/30/14,1,2,0,43.49782511,43.49782511,2,2,2,0,0,0,0,0,0,0,0,0,0,0,0,ebola,2,Emily1015,2,1,NA,0,0,2.52E-07,0.00050226,1,0.000502513,1,0.000502513,0,0,1,1,0,0,ebola
Emmyfan,23008268,10/29/14,1,2,30,638.6835082,638.6835082,16,16,16,0,0,0,0,0,0,0,0,0,0,0,0,BLM,2,Emmyfan,2,1,NA,0,0,2.52E-07,0.00050226,1,0.000502513,1,0.000502513,0,0,1,1,0,0.000182272,BLM
Engl1105,24848423,4/20/15,1,2,17,198.7487578,220.6642148,5,9,16,0,5,1,0,0,0,0,0,0,0,0,0,BLM,2,Engl1105,2,1,NA,0,0,2.53E-07,0.000502513,1,0.000502513,0,0,1,0.000502513,1,0,1,0,BLM
Enhickman,22523564,9/13/14,1,1,0,-121.4969626,-121.4969626,1,4,4,0,0,0,0,0,0,0,0,0,0,0,0,ebola,1,Enhickman,1,1,NA,0,0,2.52E-07,0.00050226,0,0,0,0,0,0,0,0,0,0,ebola
EoRdE6,22581480,9/18/14,0,2,16,531.0116948,235.0121258,111,163,423,58,11,175,1088,271.1712118,80.99541974,2773,4150,9088,591,522,1912,ebola,2,EoRdE6,2,1,0,10933,0.002762177,2.68E-07,0.000532728,45,0.022613065,5,0.002512563,40,0.020100503,75,9,66,0.000236659,BLM
Erinarrow,25137754,5/10/15,0,1,0,-1198.880112,-1198.880112,1,1,1,0,0,0,0,415.9584042,0,0,0,1,0,1,0,ebola,1,Erinarrow,1,1,NA,0,0,2.52E-07,0.00050226,1,0.000502513,1,0.000502513,0,0,1,1,0,0,ebola
EternalNomad,24473955,3/19/15,0,3,19,41.04329981,35.42840272,13,21,23,1,1,0,911,179.0597265,82.70838672,520,1406,1674,42,9,9,BLM,3,EternalNomad,3,1,NA,0,0,2.52E-07,0.00050226,1,0.000502513,1,0.000502513,0,0,1,1,0,0,BLM
Ethanhuron,24668182,4/6/15,1,1,0,8.99910009,8.99910009,1,1,1,0,0,0,0,0,0,0,0,0,0,0,0,BLM,1,Ethanhuron,1,1,NA,0,0,2.52E-07,0.00050226,0,0,0,0,0,0,0,0,0,0,BLM
EvanWikiby,21860056,7/18/14,1,2,0,215.9969143,217.7445564,3,4,7,0,3,0,0,0,0,0,0,0,0,0,0,FIFA,2,EvanWikiby,2,1,NA,0,0,2.52E-07,0.00050226,0,0,0,0,0,0,0,0,0,0,FIFA
Everrreton,23275635,11/24/14,1,1,0,235.9882006,235.9882006,1,2,2,0,0,0,244,178.8284011,144.9830917,22,60,105,1,43,1,BLM,1,Everrreton,1,1,NA,0,0,2.52E-07,0.00050226,0,0,0,0,0,0,0,0,0,0,BLM
Excetor,22525551,9/13/14,1,1,0,-109.4945253,-109.4945253,1,2,2,0,0,0,0,0,0,0,0,0,0,0,0,ebola,1,Excetor,1,1,NA,0,0,2.52E-07,0.00050226,0,0,0,0,0,0,0,0,0,0,ebola
ExoSuho,21844486,7/16/14,1,1,17,6.666444452,-45.99770011,1,2,3,0,1,0,0,0,0,0,0,0,0,0,0,ebola,1,ExoSuho,1,1,NA,0,0,2.52E-07,0.00050226,1,0.000502513,1,0.000502513,0,0,2,2,0,2.48E-06,ebola
Extraperson,21601323,6/11/14,1,1,0,126.9957668,126.9957668,2,3,3,0,0,0,5,648.4675766,648.4675766,2,2,2,0,0,0,FIFA,1,Extraperson,1,1,NA,0,0,2.52E-07,0.00050226,0,0,0,0,0,0,0,0,0,0,FIFA
F Camp,22126370,8/8/14,1,2,24,292.1183521,216.7608726,4,21,42,16,4,1,3,277.6788893,23.85680205,1,7,25,13,0,5,ebola,2,F Camp,2,1,0,66,1.67E-05,2.61E-07,0.000519437,2,0.001005025,1,0.000502513,1,0.000502513,3,1,2,4.05E-06,ebola
F8Rx,23388662,12/4/14,1,1,0,2.99970003,2.99970003,1,1,1,0,0,0,0,0,0,0,0,0,0,0,0,BLM,1,F8Rx,1,1,NA,0,0,2.52E-07,0.00050226,0,0,0,0,0,0,0,0,0,0,BLM
FACTSvsOPINION,25829255,7/22/15,1,1,0,993.9006099,993.9006099,1,1,1,0,0,0,0,0,0,0,0,0,0,0,0,BLM,1,FACTSvsOPINION,1,1,NA,0,0,2.52E-07,0.00050226,1,0.000502513,1,0.000502513,0,0,1,1,0,0,BLM
Fakecolepoland,22002453,8/1/14,1,1,0,20.99790021,20.99790021,1,1,1,0,0,0,0,0,0,0,0,0,0,0,0,ebola,1,Fakecolepoland,1,1,NA,0,0,2.52E-07,0.00050226,1,0.000502513,1,0.000502513,0,0,1,1,0,0,ebola
Fakih99,21795415,7/9/14,1,2,2,43.74945313,43.74945313,6,8,8,0,0,0,0,14.99850015,0,0,0,1,0,1,0,FIFA,2,Fakih99,2,1,NA,0,0,2.52E-07,0.00050226,1,0.000502513,1,0.000502513,0,0,1,1,0,0.000195397,FIFA
Fatnard,24976792,4/28/15,1,1,2,976.9674344,907.9546023,1,2,3,0,0,1,0,0,0,0,0,0,0,0,0,BLM,1,Fatnard,1,1,0,512,0.000129355,3.39E-07,0.000674515,3,0.001507538,2,0.001005025,1,0.000502513,3,2,1,0,BLM
FCHulbenheim,21657406,6/20/14,1,2,5,222.5281028,222.5281028,5,17,17,0,0,0,0,0,0,0,0,0,0,0,0,FIFA,2,FCHulbenheim,2,1,0,0,0,2.52E-07,0.00050226,6,0.003015075,6,0.003015075,0,0,7,7,0,0.00010988,FIFA
Feelerino,21883597,7/22/14,1,1,0,-25.99740026,-25.99740026,1,1,1,0,0,0,0,-0.99990001,-0.99990001,1,1,1,0,0,0,FIFA,1,Feelerino,1,1,NA,0,0,2.52E-07,0.00050226,0,0,0,0,0,0,0,0,0,0,FIFA
Fgauivfhrhgfighifdh,25147706,5/11/15,1,1,0,21.99926669,21.99926669,1,3,3,0,0,0,0,0,0,0,0,0,0,0,0,ebola,1,Fgauivfhrhgfighifdh,1,1,0,0,0,2.52E-07,0.00050226,2,0.001005025,2,0.001005025,0,0,2,2,0,0,ebola
Fgghhhjjjj,21792088,7/9/14,1,1,0,30.66564448,30.66564448,2,3,3,0,0,0,0,0,0,0,0,0,0,0,0,FIFA,1,Fgghhhjjjj,1,1,NA,0,0,2.52E-07,0.00050226,0,0,0,0,0,0,0,0,0,0,FIFA
Flyer500,21853441,7/17/14,0,3,27,62.40112651,65.22993477,12,100,172,5,55,12,1122,63.06309151,73.59250174,26,81,95,3,10,0,ebola,3,Flyer500,3,1,0,3,7.58E-07,2.53E-07,0.000502512,5,0.002512563,4,0.00201005,1,0.000502513,13,9,4,0,ebola
Flystar125,21625447,6/15/14,1,2,3,190.798092,204.7755025,3,9,10,0,0,1,0,0,0,0,0,0,0,0,0,FIFA,2,Flystar125,2,1,0,1,2.53E-07,2.53E-07,0.000502513,2,0.001005025,1,0.000502513,1,0.000502513,2,1,1,0,FIFA
Football14fever,21606249,6/12/14,1,1,8,128.6351942,128.6351942,5,11,11,0,0,0,0,0,0,0,0,0,0,0,0,FIFA,1,Football14fever,1,1,NA,0,0,2.52E-07,0.00050226,1,0.000502513,1,0.000502513,0,0,1,1,0,0,FIFA
FourViolas,22764313,10/6/14,0,3,25,206.710958,69.48519193,28,68,135,26,5,27,1072,584.8793145,172.50987,1996,3595,6737,812,160,1665,ebola,3,FourViolas,3,1,0,1921,0.000485333,3.36E-07,0.000668193,15,0.007537688,4,0.00201005,11,0.005527638,27,9,18,0.001323273,BLM
FriarTuck1981,22590519,9/19/14,0,2,30,379.8908652,379.8908652,15,37,37,0,0,0,1088,490.1210631,625.362272,880,1645,2362,570,64,21,ebola,2,FriarTuck1981,2,1,0,0,0,2.52E-07,0.00050226,2,0.001005025,2,0.001005025,0,0,2,2,0,0.000195261,BLM
Frostayy,22799226,10/9/14,1,1,0,186.9813019,186.9813019,1,1,1,0,0,0,0,0,0,0,0,0,0,0,0,ebola,1,Frostayy,1,1,NA,0,0,2.52E-07,0.00050226,1,0.000502513,1,0.000502513,0,0,2,2,0,0,ebola
Frostnibble12343456,22940347,10/23/14,1,1,0,33.99660034,33.99660034,1,1,1,0,0,0,0,0,0,0,0,0,0,0,0,ebola,1,Frostnibble12343456,1,1,NA,0,0,2.52E-07,0.00050226,0,0,0,0,0,0,0,0,0,0,ebola
Frozenfire14,21678082,6/23/14,1,1,4,-13.69220237,-13.69220237,5,13,13,0,0,0,19,15.99920004,15.99920004,2,2,2,0,0,0,FIFA,1,Frozenfire14,1,1,NA,0,0,2.52E-07,0.00050226,0,0,0,0,0,0,0,0,0,0,FIFA
Ftbl2014,21740386,7/2/14,1,1,1,316.2984185,316.2984185,1,20,20,0,0,0,0,-1.33328889,-1.33328889,2,3,3,0,0,0,FIFA,1,Ftbl2014,1,1,NA,0,0,2.52E-07,0.00050226,0,0,0,0,0,0,0,0,0,0,FIFA
Futeb00l,21774160,7/7/14,1,2,20,67.21017258,67.99962222,15,18,19,0,1,0,77,171.0546053,196.0816993,9,12,18,0,0,0,FIFA,2,Futeb00l,2,1,NA,0,0,2.52E-07,0.00050226,0,0,0,0,0,0,0,0,0,0,FIFA
Gabrielptavares,20657819,1/27/14,1,1,0,0,0,0,0,0,0,0,0,0,-1.99980002,-1.99980002,1,1,1,0,0,0,FIFA,1,Gabrielptavares,1,1,NA,0,0,2.52E-07,0.00050226,0,0,0,0,0,0,0,0,0,0,FIFA
Gamerboi1,25578442,6/23/15,1,1,0,0,0,1,1,1,0,0,0,0,0,0,0,0,0,0,0,0,BLM,1,Gamerboi1,1,1,NA,0,0,2.52E-07,0.00050226,0,0,0,0,0,0,0,0,0,0,BLM
Gf95750,22915410,10/21/14,1,2,13,120.798792,120.798792,3,10,10,0,0,0,599,114.4825612,114.4825612,37,58,58,0,0,0,BLM,2,Gf95750,2,1,NA,0,0,2.52E-07,0.00050226,1,0.000502513,1,0.000502513,0,0,1,1,0,0.000195397,BLM
Gg3iii,25552606,6/20/15,1,1,0,-7.99920008,-7.99920008,1,1,1,0,0,0,0,0,0,0,0,0,0,0,0,BLM,1,Gg3iii,1,1,NA,0,0,2.52E-07,0.00050226,1,0.000502513,1,0.000502513,0,0,1,1,0,7.48E-08,BLM
Gggff555,22857826,10/15/14,1,1,0,17.99820018,17.99820018,1,1,1,0,0,0,0,0,0,0,0,0,0,0,0,ebola,1,Gggff555,1,1,NA,0,0,2.52E-07,0.00050226,1,0.000502513,1,0.000502513,0,0,2,2,0,0,ebola
GianDawal1234,24169389,2/19/15,1,2,30,65.86333698,65.86333698,8,22,22,0,0,0,25,-4.297863196,-6.978245699,27,46,47,0,1,0,ebola,2,GianDawal1234,2,1,NA,0,0,2.52E-07,0.00050226,1,0.000502513,1,0.000502513,0,0,2,2,0,0,ebola
Ginothewall30,21781384,7/8/14,1,2,24,41.63983344,41.63983344,16,25,25,0,0,0,919,34.77739136,34.77739136,8,9,9,0,0,0,FIFA,2,Ginothewall30,2,1,NA,0,0,2.52E-07,0.00050226,0,0,0,0,0,0,0,0,0,0,FIFA
Goalieboss,22827806,10/12/14,1,1,0,14.99925004,14.99925004,1,2,2,0,0,0,0,0,0,0,0,0,0,0,0,ebola,1,Goalieboss,1,1,NA,0,0,2.52E-07,0.00050226,0,0,0,0,0,0,0,0,0,0,ebola
Goaliegirl133,23213899,11/18/14,1,1,0,0,0,1,1,1,0,0,0,0,0,0,0,0,0,0,0,0,ebola,1,Goaliegirl133,1,1,NA,0,0,2.52E-07,0.00050226,0,0,0,0,0,0,0,0,0,0,ebola
GoLeor,24907752,4/23/15,1,2,12,255.7468032,255.7468032,2,8,8,0,0,0,231,29.88872284,29.88872284,5,18,18,0,0,0,BLM,2,GoLeor,2,1,NA,0,0,2.52E-07,0.00050226,1,0.000502513,1,0.000502513,0,0,1,1,0,0.000195397,BLM
Gonzales2011,21715655,6/28/14,1,1,0,64.49677516,64.49677516,1,2,2,0,0,0,0,0,0,0,0,0,0,0,0,ebola,1,Gonzales2011,1,1,NA,0,0,2.52E-07,0.00050226,1,0.000502513,1,0.000502513,0,0,1,1,0,0,ebola
Gorblestein,22800527,10/10/14,1,1,0,10.66648889,10.66648889,4,6,6,0,0,0,0,0,0,0,0,0,0,0,0,ebola,1,Gorblestein,1,1,NA,0,0,2.52E-07,0.00050226,1,0.000502513,1,0.000502513,0,0,1,1,0,5.17E-05,ebola
GraalPK,21483047,5/25/14,1,3,26,101.9974501,27.9990667,3,3,4,0,1,0,551,250.2254029,403.6475577,18,37,62,0,19,6,FIFA,3,GraalPK,3,1,NA,0,0,2.52E-07,0.00050226,1,0.000502513,1,0.000502513,0,0,1,1,0,0,FIFA
GrecianEarn,26353285,9/25/15,1,3,30,379.1903257,402.1390708,88,237,252,7,5,0,57,185.0328462,187.5139069,152,502,517,9,0,1,BLM,3,GrecianEarn,3,1,NA,0,0,2.52E-07,0.00050226,1,0.000502513,1,0.000502513,0,0,1,1,0,0,BLM
GrimaceMcDonald,25528513,6/18/15,1,1,0,1.99980002,1.99980002,1,1,1,0,0,0,0,0,0,0,0,0,0,0,0,BLM,1,GrimaceMcDonald,1,1,NA,0,0,2.52E-07,0.00050226,0,0,0,0,0,0,0,0,0,0,BLM
Haaslk,21800872,7/10/14,1,1,0,0.99990001,0.99990001,1,1,1,0,0,0,0,0,0,0,0,0,0,0,0,FIFA,1,Haaslk,1,1,NA,0,0,2.52E-07,0.00050226,0,0,0,0,0,0,0,0,0,0,FIFA
Halahala9X9,24979737,4/28/15,1,1,0,1026.149564,1026.149564,1,6,6,0,0,0,0,0,0,0,0,0,0,0,0,BLM,1,Halahala9X9,1,1,NA,0,0,2.52E-07,0.00050226,1,0.000502513,1,0.000502513,0,0,1,1,0,0,BLM
Ham.star.01,22812081,10/11/14,1,1,0,0.99990001,0.99990001,1,1,1,0,0,0,0,0,0,0,0,0,0,0,0,ebola,1,Ham.star.01,1,1,NA,0,0,2.52E-07,0.00050226,1,0.000502513,1,0.000502513,0,0,1,1,0,0,ebola
HamedV00,21339499,5/6/14,1,1,0,4474.552545,4474.552545,1,1,1,0,0,0,901,203.5252446,351.3819124,6,13,19,0,0,0,FIFA,1,HamedV00,1,1,NA,0,0,2.52E-07,0.00050226,0,0,0,0,0,0,0,0,0,0,FIFA
Handsomewealth,22568229,9/17/14,1,1,0,708.9291071,708.9291071,1,1,1,0,0,0,0,0,0,0,0,0,0,0,0,ebola,1,Handsomewealth,1,1,NA,0,0,2.52E-07,0.00050226,1,0.000502513,1,0.000502513,0,0,1,1,0,1.12E-06,ebola
Harka1998,22388250,8/31/14,1,2,29,51.4997425,51.4997425,9,20,20,0,0,0,639,48.71325265,48.27461389,45,142,143,0,0,0,ebola,2,Harka1998,2,1,NA,0,0,2.52E-07,0.00050226,1,0.000502513,1,0.000502513,0,0,1,1,0,0,ebola
Harrismark,21938133,7/27/14,1,2,11,-7.999885716,-7.999885716,6,7,7,0,0,0,0,0,0,0,0,0,0,0,0,ebola,2,Harrismark,2,1,NA,0,0,2.52E-07,0.00050226,0,0,0,0,0,0,0,0,0,0,ebola
Hawkmoonb,22162361,8/11/14,1,1,0,2.99970003,2.99970003,1,1,1,0,0,0,0,0,0,0,0,0,0,0,0,BLM,1,Hawkmoonb,1,1,NA,0,0,2.52E-07,0.00050226,1,0.000502513,1,0.000502513,0,0,1,1,0,0,BLM
Hehoo99,23377850,12/3/14,1,2,0,-42150.69623,-42150.69623,3,4,4,0,0,0,0,0,0,0,0,0,0,0,0,BLM,2,Hehoo99,2,1,NA,0,0,2.52E-07,0.00050226,1,0.000502513,1,0.000502513,0,0,1,1,0,0,BLM
Hejhej123hejhej,21794253,7/9/14,1,1,0,-469.9530047,-469.9530047,1,1,1,0,0,0,0,0,0,0,0,0,0,0,0,FIFA,1,Hejhej123hejhej,1,1,NA,0,0,2.52E-07,0.00050226,0,0,0,0,0,0,0,0,0,0,FIFA
Hemlata0005,22287630,8/22/14,1,1,0,36.99630037,36.99630037,1,1,1,0,0,0,0,0,0,0,0,0,0,0,0,ebola,1,Hemlata0005,1,1,NA,0,0,2.52E-07,0.00050226,0,0,0,0,0,0,0,0,0,0,ebola
Hernanx32a,21651749,6/19/14,1,1,0,15.33282224,15.33282224,2,3,3,0,0,0,0,0,0,0,0,0,0,0,0,FIFA,1,Hernanx32a,1,1,NA,0,0,2.52E-07,0.00050226,0,0,0,0,0,0,0,0,0,0,FIFA
Hmoshrif,21581893,6/9/14,1,1,0,-9.9990001,-9.9990001,1,1,1,0,0,0,0,0,0,0,0,0,0,0,0,FIFA,1,Hmoshrif,1,1,NA,0,0,2.52E-07,0.00050226,0,0,0,0,0,0,0,0,0,0,FIFA
HMS88,21533729,6/1/14,1,2,29,52.90450998,43.73661191,10,19,21,2,0,0,665,16.15526947,18.29006237,50,131,161,0,0,0,FIFA,2,HMS88,2,1,NA,0,0,2.52E-07,0.00050226,1,0.000502513,1,0.000502513,0,0,1,1,0,0,FIFA
Hobbes7,23076611,11/5/14,1,2,12,297.6176304,330.0537219,11,18,21,2,0,0,52,129.7467563,-11.99960001,2,3,4,0,0,0,ebola,2,Hobbes7,2,1,0,0,0,2.52E-07,0.00050226,3,0.001507538,3,0.001507538,0,0,3,3,0,0.000195189,ebola
Homo mundi,21846525,7/16/14,1,1,1,176.759293,181.599092,2,20,25,2,1,2,0,0,0,0,0,0,0,0,0,FIFA,1,Homo mundi,1,1,0,2,5.05E-07,2.53E-07,0.000502513,3,0.001507538,2,0.001005025,1,0.000502513,5,4,1,2.49E-06,FIFA
Homomnius,21685326,6/24/14,1,1,0,21.49892505,21.49892505,1,2,2,0,0,0,0,0,0,0,0,0,0,0,0,ebola,1,Homomnius,1,1,NA,0,0,2.52E-07,0.00050226,0,0,0,0,0,0,0,0,0,0,ebola
Hrrael,22986945,10/27/14,1,1,0,787.9212079,787.9212079,1,1,1,0,0,0,0,0,0,0,0,0,0,0,0,ebola,1,Hrrael,1,1,NA,0,0,2.52E-07,0.00050226,0,0,0,0,0,0,0,0,0,0,ebola
Iamchukzzy,22781464,10/8/14,1,1,0,10.99890011,10.99890011,1,1,1,0,0,0,0,0,0,0,0,0,0,0,0,ebola,1,Iamchukzzy,1,1,NA,0,0,2.52E-07,0.00050226,1,0.000502513,1,0.000502513,0,0,1,1,0,2.39E-07,ebola
Iazyges,23299921,11/26/14,0,3,19,482.895171,463.1907362,2,5,10,0,3,2,1009,184.9368435,116.7666306,2219,5862,17354,3469,2701,1122,BLM,3,Iazyges,3,1,NA,0,0,2.53E-07,0.000502512,1,0.000502513,0,0,1,0.000502513,2,0,2,0,BLM
Icarosaurvus,22245365,8/18/14,0,2,28,248.8473821,10.84607041,10,13,105,73,1,10,1027,148.9182154,-8.54537686,11,11,98,21,0,0,BLM,2,Icarosaurvus,2,1,0,8531,0.002155322,3.39E-07,0.000674739,7,0.003517588,3,0.001507538,4,0.00201005,14,5,9,0.000140966,BLM
Igor gdsgsdgifsscvu,23732876,1/9/15,1,1,0,-1524.923754,-1524.923754,2,2,2,0,0,0,0,0,0,0,0,0,0,0,0,ebola,1,Igor gdsgsdgifsscvu,1,1,NA,0,0,2.52E-07,0.00050226,0,0,0,0,0,0,0,0,0,0,ebola
Ija2002,22732690,10/3/14,1,1,5,-0.999950002,-0.999950002,1,2,2,0,0,0,0,0,0,0,0,0,0,0,0,ebola,1,Ija2002,1,1,NA,0,0,2.52E-07,0.00050226,1,0.000502513,1,0.000502513,0,0,1,1,0,0,ebola
ILLWRECKYOU,21603481,6/12/14,1,1,0,40.99590041,40.99590041,1,1,1,0,0,0,0,0,0,0,0,0,0,0,0,FIFA,1,ILLWRECKYOU,1,1,NA,0,0,2.52E-07,0.00050226,0,0,0,0,0,0,0,0,0,0,FIFA
Impendingtruth,26797572,11/14/15,1,1,1,90.66515558,90.66515558,1,6,6,0,0,0,0,0,0,0,0,0,0,0,0,BLM,1,Impendingtruth,1,1,NA,0,0,2.52E-07,0.00050226,0,0,0,0,0,0,0,0,0,0,BLM
Inemudom,21965466,7/30/14,1,1,0,158.9841016,158.9841016,1,1,1,0,0,0,0,0,0,0,0,0,0,0,0,ebola,1,Inemudom,1,1,NA,0,0,2.52E-07,0.00050226,0,0,0,0,0,0,0,0,0,0,ebola
Irishlad99,22216664,8/15/14,1,1,1,310.9922252,310.9922252,3,4,4,0,0,0,508,62.26625156,62.26625156,4,15,15,0,0,0,ebola,1,Irishlad99,1,1,NA,0,0,2.52E-07,0.00050226,1,0.000502513,1,0.000502513,0,0,1,1,0,0,ebola
Iron Caterpillar,22778720,10/8/14,1,3,6,263.2789469,9.9990001,1,1,25,0,24,0,0,0,0,0,0,0,0,0,0,ebola,3,Iron Caterpillar,3,1,NA,0,0,2.52E-07,0.00050226,0,0,0,0,0,0,0,0,0,0,ebola
IRVONBRABBS420BLAZE,23580979,12/24/14,1,1,0,144.6618446,144.6618446,2,3,3,0,0,0,0,0,0,0,0,0,0,0,0,ebola,1,IRVONBRABBS420BLAZE,1,1,NA,0,0,2.52E-07,0.00050226,1,0.000502513,1,0.000502513,0,0,1,1,0,0,ebola
IRW0,22287343,8/21/14,1,2,29,89.19367058,-228.9221078,26,103,191,59,0,18,15,98.41573533,-37.98459591,32,195,279,28,0,18,ebola,2,IRW0,2,1,0,42,1.06E-05,2.53E-07,0.000503777,11,0.005527638,7,0.003517588,4,0.00201005,21,13,8,0,ebola
Ishac.ishac,21605711,6/12/14,1,1,0,18.24954376,18.24954376,1,4,4,0,0,0,0,0,0,0,0,0,0,0,0,FIFA,1,Ishac.ishac,1,1,NA,0,0,2.52E-07,0.00050226,0,0,0,0,0,0,0,0,0,0,FIFA
Itzzz Michael,21497331,5/27/14,1,1,0,24.99875006,24.99875006,1,2,2,0,0,0,0,0,0,0,0,0,0,0,0,FIFA,1,Itzzz Michael,1,1,NA,0,0,2.52E-07,0.00050226,0,0,0,0,0,0,0,0,0,0,FIFA
Iwalrusfriend,23257101,11/22/14,1,1,0,-2.99970003,-2.99970003,1,1,1,0,0,0,0,0,0,0,0,0,0,0,0,ebola,1,Iwalrusfriend,1,1,NA,0,0,2.52E-07,0.00050226,1,0.000502513,1,0.000502513,0,0,1,1,0,0,ebola
JafarFromAfar,23504924,12/16/14,1,2,0,26.99865007,26.99865007,2,2,2,0,0,0,0,0,0,0,0,0,0,0,0,ebola,2,JafarFromAfar,2,1,NA,0,0,2.52E-07,0.00050226,1,0.000502513,1,0.000502513,0,0,1,1,0,0,ebola
Jamesdean32,23581710,12/25/14,1,1,0,-3.99960004,-3.99960004,1,1,1,0,0,0,0,0,0,0,0,0,0,0,0,BLM,1,Jamesdean32,1,1,NA,0,0,2.52E-07,0.00050226,0,0,0,0,0,0,0,0,0,0,BLM
Jaxst99,23060270,11/3/14,1,1,0,25.99740026,25.99740026,1,1,1,0,0,0,0,0,0,0,0,0,0,0,0,ebola,1,Jaxst99,1,1,NA,0,0,2.52E-07,0.00050226,0,0,0,0,0,0,0,0,0,0,ebola
Jc21539,22936038,10/22/14,1,1,0,1277.872213,1277.872213,1,1,1,0,0,0,0,0,0,0,0,0,0,0,0,BLM,1,Jc21539,1,1,NA,0,0,2.52E-07,0.00050226,0,0,0,0,0,0,0,0,0,0,BLM
Jetsmoothin,22407763,9/2/14,1,2,29,28.99958572,28.99958572,4,7,7,0,0,0,0,0,0,0,0,0,0,0,0,ebola,2,Jetsmoothin,2,1,0,0,0,2.52E-07,0.00050226,3,0.001507538,3,0.001507538,0,0,4,4,0,0,ebola
Jhanae Kelly,22057832,8/4/14,1,1,0,-5.99940006,-5.99940006,1,1,1,0,0,0,0,0,0,0,0,0,0,0,0,ebola,1,Jhanae Kelly,1,1,NA,0,0,2.52E-07,0.00050226,1,0.000502513,1,0.000502513,0,0,1,1,0,0,ebola
Jimbob761,26440004,10/5/15,1,2,8,-1324.622513,-1324.622513,2,3,3,0,0,0,0,0,0,0,0,0,0,0,0,BLM,2,Jimbob761,2,1,NA,0,0,2.52E-07,0.00050226,1,0.000502513,1,0.000502513,0,0,1,1,0,0.000195397,BLM
Jimmywagtail01,22487294,9/9/14,1,2,27,448.882677,448.882677,22,43,43,0,0,0,316,424.3201626,433.7566818,106,218,231,0,9,1,ebola,2,Jimmywagtail01,2,1,NA,0,0,2.52E-07,0.00050226,1,0.000502513,1,0.000502513,0,0,1,1,0,0,ebola
Jimothyjones123,22798829,10/9/14,1,1,0,30.99690031,30.99690031,1,1,1,0,0,0,0,0,0,0,0,0,0,0,0,ebola,1,Jimothyjones123,1,1,NA,0,0,2.52E-07,0.00050226,0,0,0,0,0,0,0,0,0,0,ebola
Jjayy138,22411359,9/2/14,1,3,14,251.5527605,276.2817674,5,7,9,1,1,0,0,173.6637723,95.99680011,2,3,6,2,0,0,ebola,3,Jjayy138,3,1,NA,0,0,2.52E-07,0.00050226,0,0,0,0,0,0,0,0,0,0,ebola
JJHk2000,21360819,5/9/14,1,2,30,348.3313982,329.9205391,6,13,18,2,0,3,382,221.1998077,218.5270741,31,110,115,0,0,1,FIFA,2,JJHk2000,2,1,0,0,0,2.53E-07,0.000502765,2,0.001005025,0,0,2,0.001005025,3,0,3,0,FIFA
JJMC89,24812038,4/18/15,0,2,30,414.4721616,-219.7450262,274,306,684,1,55,315,882,181.2911541,-255.1302555,29920,38217,72872,3868,2926,13600,BLM,2,JJMC89,2,1,0,301,7.60E-05,2.66E-07,0.000529096,103,0.051758794,3,0.001507538,100,0.050251256,131,3,128,4.21E-06,BLM
Jlightsky,24352640,3/7/15,1,3,9,138.1241367,348.3217226,2,3,16,0,8,0,427,36.66625926,21.33297778,6,6,9,0,1,0,BLM,3,Jlightsky,3,1,NA,0,0,2.52E-07,0.00050226,0,0,0,0,0,0,0,0,0,0,BLM
Jlrubin,22545397,9/15/14,0,1,0,-6.99930007,-6.99930007,1,1,1,0,0,0,1070,75.57677774,-18.90619092,25,32,52,20,0,0,ebola,1,Jlrubin,1,1,NA,0,0,2.52E-07,0.00050226,0,0,0,0,0,0,0,0,0,0,ebola
Jmvilla1509,21723444,6/29/14,1,1,0,-0.99990001,-0.99990001,1,1,1,0,0,0,0,0,0,0,0,0,0,0,0,FIFA,1,Jmvilla1509,1,1,NA,0,0,2.52E-07,0.00050226,0,0,0,0,0,0,0,0,0,0,FIFA
John Milton Nagel,22854370,10/15/14,1,1,0,147.4926254,147.4926254,1,2,2,0,0,0,0,0,0,0,0,0,0,0,0,ebola,1,John Milton Nagel,1,1,NA,0,0,2.52E-07,0.00050226,0,0,0,0,0,0,0,0,0,0,ebola
Johnmirenda,21631128,6/16/14,1,2,17,62.24844379,62.24844379,2,4,4,0,0,0,0,0,0,0,0,0,0,0,0,FIFA,2,Johnmirenda,2,1,NA,0,0,2.52E-07,0.00050226,0,0,0,0,0,0,0,0,0,0,FIFA
Jon Stakes,21746499,7/2/14,1,3,20,362.9967,-452.9547045,1,1,11,9,0,0,0,0,0,0,0,0,0,0,0,FIFA,3,Jon Stakes,3,1,NA,0,0,2.52E-07,0.00050226,0,0,0,0,0,0,0,0,0,0,FIFA
Josephdavoudzadeh,21633531,6/17/14,1,1,0,0,0,1,1,1,0,0,0,0,0,0,0,0,0,0,0,0,FIFA,1,Josephdavoudzadeh,1,1,NA,0,0,2.52E-07,0.00050226,0,0,0,0,0,0,0,0,0,0,FIFA
Josephp18810,25627763,6/28/15,1,2,7,-28.66571114,-28.66571114,2,3,3,0,0,0,0,0,0,0,0,0,0,0,0,BLM,2,Josephp18810,2,1,NA,0,0,2.52E-07,0.00050226,1,0.000502513,1,0.000502513,0,0,1,1,0,7.48E-08,BLM
Joshephpeterson,26331924,9/23/15,1,1,0,35.99640036,35.99640036,1,1,1,0,0,0,0,0,0,0,0,0,0,0,0,BLM,1,Joshephpeterson,1,1,NA,0,0,2.52E-07,0.00050226,0,0,0,0,0,0,0,0,0,0,BLM
Jrdrew102,25612250,6/26/15,1,1,0,-5070.492951,-5070.492951,1,1,1,0,0,0,0,0,0,0,0,0,0,0,0,BLM,1,Jrdrew102,1,1,NA,0,0,2.52E-07,0.00050226,0,0,0,0,0,0,0,0,0,0,BLM
Jsoik,23255479,11/22/14,1,1,0,198.980102,198.980102,1,1,1,0,0,0,0,0,0,0,0,0,0,0,0,ebola,1,Jsoik,1,1,NA,0,0,2.52E-07,0.00050226,1,0.000502513,1,0.000502513,0,0,1,1,0,0,ebola
JT2958,22138907,8/9/14,1,3,20,357.7928441,0,0,0,5,5,0,0,1088,312.9480061,255.5489358,32,71,116,35,3,7,BLM,3,JT2958,3,1,NA,0,0,2.52E-07,0.00050226,1,0.000502513,1,0.000502513,0,0,1,1,0,0,BLM
JupiterSaturnw,21580502,6/8/14,1,1,0,-65.99340066,-65.99340066,1,1,1,0,0,0,0,0,0,0,0,0,0,0,0,FIFA,1,JupiterSaturnw,1,1,NA,0,0,2.52E-07,0.00050226,0,0,0,0,0,0,0,0,0,0,FIFA
Justice2001,25832095,7/23/15,1,1,0,137.998275,137.998275,1,8,8,0,0,0,0,0,0,0,0,0,0,0,0,BLM,1,Justice2001,1,1,NA,0,0,2.52E-07,0.00050226,1,0.000502513,1,0.000502513,0,0,1,1,0,0,BLM
JusticeForFreddieGray,25086134,5/6/15,1,1,0,119.9970001,104.3298557,1,3,4,0,0,1,0,0,0,0,0,0,0,0,0,BLM,1,JusticeForFreddieGray,1,1,0,5,1.26E-06,2.53E-07,0.000503523,3,0.001507538,2,0.001005025,1,0.000502513,6,5,1,0,BLM
Justincase1992,23365561,12/2/14,1,2,13,-2278.981943,-2403.20848,7,66,68,1,0,1,0,0,0,0,0,0,0,0,0,BLM,2,Justincase1992,2,1,0,0,0,2.52E-07,0.00050226,2,0.001005025,2,0.001005025,0,0,2,2,0,0,BLM
JustSmart14,22203617,8/14/14,1,1,0,49.9950005,49.9950005,1,1,1,0,0,0,0,0,0,0,0,0,0,0,0,BLM,1,JustSmart14,1,1,NA,0,0,2.52E-07,0.00050226,0,0,0,0,0,0,0,0,0,0,BLM
Kachiokeke12,24242762,2/25/15,1,1,0,18.99810019,18.99810019,1,1,1,0,0,0,0,0,0,0,0,0,0,0,0,ebola,1,Kachiokeke12,1,1,NA,0,0,2.52E-07,0.00050226,0,0,0,0,0,0,0,0,0,0,ebola
Kaizena,26481923,10/10/15,1,1,0,4.749940626,4.749940626,7,8,8,0,0,0,61,125.5379787,128.1594874,11,25,26,0,1,0,BLM,1,Kaizena,1,1,NA,0,0,2.52E-07,0.00050226,0,0,0,0,0,0,0,0,0,0,BLM
Kakers100,22855597,10/15/14,1,1,0,27.99720028,27.99720028,1,1,1,0,0,0,0,0,0,0,0,0,0,0,0,ebola,1,Kakers100,1,1,NA,0,0,2.52E-07,0.00050226,0,0,0,0,0,0,0,0,0,0,ebola
Kanye East1234,24300299,3/3/15,1,1,0,-4775.522448,-4775.522448,1,1,1,0,0,0,0,0,0,0,0,0,0,0,0,ebola,1,Kanye East1234,1,1,NA,0,0,2.52E-07,0.00050226,1,0.000502513,1,0.000502513,0,0,1,1,0,5.01E-08,ebola
Kapibara100,24303793,3/3/15,1,3,17,258.2368655,257.8987105,6,20,21,0,1,0,770,885.6453223,885.6453223,38,51,51,0,0,0,ebola,3,Kapibara100,3,1,NA,0,0,2.52E-07,0.00050226,0,0,0,0,0,0,0,0,0,0,ebola
Karamonas,21613377,6/13/14,1,1,0,80.99190081,80.99190081,1,1,1,0,0,0,0,0,0,0,0,0,0,0,0,FIFA,1,Karamonas,1,1,NA,0,0,2.52E-07,0.00050226,0,0,0,0,0,0,0,0,0,0,FIFA
KH-1,21857263,7/18/14,0,2,30,201.8523115,96.98434469,213,320,359,1,2,19,1158,281.6868881,69.8808767,17592,24630,29769,103,85,3301,BLM,2,KH-1,2,1,0,78,1.97E-05,2.56E-07,0.000508897,21,0.010552764,3,0.001507538,18,0.009045226,51,14,37,0,BLM
KH-1,21857263,7/18/14,0,2,30,201.8523115,96.98434469,213,320,359,1,2,19,1154,303.606944,92.35961901,17485,24487,29604,103,85,3293,FIFA,2,KH-1,2,1,0,78,1.97E-05,2.56E-07,0.000508897,21,0.010552764,3,0.001507538,18,0.009045226,51,14,37,0,BLM
Kieran P. Clark,22986857,10/27/14,1,2,27,920.1362847,1364.107949,6,8,14,4,0,2,294,321.7301505,404.3653188,17,30,52,7,2,7,ebola,2,Kieran P. Clark,2,1,0,98,2.48E-05,2.53E-07,0.000502513,3,0.001507538,2,0.001005025,1,0.000502513,4,3,1,2.10E-07,ebola
Kiwidwj,25596182,6/25/15,1,1,0,269.3243559,269.3243559,1,3,3,0,0,0,0,-2.499875006,-2.499875006,1,2,2,0,0,0,BLM,1,Kiwidwj,1,1,NA,0,0,2.52E-07,0.00050226,0,0,0,0,0,0,0,0,0,0,BLM
Kiwifist,24791530,4/16/15,0,2,30,3.281239746,3.281239746,20,32,32,0,0,0,875,119.7877498,96.9927884,762,1388,1503,61,4,38,BLM,2,Kiwifist,2,1,NA,0,0,2.52E-07,0.00050226,1,0.000502513,1,0.000502513,0,0,1,1,0,0.000195397,BLM
Kowl00n,23237249,11/20/14,1,2,28,498.5643062,374.8270862,5,6,7,1,0,0,320,311.5605527,311.5605527,12,16,16,0,0,0,ebola,2,Kowl00n,2,1,NA,0,0,2.52E-07,0.00050226,1,0.000502513,1,0.000502513,0,0,1,1,0,0,ebola
Kravinec,23170157,11/13/14,1,1,0,66.66444452,66.66444452,1,3,3,0,0,0,0,0,0,0,0,0,0,0,0,ebola,1,Kravinec,1,1,NA,0,0,2.52E-07,0.00050226,0,0,0,0,0,0,0,0,0,0,ebola
Krimsonquinn,26932106,11/30/15,1,1,3,120.4281413,623.6458785,3,3,28,0,18,0,0,0,0,0,0,0,0,0,0,BLM,1,Krimsonquinn,1,1,NA,0,0,2.52E-07,0.00050226,1,0.000502513,1,0.000502513,0,0,1,1,0,0,BLM
Krisdan55,22021075,8/2/14,1,1,0,255.6581447,129.4935253,1,2,3,0,0,0,0,0,0,0,0,0,0,0,0,ebola,1,Krisdan55,1,1,NA,0,0,2.52E-07,0.00050226,0,0,0,0,0,0,0,0,0,0,ebola
Kwaks321,22942673,10/23/14,1,1,0,-106.9893011,-106.9893011,1,1,1,0,0,0,0,0,0,0,0,0,0,0,0,ebola,1,Kwaks321,1,1,NA,0,0,2.52E-07,0.00050226,0,0,0,0,0,0,0,0,0,0,ebola
Kwbeie12,23096918,11/7/14,1,1,0,28.99710029,28.99710029,1,1,1,0,0,0,0,0,0,0,0,0,0,0,0,ebola,1,Kwbeie12,1,1,NA,0,0,2.52E-07,0.00050226,0,0,0,0,0,0,0,0,0,0,ebola
Kwoff,22283456,8/21/14,1,1,0,-0.499975001,-0.499975001,1,2,2,0,0,0,0,0,0,0,0,0,0,0,0,BLM,1,Kwoff,1,1,NA,0,0,2.52E-07,0.00050226,0,0,0,0,0,0,0,0,0,0,BLM
Kykydani,25640137,6/29/15,1,1,26,30.99938001,30.99938001,3,5,5,0,0,0,0,0,0,0,0,0,0,0,0,BLM,1,Kykydani,1,1,NA,0,0,2.52E-07,0.00050226,0,0,0,0,0,0,0,0,0,0,BLM
Kyle Lynch15,25074101,5/5/15,1,1,0,1698.415079,1698.415079,1,2,2,0,0,0,0,0,0,0,0,0,0,0,0,BLM,1,Kyle Lynch15,1,1,NA,0,0,2.52E-07,0.00050226,1,0.000502513,1,0.000502513,0,0,1,1,0,0,BLM
Landingdude13,20659301,1/28/14,0,2,30,9.265285539,9.074467625,1145,1974,2028,0,1,0,1324,57.25634273,55.35993884,9316,22326,25146,35,497,37,FIFA,2,Landingdude13,2,1,0,0,0,2.52E-07,0.00050226,2,0.001005025,2,0.001005025,0,0,2,2,0,0,FIFA
Lashantae3,22623851,9/22/14,1,1,0,-449.9550045,-449.9550045,1,1,1,0,0,0,0,0,0,0,0,0,0,0,0,ebola,1,Lashantae3,1,1,NA,0,0,2.52E-07,0.00050226,0,0,0,0,0,0,0,0,0,0,ebola
Laurel Wreath of Victors,25771936,7/15/15,0,2,30,368.069274,385.8867876,79,177,216,3,14,14,795,82.64798019,51.62344116,409,725,821,24,19,22,BLM,2,Laurel Wreath of Victors,2,1,0,0,0,2.53E-07,0.000503018,3,0.001507538,0,0,3,0.001507538,3,0,3,0,BLM
Legochima,23626977,12/29/14,1,1,0,-0.99990001,-0.99990001,1,1,1,0,0,0,0,0,0,0,0,0,0,0,0,BLM,1,Legochima,1,1,NA,0,0,2.52E-07,0.00050226,0,0,0,0,0,0,0,0,0,0,BLM
Leo Bonilla,21626799,6/16/14,1,3,6,38.66634445,12.18170744,3,11,12,0,0,1,994,104.3531501,92.1609145,330,1827,2203,108,37,135,FIFA,3,Leo Bonilla,3,1,NA,0,0,2.53E-07,0.000503524,1,0.000502513,0,0,1,0.000502513,1,0,1,0,BLM
LiciaLace,22119550,8/8/14,1,1,0,-6.999650017,-6.999650017,1,2,2,0,0,0,0,0,0,0,0,0,0,0,0,BLM,1,LiciaLace,1,1,NA,0,0,2.52E-07,0.00050226,1,0.000502513,1,0.000502513,0,0,1,1,0,0,BLM
Lifebiomedguru,22147463,8/10/14,1,3,0,233.9922003,310.9844508,1,2,3,0,1,0,0,0,0,0,0,0,0,0,0,ebola,3,Lifebiomedguru,3,1,NA,0,0,2.52E-07,0.00050226,0,0,0,0,0,0,0,0,0,0,ebola
Lilhpster,23384693,12/4/14,1,1,0,1.99980002,1.99980002,1,1,1,0,0,0,0,0,0,0,0,0,0,0,0,BLM,1,Lilhpster,1,1,NA,0,0,2.52E-07,0.00050226,0,0,0,0,0,0,0,0,0,0,BLM
Lilnelson1234,23083653,11/5/14,1,1,0,37.99620038,37.99620038,1,1,1,0,0,0,0,0,0,0,0,0,0,0,0,ebola,1,Lilnelson1234,1,1,NA,0,0,2.52E-07,0.00050226,0,0,0,0,0,0,0,0,0,0,ebola
Liverpool8765,21800893,7/10/14,1,2,18,38.5767747,38.11984752,12,25,26,0,0,0,0,0,0,0,0,0,0,0,0,FIFA,2,Liverpool8765,2,1,NA,0,0,2.52E-07,0.00050226,1,0.000502513,1,0.000502513,0,0,2,2,0,0,FIFA
LLBeanBrother,21634751,6/17/14,1,2,23,48.39983867,49.89637967,6,29,30,0,1,0,0,21.49892505,21.49892505,1,2,2,0,0,0,ebola,2,LLBeanBrother,2,1,0,0,0,2.52E-07,0.00050226,4,0.00201005,4,0.00201005,0,0,8,8,0,0.000197249,ebola
Loudaboss,22778809,10/8/14,1,1,1,37.74905627,37.74905627,3,4,4,0,0,0,0,0,0,0,0,0,0,0,0,ebola,1,Loudaboss,1,1,0,0,0,2.52E-07,0.00050226,2,0.001005025,2,0.001005025,0,0,2,2,0,0,ebola
Lowkey40,24991961,4/29/15,1,1,0,20.7139898,-10.66648889,1,6,7,0,0,1,0,0,0,0,0,0,0,0,0,BLM,1,Lowkey40,1,1,0,0,0,3.39E-07,0.000674172,2,0.001005025,1,0.000502513,1,0.000502513,2,1,1,0,BLM
Lucazinzula,22121750,8/8/14,1,2,27,167.1966561,93.24766881,2,4,5,1,0,0,0,85.99140086,85.99140086,1,1,1,0,0,0,ebola,2,Lucazinzula,2,1,NA,0,0,2.52E-07,0.00050226,0,0,0,0,0,0,0,0,0,0,ebola
LuckyLeftyy,25763355,7/13/15,1,2,13,-4142.208445,-5200.637774,8,18,22,4,0,0,0,0,0,0,0,0,0,0,0,BLM,2,LuckyLeftyy,2,1,NA,0,0,2.52E-07,0.00050226,0,0,0,0,0,0,0,0,0,0,BLM
Luyg97,21413246,5/16/14,1,2,10,33.42833265,33.42833265,13,14,14,0,0,0,120,90.74943282,90.74943282,4,16,16,0,0,0,FIFA,2,Luyg97,2,1,NA,0,0,2.52E-07,0.00050226,0,0,0,0,0,0,0,0,0,0,FIFA
M.dajohnna,22747837,10/5/14,1,1,0,-14.99850015,-14.99850015,1,1,1,0,0,0,0,0,0,0,0,0,0,0,0,ebola,1,M.dajohnna,1,1,NA,0,0,2.52E-07,0.00050226,0,0,0,0,0,0,0,0,0,0,ebola
MaddiKadafy,21891220,7/23/14,1,3,30,61.74672194,55.42686652,476,506,612,0,10,0,273,71.34571165,55.01297272,372,385,538,1,10,2,BLM,3,MaddiKadafy,3,1,NA,0,0,2.52E-07,0.00050226,1,0.000502513,1,0.000502513,0,0,1,1,0,0,BLM
Madoti mojeed,21721474,6/29/14,1,3,21,1168.29439,240.9879506,2,2,3,0,1,0,0,0,0,0,0,0,0,0,0,FIFA,3,Madoti mojeed,3,1,0,0,0,2.52E-07,0.00050226,3,0.001507538,3,0.001507538,0,0,3,3,0,0,FIFA
Mahhon,25099877,5/7/15,1,2,27,50.78044652,57.03598465,80,111,123,2,5,4,32,11.46659022,21.49973125,4,8,15,0,4,3,ebola,2,Mahhon,2,1,NA,0,0,2.52E-07,0.00050226,1,0.000502513,1,0.000502513,0,0,1,1,0,0,ebola
ManiiMACK,23377834,12/3/14,1,1,0,25.99740026,25.99740026,1,1,1,0,0,0,0,0,0,0,0,0,0,0,0,BLM,1,ManiiMACK,1,1,NA,0,0,2.52E-07,0.00050226,0,0,0,0,0,0,0,0,0,0,BLM
Mariocarioca22,21556789,6/5/14,1,1,0,15.99920004,15.99920004,2,2,2,0,0,0,0,0,0,0,0,0,0,0,0,FIFA,1,Mariocarioca22,1,1,NA,0,0,2.52E-07,0.00050226,1,0.000502513,1,0.000502513,0,0,2,2,0,0,FIFA
Mariquilla1988,22491234,9/10/14,1,3,2,76.39847203,8.499575021,1,2,5,3,0,0,228,33.23051361,33.23051361,10,13,13,0,0,0,ebola,3,Mariquilla1988,3,1,NA,0,0,2.52E-07,0.00050226,0,0,0,0,0,0,0,0,0,0,ebola
MarkBM,21794115,7/9/14,1,3,1,469.3742666,-85.99938572,1,14,64,18,0,9,0,0,0,0,0,0,0,0,0,FIFA,3,MarkBM,3,1,0,60,1.52E-05,2.53E-07,0.000504029,8,0.004020101,5,0.002512563,3,0.001507538,16,8,8,0,FIFA
Masterfrac,26388641,9/29/15,1,2,1,-982.7002471,-1460.370793,4,5,7,0,1,1,0,0,0,0,0,0,0,0,0,BLM,2,Masterfrac,2,1,NA,0,0,2.52E-07,0.00050226,1,0.000502513,1,0.000502513,0,0,3,3,0,0,BLM
Matosizi,21622900,6/15/14,1,1,0,29.9970003,29.9970003,1,1,1,0,0,0,0,0,0,0,0,0,0,0,0,FIFA,1,Matosizi,1,1,NA,0,0,2.52E-07,0.00050226,0,0,0,0,0,0,0,0,0,0,FIFA
Matthew898,21814693,7/12/14,1,2,24,-1.225802497,-3.833320556,19,30,31,0,1,0,779,-96.15594951,-16.38704391,18,31,32,0,0,1,FIFA,2,Matthew898,2,1,NA,0,0,2.52E-07,0.00050226,1,0.000502513,1,0.000502513,0,0,1,1,0,1.78E-06,FIFA
Mattoeftering,25896539,7/31/15,1,1,0,2245.887706,2245.887706,1,2,2,0,0,0,0,0,0,0,0,0,0,0,0,BLM,1,Mattoeftering,1,1,0,0,0,2.52E-07,0.00050226,2,0.001005025,2,0.001005025,0,0,2,2,0,0,BLM
Mattswag5603,24427364,3/14/15,1,1,0,0,0,1,1,1,0,0,0,0,0,0,0,0,0,0,0,0,ebola,1,Mattswag5603,1,1,NA,0,0,2.52E-07,0.00050226,0,0,0,0,0,0,0,0,0,0,ebola
Mejesik,23054210,11/3/14,1,2,0,15.99960001,15.99960001,2,4,4,0,0,0,0,0,0,0,0,0,0,0,0,ebola,2,Mejesik,2,1,NA,0,0,2.52E-07,0.00050226,0,0,0,0,0,0,0,0,0,0,ebola
Mexanoh,21772591,7/6/14,1,1,0,12.99870013,12.99870013,1,1,1,0,0,0,0,0,0,0,0,0,0,0,0,FIFA,1,Mexanoh,1,1,NA,0,0,2.52E-07,0.00050226,0,0,0,0,0,0,0,0,0,0,FIFA
Michael hunter,22655301,9/25/14,1,2,0,22.88876173,22.88876173,9,18,18,0,0,0,0,0,0,0,0,0,0,0,0,ebola,2,Michael hunter,2,1,NA,0,0,2.52E-07,0.00050226,0,0,0,0,0,0,0,0,0,0,ebola
Mikestrike,21605546,6/12/14,1,1,0,45.99770011,45.99770011,1,2,2,0,0,0,0,0,0,0,0,0,0,0,0,FIFA,1,Mikestrike,1,1,NA,0,0,2.52E-07,0.00050226,0,0,0,0,0,0,0,0,0,0,FIFA
MissKatie89,21641081,6/18/14,1,3,16,341.3735776,161.2834102,3,7,24,14,1,1,0,0,0,0,0,0,0,0,0,ebola,3,MissKatie89,3,1,NA,0,0,2.52E-07,0.00050226,1,0.000502513,1,0.000502513,0,0,1,1,0,1.12E-06,ebola
Mixo45,21336330,5/5/14,0,2,0,153.3307778,153.3307778,2,6,6,0,0,0,1218,220.9372238,235.6173006,19,68,80,3,1,0,FIFA,2,Mixo45,2,1,NA,0,0,2.52E-07,0.00050226,0,0,0,0,0,0,0,0,0,0,FIFA
Mj3322,22828071,10/12/14,1,1,18,-3.666544449,-3.666544449,3,3,3,0,0,0,101,0.499975001,0.499975001,2,2,2,0,0,0,ebola,1,Mj3322,1,1,NA,0,0,2.52E-07,0.00050226,0,0,0,0,0,0,0,0,0,0,ebola
Mjay54,23323345,11/28/14,1,1,0,0,0,1,2,2,0,0,0,0,0,0,0,0,0,0,0,0,BLM,1,Mjay54,1,1,NA,0,0,2.52E-07,0.00050226,0,0,0,0,0,0,0,0,0,0,BLM
Mohammad961,21605647,6/12/14,1,1,0,42.33286297,42.33286297,1,9,9,0,0,0,1,40.16599723,0.199996,2,5,6,0,0,1,FIFA,1,Mohammad961,1,1,NA,0,0,2.52E-07,0.00050226,0,0,0,0,0,0,0,0,0,0,FIFA
Mov283br3,26889133,11/25/15,1,1,0,22.99923336,22.99923336,2,3,3,0,0,0,0,0,0,0,0,0,0,0,0,BLM,1,Mov283br3,1,1,NA,0,0,2.52E-07,0.00050226,0,0,0,0,0,0,0,0,0,0,BLM
Mpena12,23388826,12/4/14,1,2,0,653.4891085,653.4891085,4,6,6,0,0,0,0,0,0,0,0,0,0,0,0,BLM,2,Mpena12,2,1,0,0,0,2.52E-07,0.00050226,2,0.001005025,2,0.001005025,0,0,2,2,0,0,BLM
MPS1992,26860051,11/21/15,0,2,24,-38.88615203,-15.35387777,167,438,448,5,0,3,666,342.7608747,-60.22963002,1219,3584,5997,363,42,1530,BLM,2,MPS1992,2,1,0,3,7.58E-07,2.53E-07,0.000503018,3,0.001507538,1,0.000502513,2,0.001005025,4,1,3,0,BLM
MrAtifAyub,23186517,11/15/14,1,1,0,2.999850007,2.999850007,1,2,2,0,0,0,0,0,0,0,0,0,0,0,0,ebola,1,MrAtifAyub,1,1,NA,0,0,2.52E-07,0.00050226,0,0,0,0,0,0,0,0,0,0,ebola
MrHassanSan,22935515,10/22/14,1,1,5,67.24831879,95.33015566,1,3,4,1,0,0,0,0,0,0,0,0,0,0,0,ebola,1,MrHassanSan,1,1,NA,0,0,2.52E-07,0.00050226,0,0,0,0,0,0,0,0,0,0,ebola
MrMohammed305,21901010,7/24/14,1,3,18,-628.7643941,-849.1740984,10,11,13,0,1,1,242,138.9328702,193.5779285,16,19,30,1,5,2,FIFA,3,MrMohammed305,3,1,NA,0,0,2.53E-07,0.000502513,1,0.000502513,0,0,1,0.000502513,1,0,1,0,FIFA
Mrs.Maddys,23400956,12/6/14,1,1,0,12.99870013,12.99870013,1,1,1,0,0,0,0,0,0,0,0,0,0,0,0,ebola,1,Mrs.Maddys,1,1,NA,0,0,2.52E-07,0.00050226,1,0.000502513,1,0.000502513,0,0,2,2,0,0,ebola
Mtchief,21580764,6/8/14,1,1,11,258.9948201,130.328989,1,3,5,2,0,0,0,0,0,0,0,0,0,0,0,ebola,1,Mtchief,1,1,NA,0,0,2.52E-07,0.00050226,1,0.000502513,1,0.000502513,0,0,1,1,0,0,ebola
Mucky Poo,22325480,8/25/14,1,1,0,1817.818218,1817.818218,1,1,1,0,0,0,1,-2.333255558,-2.333255558,1,3,3,0,0,0,ebola,1,Mucky Poo,1,1,NA,0,0,2.52E-07,0.00050226,0,0,0,0,0,0,0,0,0,0,ebola
Mulderttt,21637755,6/17/14,1,1,0,45.99540046,45.99540046,1,1,1,0,0,0,0,165.9834017,165.9834017,1,1,1,0,0,0,FIFA,1,Mulderttt,1,1,NA,0,0,2.52E-07,0.00050226,0,0,0,0,0,0,0,0,0,0,FIFA
Mundogamesvicioam,21191932,4/14/14,1,1,0,11.99880012,11.99880012,1,1,1,0,0,0,0,0,0,0,0,0,0,0,0,FIFA,1,Mundogamesvicioam,1,1,NA,0,0,2.52E-07,0.00050226,0,0,0,0,0,0,0,0,0,0,FIFA
Murilo12,22055388,8/4/14,1,1,0,-117.4941253,-117.4941253,1,2,2,0,0,0,0,0,0,0,0,0,0,0,0,ebola,1,Murilo12,1,1,NA,0,0,2.52E-07,0.00050226,0,0,0,0,0,0,0,0,0,0,ebola
MusaSaleemPK,21607835,6/12/14,1,1,0,57.99420058,57.99420058,1,1,1,0,0,0,0,0,0,0,0,0,0,0,0,FIFA,1,MusaSaleemPK,1,1,NA,0,0,2.52E-07,0.00050226,0,0,0,0,0,0,0,0,0,0,FIFA
MyEditIsValid,23379465,12/4/14,1,1,0,0,0,1,2,2,0,0,0,0,0,0,0,0,0,0,0,0,BLM,1,MyEditIsValid,1,1,NA,0,0,2.52E-07,0.00050226,0,0,0,0,0,0,0,0,0,0,BLM
Nammage,24947538,4/26/15,1,2,6,-1.833302778,-1.833302778,6,6,6,0,0,0,747,1.988949177,-0.005555552,140,180,181,1,0,0,BLM,2,Nammage,2,1,NA,0,0,2.52E-07,0.00050226,0,0,0,0,0,0,0,0,0,0,BLM
Nauzemophonic,22709814,10/1/14,1,1,0,29.9970003,29.9970003,1,1,1,0,0,0,0,0,0,0,0,0,0,0,0,ebola,1,Nauzemophonic,1,1,NA,0,0,2.52E-07,0.00050226,0,0,0,0,0,0,0,0,0,0,ebola
Necent,26783598,11/13/15,1,1,0,102.989701,102.989701,1,1,1,0,0,0,0,0,0,0,0,0,0,0,0,BLM,1,Necent,1,1,NA,0,0,2.52E-07,0.00050226,0,0,0,0,0,0,0,0,0,0,BLM
NekoKatsun,23242057,11/20/14,0,3,27,97.6921574,31.48142318,45,54,65,0,2,8,1032,467.849769,453.7142422,461,1043,1285,61,5,141,BLM,3,NekoKatsun,3,1,0,504,0.000127334,3.37E-07,0.000671516,6,0.003015075,1,0.000502513,5,0.002512563,6,1,5,3.69E-05,BLM
Nelson Joel,23088697,11/6/14,1,1,0,0,0,1,2,2,0,0,0,0,0,0,0,0,0,0,0,0,ebola,1,Nelson Joel,1,1,NA,0,0,2.52E-07,0.00050226,1,0.000502513,1,0.000502513,0,0,1,1,0,0,ebola
NetworkOP,23595433,12/26/14,1,3,26,268.2062269,204.1506316,60,126,349,7,23,83,550,169.4997175,140.8374572,11,37,60,5,4,13,ebola,3,NetworkOP,3,1,0,6549,0.001654578,3.47E-07,0.000690154,55,0.027638191,13,0.006532663,42,0.021105528,94,37,57,0.006729013,ebola
NextGenSam619,21733618,7/1/14,0,2,30,135.5977984,111.7528097,33,85,97,4,5,2,1147,199.1447445,126.9867063,699,2032,2563,36,146,226,FIFA,2,NextGenSam619,2,1,0,0,0,2.52E-07,0.00050226,3,0.001507538,3,0.001507538,0,0,3,3,0,3.04E-05,FIFA
Nikzilla,22439607,9/5/14,1,1,0,4.99950005,4.99950005,1,1,1,0,0,0,0,0,0,0,0,0,0,0,0,ebola,1,Nikzilla,1,1,NA,0,0,2.52E-07,0.00050226,1,0.000502513,1,0.000502513,0,0,2,2,0,0,ebola
Niw1984,23653569,1/1/15,1,1,0,-4.99950005,-4.99950005,1,1,1,0,0,0,0,0,0,0,0,0,0,0,0,BLM,1,Niw1984,1,1,NA,0,0,2.52E-07,0.00050226,0,0,0,0,0,0,0,0,0,0,BLM
Nqemgray,21414483,5/16/14,1,2,3,52.499625,52.499625,2,14,14,0,0,0,0,0,0,0,0,0,0,0,0,FIFA,2,Nqemgray,2,1,NA,0,0,2.52E-07,0.00050226,1,0.000502513,1,0.000502513,0,0,1,1,0,1.05E-05,FIFA
O.Stolz,26750562,11/9/15,1,2,18,589.4957893,589.4957893,7,14,14,0,0,0,0,0,0,0,0,0,0,0,0,BLM,2,O.Stolz,2,1,NA,0,0,2.52E-07,0.00050226,1,0.000502513,1,0.000502513,0,0,1,1,0,0,BLM
Oakhilljoseph,23010121,10/29/14,1,1,1,0.333322223,0.333322223,1,3,3,0,0,0,0,0,0,0,0,0,0,0,0,ebola,1,Oakhilljoseph,1,1,NA,0,0,2.52E-07,0.00050226,1,0.000502513,1,0.000502513,0,0,1,1,0,0,ebola
Ogmios78,24962314,4/27/15,1,1,0,-393.980301,-393.980301,1,2,2,0,0,0,0,0,0,0,0,0,0,0,0,BLM,1,Ogmios78,1,1,0,0,0,2.52E-07,0.00050226,2,0.001005025,2,0.001005025,0,0,3,3,0,0,BLM
Ogramzes,21774013,7/7/14,1,2,6,39.33202227,32.49837508,2,2,3,0,0,1,0,0,0,0,0,0,0,0,0,FIFA,2,Ogramzes,2,1,NA,0,0,2.53E-07,0.000502513,1,0.000502513,0,0,1,0.000502513,1,0,1,0,FIFA
Oiyarbepsy,21840846,7/16/14,0,2,30,425.3232582,-44.40750959,238,319,699,39,32,195,1130,36.59031133,-77.77016133,5658,7514,18104,1731,2614,2585,FIFA,2,Oiyarbepsy,2,1,0,0,0,2.81E-07,0.000558933,152,0.07638191,0,0,152,0.07638191,195,0,195,3.90E-05,FIFA
Okymyo,22166916,8/11/14,1,3,1,228.914759,52.14211226,2,7,12,1,4,0,464,41.99916002,-1023.89761,1,1,5,3,1,0,ebola,3,Okymyo,3,1,NA,0,0,2.52E-07,0.00050226,0,0,0,0,0,0,0,0,0,0,ebola
OliviaEMcCheyne,26710930,11/4/15,1,2,0,432.4891878,432.4891878,2,4,4,0,0,0,0,0,0,0,0,0,0,0,0,BLM,2,OliviaEMcCheyne,2,1,NA,0,0,2.52E-07,0.00050226,1,0.000502513,1,0.000502513,0,0,1,1,0,0,BLM
OliwierEOB,21660035,6/20/14,1,1,8,149.4925254,-59.9940006,1,1,2,1,0,0,0,0,0,0,0,0,0,0,0,FIFA,1,OliwierEOB,1,1,NA,0,0,2.52E-07,0.00050226,0,0,0,0,0,0,0,0,0,0,FIFA
Olympiads are best,21846768,7/16/14,1,2,1,80.57027757,73.99876669,4,6,7,0,0,1,0,0,0,0,0,0,0,0,0,FIFA,2,Olympiads are best,2,1,0,0,0,2.53E-07,0.000503271,2,0.001005025,1,0.000502513,1,0.000502513,4,3,1,0,FIFA
Omelly97,21969174,7/31/14,1,1,0,28.49857507,28.49857507,1,2,2,0,0,0,0,0,0,0,0,0,0,0,0,ebola,1,Omelly97,1,1,NA,0,0,2.52E-07,0.00050226,0,0,0,0,0,0,0,0,0,0,ebola
Omodeletobi,21915112,7/25/14,1,1,0,0,0,1,1,1,0,0,0,0,0,0,0,0,0,0,0,0,ebola,1,Omodeletobi,1,1,NA,0,0,2.52E-07,0.00050226,0,0,0,0,0,0,0,0,0,0,ebola
Omuhnate,21723336,6/29/14,1,1,0,0,0,1,1,1,0,0,0,0,-31.99680032,-31.99680032,1,1,1,0,0,0,FIFA,1,Omuhnate,1,1,NA,0,0,2.52E-07,0.00050226,0,0,0,0,0,0,0,0,0,0,FIFA
Ooebbbbyyy,21606496,6/12/14,1,1,0,-321.9678032,-321.9678032,1,1,1,0,0,0,0,0,0,0,0,0,0,0,0,FIFA,1,Ooebbbbyyy,1,1,NA,0,0,2.52E-07,0.00050226,0,0,0,0,0,0,0,0,0,0,FIFA
Ooopps,22117632,8/8/14,1,1,0,5.99940006,5.99940006,1,1,1,0,0,0,0,0,0,0,0,0,0,0,0,ebola,1,Ooopps,1,1,NA,0,0,2.52E-07,0.00050226,0,0,0,0,0,0,0,0,0,0,ebola
OrganicEarth,25844825,7/24/15,1,2,30,130.0025328,124.6219479,1328,3772,3943,116,5,49,29,119.7244654,120.4767678,149,474,490,14,0,1,BLM,2,OrganicEarth,2,1,0,144,3.64E-05,2.53E-07,0.00050403,28,0.014070352,21,0.010552764,7,0.003517588,70,47,23,0.00318418,BLM
Oskar Kopaczewski,21378766,5/11/14,1,2,24,39.88877809,27.12112994,19,33,36,0,0,2,77,8.42100831,-4.294092388,13,17,19,2,0,0,FIFA,2,Oskar Kopaczewski,2,1,0,6,1.52E-06,2.53E-07,0.000502765,5,0.002512563,4,0.00201005,1,0.000502513,7,5,2,0,FIFA
P4TG30RG13V,21625824,6/15/14,1,1,2,-1.714261225,-1.714261225,2,7,7,0,0,0,0,0,0,0,0,0,0,0,0,FIFA,1,P4TG30RG13V,1,1,NA,0,0,2.52E-07,0.00050226,0,0,0,0,0,0,0,0,0,0,FIFA
Pencilthebee,26832848,11/18/15,1,2,0,613.9693015,613.9693015,2,2,2,0,0,0,0,0,0,0,0,0,0,0,0,BLM,2,Pencilthebee,2,1,NA,0,0,2.52E-07,0.00050226,0,0,0,0,0,0,0,0,0,0,BLM
PewdsBro12,25838030,7/23/15,1,2,22,1.642845408,1.642845408,9,14,14,0,0,0,129,5.085095564,5.085095564,31,47,47,0,0,0,BLM,2,PewdsBro12,2,1,NA,0,0,2.52E-07,0.00050226,1,0.000502513,1,0.000502513,0,0,1,1,0,0,BLM
Phoenix9630,21788124,7/8/14,0,1,29,29.66617223,29.66617223,6,6,6,0,0,0,1145,11.3645715,11.9673783,49,92,96,0,0,0,FIFA,1,Phoenix9630,1,1,NA,0,0,2.52E-07,0.00050226,0,0,0,0,0,0,0,0,0,0,FIFA
Pizzaguy232roundhouse,23272223,11/23/14,1,1,0,-0.999950002,-0.999950002,1,2,2,0,0,0,0,0,0,0,0,0,0,0,0,ebola,1,Pizzaguy232roundhouse,1,1,NA,0,0,2.52E-07,0.00050226,1,0.000502513,1,0.000502513,0,0,3,3,0,0,ebola
Polugap,21704913,6/27/14,1,3,18,306.4316042,309.4713626,22,36,37,1,0,0,114,-492.4250541,-668.3575604,4,11,14,0,0,1,FIFA,3,Polugap,3,1,NA,0,0,2.52E-07,0.00050226,0,0,0,0,0,0,0,0,0,0,FIFA
Pookiebabie,23331249,11/29/14,1,2,0,-3.499825009,-3.499825009,2,2,2,0,0,0,0,0,0,0,0,0,0,0,0,ebola,2,Pookiebabie,2,1,NA,0,0,2.52E-07,0.00050226,1,0.000502513,1,0.000502513,0,0,1,1,0,0,ebola
Poseidon Nep,21727454,6/30/14,1,1,20,97.72141657,97.72141657,66,219,219,0,0,0,0,0,0,0,0,0,0,0,0,FIFA,1,Poseidon Nep,1,1,0,0,0,2.52E-07,0.00050226,2,0.001005025,2,0.001005025,0,0,3,3,0,0,FIFA
Pprika,21787522,7/8/14,1,1,0,8.99910009,8.99910009,1,1,1,0,0,0,0,0,0,0,0,0,0,0,0,FIFA,1,Pprika,1,1,NA,0,0,2.52E-07,0.00050226,0,0,0,0,0,0,0,0,0,0,FIFA
Princessbananahammock,22097365,8/7/14,1,1,0,33.99660034,33.99660034,1,1,1,0,0,0,0,0,0,0,0,0,0,0,0,ebola,1,Princessbananahammock,1,1,NA,0,0,2.52E-07,0.00050226,0,0,0,0,0,0,0,0,0,0,ebola
Prinsgezinde,24340726,3/6/15,0,3,30,60.39266649,-102.1066842,113,178,219,28,0,11,927,79.49741029,32.2375151,3351,6408,7919,1244,33,131,BLM,3,Prinsgezinde,3,1,0,33,8.34E-06,2.53E-07,0.000502513,10,0.005025126,9,0.004522613,1,0.000502513,21,20,1,3.99E-06,BLM
Prisoner326,22716753,10/1/14,1,1,24,0,0,4,5,5,0,0,0,26,-14.71407551,-14.71407551,7,7,7,0,0,0,ebola,1,Prisoner326,1,1,NA,0,0,2.52E-07,0.00050226,0,0,0,0,0,0,0,0,0,0,ebola
ProfessorLuka,24252134,2/26/15,1,2,4,7.799922001,7.799922001,4,10,10,0,0,0,0,0,0,0,0,0,0,0,0,ebola,2,ProfessorLuka,2,1,0,0,0,2.52E-07,0.00050226,2,0.001005025,2,0.001005025,0,0,2,2,0,1.84E-06,ebola
Proficuous,22988073,10/27/14,1,1,1,25.33305185,25.33305185,2,9,9,0,0,0,0,0,0,0,0,0,0,0,0,ebola,1,Proficuous,1,1,NA,0,0,2.52E-07,0.00050226,0,0,0,0,0,0,0,0,0,0,ebola
Profoundblkwmn,24797594,4/17/15,1,1,0,-7.99920008,-7.99920008,1,1,1,0,0,0,0,0,0,0,0,0,0,0,0,BLM,1,Profoundblkwmn,1,1,NA,0,0,2.52E-07,0.00050226,0,0,0,0,0,0,0,0,0,0,BLM
PuffinSoc,22572488,9/17/14,1,3,26,232.6871036,277.3563794,219,317,374,0,1,2,89,264.6792911,298.6009763,378,584,658,4,2,6,ebola,3,PuffinSoc,3,1,0,0,0,2.52E-07,0.00050226,2,0.001005025,2,0.001005025,0,0,3,3,0,0,ebola
Puppy9000,22747637,10/5/14,1,2,25,90.96060596,90.96060596,23,51,51,0,0,0,919,80.3931681,79.88496565,65,87,89,0,0,0,ebola,2,Puppy9000,2,1,0,0,0,2.52E-07,0.00050226,2,0.001005025,2,0.001005025,0,0,2,2,0,0.000195261,ebola
Pwfen,23673468,1/3/15,1,1,22,586.5490383,325.3224893,2,3,9,2,1,3,302,82.99924546,1.199976,3,5,11,1,5,0,ebola,1,Pwfen,1,1,NA,0,0,2.52E-07,0.00050226,1,0.000502513,1,0.000502513,0,0,1,1,0,0,ebola
QuartzReload,21639897,6/17/14,1,2,10,585.8430224,570.891337,221,249,510,0,16,221,889,188.1521888,-190.5807709,91,105,197,5,4,70,FIFA,2,QuartzReload,2,1,0,7367,0.001861242,2.62E-07,0.000521103,76,0.038190955,6,0.003015075,70,0.035175879,107,30,77,0.001362764,FIFA
Qzd,26906394,11/27/15,0,2,30,339.9561431,87.62336197,2214,2371,3649,19,29,1203,661,352.2470426,134.1555936,9653,10733,17426,46,27,6317,BLM,2,Qzd,2,1,0,1010,0.000255172,2.65E-07,0.000526592,103,0.051758794,11,0.005527638,92,0.046231156,110,12,98,0,BLM
Rachelwalexander,21664415,6/21/14,1,3,16,30.44410618,33.14238368,4,7,9,0,2,0,515,122.999508,87.34956325,13,20,25,3,2,0,ebola,3,Rachelwalexander,3,1,NA,0,0,2.52E-07,0.00050226,1,0.000502513,1,0.000502513,0,0,3,3,0,0,ebola
Rajeshavaghela,21603545,6/12/14,1,1,0,66.99330067,66.99330067,1,1,1,0,0,0,0,0,0,0,0,0,0,0,0,FIFA,1,Rajeshavaghela,1,1,NA,0,0,2.52E-07,0.00050226,0,0,0,0,0,0,0,0,0,0,FIFA
Randomlettersinaspace,25800230,7/18/15,1,1,0,3.99960004,3.99960004,1,1,1,0,0,0,0,0,0,0,0,0,0,0,0,BLM,1,Randomlettersinaspace,1,1,NA,0,0,2.52E-07,0.00050226,1,0.000502513,1,0.000502513,0,0,1,1,0,0,BLM
RapdosS,21607695,6/12/14,1,1,0,96.99515024,96.99515024,1,2,2,0,0,0,0,0,0,0,0,0,0,0,0,FIFA,1,RapdosS,1,1,NA,0,0,2.52E-07,0.00050226,0,0,0,0,0,0,0,0,0,0,FIFA
RatRat,24512952,3/23/15,1,2,29,283.2315135,323.1505914,64,199,272,0,56,1,759,1367.381614,751.3527764,49,99,225,25,20,69,BLM,2,RatRat,2,1,0,7,1.77E-06,2.53E-07,0.000502513,7,0.003517588,6,0.003015075,1,0.000502513,8,7,1,0,BLM
RazorThunder,21902977,7/24/14,1,2,25,80.99973,72.86330517,15,22,30,0,8,0,958,22.74990521,46.599767,8,20,24,0,4,0,FIFA,2,RazorThunder,2,1,NA,0,0,2.52E-07,0.00050226,0,0,0,0,0,0,0,0,0,0,FIFA
RealPyro,21981816,7/31/14,1,1,0,20.99790021,20.99790021,1,1,1,0,0,0,0,0,0,0,0,0,0,0,0,ebola,1,RealPyro,1,1,NA,0,0,2.52E-07,0.00050226,0,0,0,0,0,0,0,0,0,0,ebola
Realtruth4all,26835139,11/19/15,1,1,0,-3051.738965,-4479.638009,1,4,5,0,0,1,0,0,0,0,0,0,0,0,0,BLM,1,Realtruth4all,1,1,0,0,0,2.53E-07,0.000502513,2,0.001005025,1,0.000502513,1,0.000502513,2,1,1,0,BLM
RegistryKey,22632709,9/23/14,0,2,30,1398.201568,1074.546892,94,115,421,15,28,181,1074,1155.26079,741.2544526,846,994,4160,63,480,2004,ebola,2,RegistryKey,2,1,0,3626,0.000916094,3.61E-07,0.000719269,100,0.050251256,6,0.003015075,94,0.047236181,124,8,116,6.25E-06,BLM
Reyalfre,20668798,1/29/14,1,1,0,12.99870013,12.99870013,1,1,1,0,0,0,0,0,0,0,0,0,0,0,0,FIFA,1,Reyalfre,1,1,NA,0,0,2.52E-07,0.00050226,0,0,0,0,0,0,0,0,0,0,FIFA
Rich4527,22741668,10/4/14,1,1,0,92.99070093,92.99070093,1,1,1,0,0,0,0,0,0,0,0,0,0,0,0,ebola,1,Rich4527,1,1,NA,0,0,2.52E-07,0.00050226,0,0,0,0,0,0,0,0,0,0,ebola
Rick13ellms,21816963,7/12/14,1,2,20,37.46641689,37.46641689,7,15,15,0,0,0,0,0,0,0,0,0,0,0,0,FIFA,2,Rick13ellms,2,1,0,0,0,2.52E-07,0.00050226,2,0.001005025,2,0.001005025,0,0,4,4,0,0,FIFA
Ricola.joe,22981203,10/27/14,1,1,0,32.99890004,32.99890004,1,3,3,0,0,0,0,0,0,0,0,0,0,0,0,ebola,1,Ricola.joe,1,1,NA,0,0,2.52E-07,0.00050226,1,0.000502513,1,0.000502513,0,0,1,1,0,0.000195397,ebola
Rjlnjd,24380114,3/10/15,1,1,0,2.99970003,2.99970003,1,1,1,0,0,0,0,0,0,0,0,0,0,0,0,BLM,1,Rjlnjd,1,1,NA,0,0,2.52E-07,0.00050226,0,0,0,0,0,0,0,0,0,0,BLM
Rjryan94,21897518,7/23/14,1,1,0,-178.9821018,-178.9821018,1,1,1,0,0,0,0,0,0,0,0,0,0,0,0,BLM,1,Rjryan94,1,1,NA,0,0,2.52E-07,0.00050226,1,0.000502513,1,0.000502513,0,0,1,1,0,0,BLM
Rlincoln1986,23370248,12/3/14,1,1,0,4.499775011,4.499775011,1,2,2,0,0,0,0,0,0,0,0,0,0,0,0,BLM,1,Rlincoln1986,1,1,NA,0,0,2.52E-07,0.00050226,0,0,0,0,0,0,0,0,0,0,BLM
Rochoa2,22926347,10/22/14,1,1,0,108.9963668,108.9963668,1,3,3,0,0,0,0,0,0,0,0,0,0,0,0,ebola,1,Rochoa2,1,1,NA,0,0,2.52E-07,0.00050226,0,0,0,0,0,0,0,0,0,0,ebola
Rondo33,25866009,7/27/15,1,3,0,234.7441314,45.99540046,1,1,4,3,0,0,0,0,0,0,0,0,0,0,0,BLM,3,Rondo33,3,1,NA,0,0,2.52E-07,0.00050226,0,0,0,0,0,0,0,0,0,0,BLM
Rpdodds,21609041,6/12/14,1,2,1,31.39937201,31.39937201,2,5,5,0,0,0,0,863.9136086,863.9136086,1,1,1,0,0,0,FIFA,2,Rpdodds,2,1,NA,0,0,2.52E-07,0.00050226,0,0,0,0,0,0,0,0,0,0,FIFA
Rusavuk,24848124,4/20/15,1,2,13,95.27961888,95.27961888,13,25,25,0,0,0,0,-0.99990001,-0.99990001,1,1,1,0,0,0,BLM,2,Rusavuk,2,1,NA,0,0,2.52E-07,0.00050226,1,0.000502513,1,0.000502513,0,0,1,1,0,0.000195397,BLM
Russsdean,21799547,7/10/14,1,1,0,0,0,1,1,1,0,0,0,0,0,0,0,0,0,0,0,0,FIFA,1,Russsdean,1,1,NA,0,0,2.52E-07,0.00050226,1,0.000502513,1,0.000502513,0,0,2,2,0,0,FIFA
S3oody8,26802104,11/15/15,1,1,0,0,0,1,2,2,0,0,0,18,-21.99926669,-21.99926669,3,3,3,0,0,0,BLM,1,S3oody8,1,1,NA,0,0,2.52E-07,0.00050226,0,0,0,0,0,0,0,0,0,0,BLM
Saeranv,22278526,8/21/14,1,3,25,471.2808429,238.4880756,2,2,39,37,0,0,65,497.2269444,702.929707,1,1,13,12,0,0,BLM,3,Saeranv,3,1,NA,0,0,2.52E-07,0.00050226,1,0.000502513,1,0.000502513,0,0,1,1,0,0,BLM
Sage1982,25517950,6/17/15,1,2,12,4.99995,4.99995,9,10,10,0,0,0,0,741.9258074,741.9258074,1,1,1,0,0,0,BLM,2,Sage1982,2,1,NA,0,0,2.52E-07,0.00050226,1,0.000502513,1,0.000502513,0,0,1,1,0,0,BLM
Sam3026885,23721311,1/8/15,1,1,0,824.7293818,824.7293818,1,4,4,0,0,0,0,0,0,0,0,0,0,0,0,ebola,1,Sam3026885,1,1,NA,0,0,2.52E-07,0.00050226,1,0.000502513,1,0.000502513,0,0,2,2,0,0.000364792,ebola
SamanthaAnnesley,25098281,5/7/15,1,1,0,-133.9866013,-133.9866013,1,1,1,0,0,0,0,0,0,0,0,0,0,0,0,BLM,1,SamanthaAnnesley,1,1,NA,0,0,2.52E-07,0.00050226,1,0.000502513,1,0.000502513,0,0,1,1,0,0,BLM
SamSkulls,21825329,7/14/14,1,1,16,314.99775,341.8304847,1,12,14,1,1,0,931,231.6790733,218.2127271,7,14,25,0,9,2,FIFA,1,SamSkulls,1,1,NA,0,0,2.52E-07,0.00050226,0,0,0,0,0,0,0,0,0,0,FIFA
SamuelOdinga,22376301,8/30/14,1,2,25,32.85289286,32.85289286,48,68,68,0,0,0,20,58.72673885,58.72673885,10,11,11,0,0,0,ebola,2,SamuelOdinga,2,1,0,0,0,2.52E-07,0.00050226,2,0.001005025,2,0.001005025,0,0,2,2,0,0,ebola
Samuelrowland,21526810,5/31/14,1,3,29,6.27269876,6.571397279,10,21,22,0,0,0,372,-0.264705104,0.151514692,16,33,34,0,0,0,FIFA,3,Samuelrowland,3,1,NA,0,0,2.52E-07,0.00050226,0,0,0,0,0,0,0,0,0,0,FIFA
Sankhu01,21819126,7/13/14,1,1,23,38.3320556,38.3320556,2,3,3,0,0,0,11,62.33125562,62.33125562,3,3,3,0,0,0,FIFA,1,Sankhu01,1,1,NA,0,0,2.52E-07,0.00050226,1,0.000502513,1,0.000502513,0,0,4,4,0,1.96E-06,FIFA
Sarahkooper,23520820,12/18/14,1,1,0,526.9736513,526.9736513,1,2,2,0,0,0,0,0,0,0,0,0,0,0,0,ebola,1,Sarahkooper,1,1,0,0,0,2.52E-07,0.00050226,2,0.001005025,2,0.001005025,0,0,2,2,0,1.75E-06,ebola
Saricmu,22035931,8/3/14,1,2,27,-1.499962501,-1.499962501,3,4,4,0,0,0,0,0,0,0,0,0,0,0,0,ebola,2,Saricmu,2,1,NA,0,0,2.52E-07,0.00050226,0,0,0,0,0,0,0,0,0,0,ebola
Satkara,23049166,11/2/14,1,1,22,56.00926775,-62.29233811,49,301,431,34,2,40,998,118.799736,12.94733435,16,38,45,2,0,4,ebola,1,Satkara,1,1,0,6185,0.001562614,3.36E-07,0.000668862,25,0.012562814,12,0.006030151,13,0.006532663,50,26,24,0.000448986,ebola
Sayfutri,21566507,6/6/14,1,2,10,724.1520892,906.8019521,19,56,85,0,17,1,0,0,0,0,0,0,0,0,0,FIFA,2,Sayfutri,2,1,0,3,7.58E-07,2.53E-07,0.000502513,4,0.00201005,3,0.001507538,1,0.000502513,7,6,1,0,FIFA
Scoottz,22788329,10/8/14,1,1,5,184.4953876,293.9853007,1,2,4,2,0,0,0,0,0,0,0,0,0,0,0,ebola,1,Scoottz,1,1,NA,0,0,2.52E-07,0.00050226,0,0,0,0,0,0,0,0,0,0,ebola
Scorcher592,22209020,8/15/14,1,1,21,-24.99950001,-24.99950001,3,5,5,0,0,0,0,-5.99940006,-5.99940006,1,1,1,0,0,0,ebola,1,Scorcher592,1,1,0,0,0,2.52E-07,0.00050226,2,0.001005025,2,0.001005025,0,0,2,2,0,1.22E-06,ebola
Scotch93,22249977,8/18/14,1,1,0,28.99710029,28.99710029,1,1,1,0,0,0,0,0,0,0,0,0,0,0,0,ebola,1,Scotch93,1,1,NA,0,0,2.52E-07,0.00050226,0,0,0,0,0,0,0,0,0,0,ebola
Seardluin,21742088,7/2/14,1,1,0,5.99940006,5.99940006,1,1,1,0,0,0,0,0,0,0,0,0,0,0,0,FIFA,1,Seardluin,1,1,NA,0,0,2.52E-07,0.00050226,1,0.000502513,1,0.000502513,0,0,2,2,0,0,FIFA
Sedlarczuk,23003822,10/29/14,1,1,1,0,0,1,3,3,0,0,0,0,0,0,0,0,0,0,0,0,ebola,1,Sedlarczuk,1,1,0,0,0,2.52E-07,0.00050226,2,0.001005025,2,0.001005025,0,0,2,2,0,0.000195261,ebola
Sethyre,26338745,9/23/15,1,3,30,318.6825332,0,0,0,19,7,1,6,403,309.9721781,125.4968626,3,4,73,34,0,14,BLM,3,Sethyre,3,1,0,8,2.02E-06,2.53E-07,0.000503271,6,0.003015075,2,0.001005025,4,0.00201005,7,2,5,0,BLM
Sgt1988,24330416,3/5/15,1,1,0,1208.879112,1208.879112,1,1,1,0,0,0,0,0,0,0,0,0,0,0,0,BLM,1,Sgt1988,1,1,NA,0,0,2.52E-07,0.00050226,0,0,0,0,0,0,0,0,0,0,BLM
ShadowHawk555,23071829,11/4/14,1,2,15,49.99750012,49.99750012,2,2,2,0,0,0,674,-46.66660185,-5.428561735,32,56,72,9,1,6,BLM,2,ShadowHawk555,2,1,NA,0,0,2.52E-07,0.00050226,0,0,0,0,0,0,0,0,0,0,BLM
Shadowvault,23005758,10/29/14,1,3,12,181.8207792,7.99920008,1,1,28,0,15,1,3,249.9937502,0,0,0,4,0,2,0,ebola,3,Shadowvault,3,1,0,113,2.85E-05,2.53E-07,0.000502513,5,0.002512563,4,0.00201005,1,0.000502513,7,6,1,0.000306847,ebola
Shakiratrackleb,21606065,6/12/14,1,2,0,63.33280556,63.33280556,6,12,12,0,0,0,0,0,0,0,0,0,0,0,0,FIFA,2,Shakiratrackleb,2,1,NA,0,0,2.52E-07,0.00050226,1,0.000502513,1,0.000502513,0,0,2,2,0,0,FIFA
Shakiriwein,21624935,6/15/14,1,1,0,53.99460054,53.99460054,1,1,1,0,0,0,0,0,0,0,0,0,0,0,0,FIFA,1,Shakiriwein,1,1,NA,0,0,2.52E-07,0.00050226,1,0.000502513,1,0.000502513,0,0,2,2,0,0,FIFA
Shastaman19,22953194,10/24/14,1,1,0,1.99980002,1.99980002,1,1,1,0,0,0,0,0,0,0,0,0,0,0,0,ebola,1,Shastaman19,1,1,NA,0,0,2.52E-07,0.00050226,1,0.000502513,1,0.000502513,0,0,1,1,0,4.80E-06,ebola
Shriram10,22233382,8/17/14,1,1,0,17.99820018,17.99820018,1,1,1,0,0,0,0,0,0,0,0,0,0,0,0,ebola,1,Shriram10,1,1,NA,0,0,2.52E-07,0.00050226,1,0.000502513,1,0.000502513,0,0,1,1,0,0,ebola
Siguy85,21954978,7/29/14,1,1,16,186.9953251,186.9953251,1,4,4,0,0,0,0,0,0,0,0,0,0,0,0,BLM,1,Siguy85,1,1,NA,0,0,2.52E-07,0.00050226,1,0.000502513,1,0.000502513,0,0,1,1,0,0,BLM
Silvrcraze,24297747,3/2/15,1,2,1,132.9966751,132.9966751,2,4,4,0,0,0,0,0,0,0,0,0,0,0,0,BLM,2,Silvrcraze,2,1,NA,0,0,2.52E-07,0.00050226,0,0,0,0,0,0,0,0,0,0,BLM
Sirgrossgergeofficial,22064290,8/5/14,1,1,0,144.4927754,144.4927754,1,2,2,0,0,0,0,111.9888011,111.9888011,1,1,1,0,0,0,ebola,1,Sirgrossgergeofficial,1,1,NA,0,0,2.52E-07,0.00050226,0,0,0,0,0,0,0,0,0,0,ebola
Sizzlingsteve669,22143495,8/10/14,1,1,0,-3324.667533,-3324.667533,1,1,1,0,0,0,0,0,0,0,0,0,0,0,0,ebola,1,Sizzlingsteve669,1,1,NA,0,0,2.52E-07,0.00050226,0,0,0,0,0,0,0,0,0,0,ebola
Skubydoo,26373160,9/28/15,1,3,27,414.0342356,428.7391528,26,27,28,0,0,1,273,233.4997006,233.4997006,24,78,78,0,0,0,BLM,3,Skubydoo,3,1,NA,0,0,2.52E-07,0.00050226,1,0.000502513,1,0.000502513,0,0,1,1,0,1.25E-05,BLM
Snd0,21602800,6/12/14,1,2,24,245.4161554,224.5991016,5,25,48,12,1,1,568,305.7201014,120.3991973,9,15,93,63,4,8,ebola,2,Snd0,2,1,NA,0,0,2.53E-07,0.000502513,1,0.000502513,0,0,1,0.000502513,1,0,1,0,ebola
Soccer addict980,21781730,7/8/14,1,1,0,-2.333255558,-2.333255558,1,3,3,0,0,0,0,0,0,0,0,0,0,0,0,FIFA,1,Soccer addict980,1,1,NA,0,0,2.52E-07,0.00050226,0,0,0,0,0,0,0,0,0,0,FIFA
Some of everything,25593358,6/24/15,0,2,29,325.6096176,274.5187028,22,52,59,3,1,3,812,134.0913738,141.555121,137,544,558,9,0,5,BLM,2,Some of everything,2,1,0,1,2.53E-07,2.53E-07,0.000502512,2,0.001005025,1,0.000502513,1,0.000502513,4,1,3,0,BLM
Somuchstuffismeta,24975166,4/27/15,1,1,0,57.99935556,57.99935556,2,9,9,0,0,0,0,0,0,0,0,0,0,0,0,BLM,1,Somuchstuffismeta,1,1,0,0,0,2.52E-07,0.00050226,2,0.001005025,2,0.001005025,0,0,2,2,0,0,BLM
Sos edelbi23,21606501,6/12/14,1,1,0,33.99660034,33.99660034,1,1,1,0,0,0,0,0,0,0,0,0,0,0,0,FIFA,1,Sos edelbi23,1,1,NA,0,0,2.52E-07,0.00050226,0,0,0,0,0,0,0,0,0,0,FIFA
Spanzi,21613175,6/13/14,1,1,0,-0.99990001,-0.99990001,1,1,1,0,0,0,0,0,0,0,0,0,0,0,0,FIFA,1,Spanzi,1,1,NA,0,0,2.52E-07,0.00050226,0,0,0,0,0,0,0,0,0,0,FIFA
Stamboliyski,22271376,8/20/14,1,2,30,747.1234538,1216.429905,90,123,210,24,25,4,1074,527.8129475,730.1071898,453,727,1139,75,103,28,BLM,2,Stamboliyski,2,1,0,0,0,2.52E-07,0.00050226,2,0.001005025,2,0.001005025,0,0,3,3,0,0,BLM
Starstr,22661304,9/26/14,1,1,29,461.5292195,511.188451,45,472,546,35,0,17,97,302.7517928,311.9562254,30,252,262,0,0,5,ebola,1,Starstr,1,1,0.03030303,6340,0.001601775,2.61E-07,0.000519164,12,0.006030151,9,0.004522613,3,0.001507538,44,40,4,0.000310812,ebola
StealthyJoker85,23377551,12/3/14,1,2,22,197.0662287,201.5449965,33,44,45,0,1,0,26,25.6152861,25.6152861,21,26,26,0,0,0,BLM,2,StealthyJoker85,2,1,NA,0,0,2.52E-07,0.00050226,0,0,0,0,0,0,0,0,0,0,BLM
StjJackson,25806245,7/19/15,0,1,30,51.85911841,52.34302749,118,137,142,0,1,0,791,38.47484605,36.93409857,3181,4264,4572,16,109,4,BLM,1,StjJackson,1,1,NA,0,0,2.52E-07,0.00050226,1,0.000502513,1,0.000502513,0,0,1,1,0,0,BLM
Superjonboy01,21561671,6/5/14,1,2,0,0,0,1,1,1,0,0,0,525,724.3091897,86.99565022,2,2,3,0,1,0,FIFA,2,Superjonboy01,2,1,NA,0,0,2.52E-07,0.00050226,0,0,0,0,0,0,0,0,0,0,FIFA
Swaggyswig,22957991,10/25/14,1,2,0,0,0,0,0,0,0,0,0,2,9.499525024,9.499525024,2,2,2,0,0,0,ebola,2,Swaggyswig,2,1,NA,0,0,2.52E-07,0.00050226,0,0,0,0,0,0,0,0,0,0,ebola
Sweglife,25536757,6/19/15,1,1,0,-9.9990001,-9.9990001,1,1,1,0,0,0,0,2.99970003,2.99970003,1,1,1,0,0,0,BLM,1,Sweglife,1,1,NA,0,0,2.52E-07,0.00050226,0,0,0,0,0,0,0,0,0,0,BLM
Swukus,21746033,7/2/14,1,1,0,220.4944876,220.4944876,1,4,4,0,0,0,0,0,0,0,0,0,0,0,0,ebola,1,Swukus,1,1,NA,0,0,2.52E-07,0.00050226,0,0,0,0,0,0,0,0,0,0,ebola
Tbnaff,22853047,10/15/14,1,1,0,194.9902505,194.9902505,1,2,2,0,0,0,0,0,0,0,0,0,0,0,0,ebola,1,Tbnaff,1,1,NA,0,0,2.52E-07,0.00050226,0,0,0,0,0,0,0,0,0,0,ebola
Teryuslimmy45,26890387,11/25/15,1,1,0,512.3162561,512.3162561,2,3,3,0,0,0,0,0,0,0,0,0,0,0,0,BLM,1,Teryuslimmy45,1,1,NA,0,0,2.52E-07,0.00050226,0,0,0,0,0,0,0,0,0,0,BLM
Thankcleat,22223958,8/16/14,1,2,14,-447.4511318,-546.7618165,13,80,93,12,1,0,0,0,0,0,0,0,0,0,0,ebola,2,Thankcleat,2,1,NA,0,0,2.52E-07,0.00050226,1,0.000502513,1,0.000502513,0,0,1,1,0,0,ebola
The Replicator,21637138,6/17/14,0,1,26,18.31371352,12.51850925,16,135,153,6,3,0,1150,138.3725875,132.0922383,482,9497,11353,209,428,207,FIFA,1,The Replicator,1,1,NA,0,0,2.52E-07,0.00050226,0,0,0,0,0,0,0,0,0,0,FIFA
TheAGamer,21600093,6/11/14,1,3,28,88.2719248,1.33328889,2,3,11,0,8,0,15,109.9277862,58.99950834,7,12,14,0,2,0,FIFA,3,TheAGamer,3,1,0,0,0,2.52E-07,0.00050226,2,0.001005025,2,0.001005025,0,0,6,6,0,0,FIFA
Theleo1234,23847471,1/20/15,1,2,0,-33.99830008,-33.99830008,2,2,2,0,0,0,0,0,0,0,0,0,0,0,0,ebola,2,Theleo1234,2,1,NA,0,0,2.52E-07,0.00050226,0,0,0,0,0,0,0,0,0,0,ebola
TheMrKlWl,21730941,6/30/14,1,1,0,228.4885756,228.4885756,1,2,2,0,0,0,0,0,0,0,0,0,0,0,0,FIFA,1,TheMrKlWl,1,1,NA,0,0,2.52E-07,0.00050226,0,0,0,0,0,0,0,0,0,0,FIFA
ThurstonHowell3rd,24435954,3/15/15,1,2,18,-137.7847301,-359.3293408,5,9,14,1,2,2,318,234.2875238,65.15334497,8,13,66,37,0,2,BLM,2,ThurstonHowell3rd,2,1,0,513,0.000129607,3.39E-07,0.00067451,2,0.001005025,1,0.000502513,1,0.000502513,3,1,2,0,BLM
Tiger7890,24844794,4/19/15,0,3,30,333.8678837,207.5089023,79,110,356,11,51,131,859,621.7191183,727.3788651,447,628,1613,25,86,669,BLM,3,Tiger7890,3,1,0,20,5.05E-06,2.55E-07,0.000507353,15,0.007537688,1,0.000502513,14,0.007035176,26,2,24,0,BLM
Tiggahuhot,23379425,12/4/14,1,1,0,16.99830017,16.99830017,1,1,1,0,0,0,0,0,0,0,0,0,0,0,0,BLM,1,Tiggahuhot,1,1,NA,0,0,2.52E-07,0.00050226,1,0.000502513,1,0.000502513,0,0,1,1,0,0.000195397,BLM
Tjl2051,21937009,7/27/14,1,2,29,87.61978031,85.23469928,114,311,313,0,0,2,812,48.39994905,48.39994905,66,95,95,0,0,0,ebola,2,Tjl2051,2,1,0,476,0.000120259,2.53E-07,0.000503524,6,0.003015075,4,0.00201005,2,0.001005025,8,6,2,0.000196461,ebola
Tlpinto1,21875037,7/20/14,1,1,0,37.99962,37.99962,1,10,10,0,0,0,0,0,0,0,0,0,0,0,0,BLM,1,Tlpinto1,1,1,NA,0,0,2.52E-07,0.00050226,1,0.000502513,1,0.000502513,0,0,1,1,0,0,BLM
Tobyasds,21823208,7/13/14,1,1,0,942.9057094,942.9057094,1,1,1,0,0,0,0,0,0,0,0,0,0,0,0,FIFA,1,Tobyasds,1,1,NA,0,0,2.52E-07,0.00050226,0,0,0,0,0,0,0,0,0,0,FIFA
Toks3257,22354476,8/28/14,1,2,24,27.87988848,27.87988848,15,25,25,0,0,0,660,335.1570127,501.8693488,18,31,38,0,1,6,ebola,2,Toks3257,2,1,NA,0,0,2.52E-07,0.00050226,1,0.000502513,1,0.000502513,0,0,1,1,0,0.001264819,ebola
Trees are more important than people,25088381,5/6/15,1,3,0,337.3220893,317.9682032,1,1,3,1,1,0,0,0,0,0,0,0,0,0,0,BLM,3,Trees are more important than people,3,1,NA,0,0,2.52E-07,0.00050226,0,0,0,0,0,0,0,0,0,0,BLM
Tritzim,23051773,11/3/14,1,1,9,60.66464451,60.66464451,2,3,3,0,0,0,256,52.87477969,18.31238555,4,16,24,1,2,5,ebola,1,Tritzim,1,1,NA,0,0,2.52E-07,0.00050226,1,0.000502513,1,0.000502513,0,0,1,1,0,0.000195397,ebola
Ttextt,24719872,4/10/15,1,1,4,830.6528225,947.1810564,1,5,6,0,1,0,0,-210.9789021,0,0,0,1,0,1,0,BLM,1,Ttextt,1,1,NA,0,0,2.52E-07,0.00050226,0,0,0,0,0,0,0,0,0,0,BLM
Tuanminh01,21609933,6/13/14,0,3,26,87.51259612,86.61262383,13,31,39,3,5,0,1179,2589.311465,207.9365731,599,899,2725,24,25,1741,FIFA,3,Tuanminh01,3,1,NA,0,0,2.52E-07,0.00050226,0,0,0,0,0,0,0,0,0,0,FIFA
TwinTowers911,25800157,7/18/15,1,1,0,5.99940006,5.99940006,1,1,1,0,0,0,0,0,0,0,0,0,0,0,0,BLM,1,TwinTowers911,1,1,NA,0,0,2.52E-07,0.00050226,1,0.000502513,1,0.000502513,0,0,1,1,0,0,BLM
Ulubeyli,22139134,8/9/14,1,1,1,131.9973601,131.9973601,5,5,5,0,0,0,83,273.8287695,296.9940601,4,5,6,0,0,1,ebola,1,Ulubeyli,1,1,NA,0,0,2.52E-07,0.00050226,0,0,0,0,0,0,0,0,0,0,ebola
UnionJaren,24680355,4/7/15,1,2,27,27.0998645,24.26650489,12,15,20,0,5,0,7,16.71422602,2.181808265,8,22,28,0,5,0,BLM,2,UnionJaren,2,1,0,0,0,2.52E-07,0.00050226,2,0.001005025,2,0.001005025,0,0,3,3,0,0,BLM
Username041313,24975002,4/27/15,1,1,0,-31.99680032,-31.99680032,1,1,1,0,0,0,0,0,0,0,0,0,0,0,0,BLM,1,Username041313,1,1,NA,0,0,2.52E-07,0.00050226,1,0.000502513,1,0.000502513,0,0,1,1,0,0,BLM
Vanished user 9j34rnfjemnrjnasj4,21556758,6/5/14,1,2,30,141.084507,160.2721674,88,191,343,52,6,21,139,395.2553485,247.7042277,580,1437,5181,557,658,932,FIFA,2,Vanished user 9j34rnfjemnrjnasj4,2,1,0,65,1.64E-05,2.54E-07,0.00050556,16,0.008040201,5,0.002512563,11,0.005527638,30,14,16,2.42E-05,FIFA
Vaselineeeeeeee,21345908,5/7/14,0,1,20,-136.3732953,-136.3732953,7,8,8,0,0,0,1219,103.1080126,69.08947211,3663,24488,29552,841,735,2094,FIFA,1,Vaselineeeeeeee,1,1,NA,0,0,2.52E-07,0.00050226,0,0,0,0,0,0,0,0,0,0,FIFA
Velojareal,26742571,11/8/15,1,2,30,196.1140056,22.10514682,7,19,70,37,8,6,23,282.99717,35.99820009,2,2,10,8,0,0,BLM,2,Velojareal,2,1,NA,0,0,2.52E-07,0.00050226,0,0,0,0,0,0,0,0,0,0,BLM
VeNeMousKAT,22008334,8/2/14,1,2,30,768.9998856,937.7104561,176,211,672,0,148,279,955,1112.912912,1293.408292,65,105,185,1,6,68,ebola,2,VeNeMousKAT,2,1,0,2717,0.000686439,2.55E-07,0.000507868,37,0.018592965,17,0.008542714,20,0.010050251,86,39,47,0.000331966,BLM
VeniVidiVici476,22423485,9/3/14,1,1,0,0,0,0,0,0,0,0,0,316,949.648045,5.238070295,10,21,23,0,2,0,ebola,1,VeniVidiVici476,1,1,NA,0,0,2.52E-07,0.00050226,0,0,0,0,0,0,0,0,0,0,ebola
Veracity134,23636100,12/30/14,1,1,0,13.99860014,13.99860014,1,1,1,0,0,0,0,0,0,0,0,0,0,0,0,BLM,1,Veracity134,1,1,NA,0,0,2.52E-07,0.00050226,0,0,0,0,0,0,0,0,0,0,BLM
Vicoskachaa,21607982,6/12/14,1,1,0,0,0,1,1,1,0,0,0,0,0,0,0,0,0,0,0,0,FIFA,1,Vicoskachaa,1,1,NA,0,0,2.52E-07,0.00050226,0,0,0,0,0,0,0,0,0,0,FIFA
Vkhoury,21836170,7/15/14,1,1,0,98.99010099,98.99010099,1,1,1,0,0,0,0,0,0,0,0,0,0,0,0,FIFA,1,Vkhoury,1,1,NA,0,0,2.52E-07,0.00050226,0,0,0,0,0,0,0,0,0,0,FIFA
W12345I,23151077,11/12/14,1,1,0,74.99906251,74.99906251,1,8,8,0,0,0,0,0,0,0,0,0,0,0,0,ebola,1,W12345I,1,1,NA,0,0,2.52E-07,0.00050226,0,0,0,0,0,0,0,0,0,0,ebola
Wa71la,22109672,8/7/14,1,1,0,48.99755012,48.99755012,1,2,2,0,0,0,0,0,0,0,0,0,0,0,0,ebola,1,Wa71la,1,1,NA,0,0,2.52E-07,0.00050226,0,0,0,0,0,0,0,0,0,0,ebola
Walfin,23402834,12/6/14,1,1,0,95.99520024,-1.99980002,1,1,2,1,0,0,0,238.9880506,238.9880506,1,2,2,0,0,0,BLM,1,Walfin,1,1,NA,0,0,2.52E-07,0.00050226,0,0,0,0,0,0,0,0,0,0,BLM
Walifa Waqar,23483832,12/14/14,1,2,0,8.454468596,8.454468596,7,11,11,0,0,0,421,238.1952361,238.1952361,2,5,5,0,0,0,ebola,2,Walifa Waqar,2,1,NA,0,0,2.52E-07,0.00050226,1,0.000502513,1,0.000502513,0,0,1,1,0,0,ebola
Walsh8157,24505878,3/22/15,1,1,0,196.980302,196.980302,1,1,1,0,0,0,0,0,0,0,0,0,0,0,0,BLM,1,Walsh8157,1,1,NA,0,0,2.52E-07,0.00050226,0,0,0,0,0,0,0,0,0,0,BLM
We43ff21,26764488,11/11/15,0,3,20,277.1828714,253.1715408,7,29,60,19,9,3,612,233.4961084,233.4961084,3,6,6,0,0,0,BLM,3,We43ff21,3,1,0,0,0,2.53E-07,0.000502765,2,0.001005025,0,0,2,0.001005025,2,0,2,0,BLM
WebSurfer01,23379546,12/4/14,1,1,0,-12.99870013,-12.99870013,1,1,1,0,0,0,0,0,0,0,0,0,0,0,0,BLM,1,WebSurfer01,1,1,NA,0,0,2.52E-07,0.00050226,0,0,0,0,0,0,0,0,0,0,BLM
White Arabian Filly,26780745,11/12/15,0,3,30,127.6768862,36.97385276,462,1071,1597,94,136,166,675,89.45944328,90.39167312,2275,7639,13919,1851,1368,1877,BLM,3,White Arabian Filly,3,1,0,10151,0.002564608,3.36E-07,0.000668617,70,0.035175879,10,0.005025126,60,0.030150754,154,35,119,1,BLM
WickedTurth,23571975,12/23/14,1,1,4,523.7456355,737.560892,3,7,12,3,1,1,0,0,0,0,0,0,0,0,0,BLM,1,WickedTurth,1,1,0,0,0,2.52E-07,0.00050226,2,0.001005025,2,0.001005025,0,0,4,4,0,0,BLM
Wikimarcel2002,23824712,1/18/15,1,1,0,0,0,0,0,0,0,0,0,63,29.39941201,29.39941201,2,5,5,0,0,0,ebola,1,Wikimarcel2002,1,1,NA,0,0,2.52E-07,0.00050226,0,0,0,0,0,0,0,0,0,0,ebola
Wikimaster2525,22708031,9/30/14,1,1,0,129.4935253,129.4935253,1,2,2,0,0,0,0,0,0,0,0,0,0,0,0,ebola,1,Wikimaster2525,1,1,NA,0,0,2.52E-07,0.00050226,0,0,0,0,0,0,0,0,0,0,ebola
Wikipedianeedseditting,22675187,9/27/14,1,1,0,826.3057898,826.3057898,1,3,3,0,0,0,0,0,0,0,0,0,0,0,0,ebola,1,Wikipedianeedseditting,1,1,NA,0,0,2.52E-07,0.00050226,1,0.000502513,1,0.000502513,0,0,1,1,0,0.000195397,ebola
Wikipedianorthernireland,22857347,10/15/14,1,2,28,0.249997917,0.249997917,9,12,12,0,0,0,623,-4.199979,-4.199979,14,20,20,0,0,0,ebola,2,Wikipedianorthernireland,2,1,NA,0,0,2.52E-07,0.00050226,1,0.000502513,1,0.000502513,0,0,1,1,0,0,ebola
Wikipuser777,22078499,8/5/14,1,2,23,463.1525886,181.3329304,19,45,98,1,10,26,476,6.833219446,-3.749906252,3,4,6,0,2,0,BLM,2,Wikipuser777,2,1,0,126,3.18E-05,2.54E-07,0.000505816,21,0.010552764,7,0.003517588,14,0.007035176,34,11,23,0,BLM
Wikitesh Thapa,21711139,6/28/14,1,2,0,0,0,0,0,0,0,0,0,18,29.79940401,29.79940401,4,5,5,0,0,0,ebola,2,Wikitesh Thapa,2,1,NA,0,0,2.52E-07,0.00050226,0,0,0,0,0,0,0,0,0,0,ebola
Wikiwang8,23577638,12/24/14,1,2,14,56.24859379,56.24859379,2,4,4,0,0,0,0,0.499975001,0.499975001,1,2,2,0,0,0,ebola,2,Wikiwang8,2,1,NA,0,0,2.52E-07,0.00050226,0,0,0,0,0,0,0,0,0,0,ebola
WilleHelm,22634215,9/23/14,1,2,14,61.66461118,61.66461118,2,3,3,0,0,0,0,0,0,0,0,0,0,0,0,ebola,2,WilleHelm,2,1,NA,0,0,2.52E-07,0.00050226,0,0,0,0,0,0,0,0,0,0,ebola
WillSchenk,23334859,11/30/14,1,2,0,75.99620019,75.99620019,2,2,2,0,0,0,0,0,0,0,0,0,0,0,0,BLM,2,WillSchenk,2,1,NA,0,0,2.52E-07,0.00050226,0,0,0,0,0,0,0,0,0,0,BLM
WolverhmptonLad01,25232934,5/19/15,1,2,29,60.78528011,60.78528011,4,14,14,0,0,0,359,15.44825811,14.15114634,12,86,87,0,1,0,ebola,2,WolverhmptonLad01,2,1,NA,0,0,2.52E-07,0.00050226,0,0,0,0,0,0,0,0,0,0,ebola
Wrsa,21960546,7/30/14,1,3,10,2.00465023,11.62726216,89,110,215,10,1,1,0,0,0,0,0,0,0,0,0,ebola,3,Wrsa,3,1,NA,0,0,2.52E-07,0.00050226,1,0.000502513,1,0.000502513,0,0,2,2,0,2.03E-07,ebola
Wulframm Rolf,25599093,6/25/15,1,1,12,72.99817505,72.99817505,3,4,4,0,0,0,0,-3.99960004,-3.99960004,1,1,1,0,0,0,BLM,1,Wulframm Rolf,1,1,NA,0,0,2.52E-07,0.00050226,1,0.000502513,1,0.000502513,0,0,1,1,0,0,BLM
Wwhitbyiv,25245419,5/20/15,1,1,2,75.33283111,75.33283111,2,15,15,0,0,0,268,201.297987,201.297987,8,10,10,0,0,0,ebola,1,Wwhitbyiv,1,1,NA,0,0,2.52E-07,0.00050226,0,0,0,0,0,0,0,0,0,0,ebola
Wybulldog,22287595,8/22/14,1,1,20,52.99823339,52.99823339,2,3,3,0,0,0,0,0,0,0,0,0,0,0,0,BLM,1,Wybulldog,1,1,NA,0,0,2.52E-07,0.00050226,0,0,0,0,0,0,0,0,0,0,BLM
Wyqy,22685997,9/28/14,1,1,0,203.4898255,147.9852015,1,1,2,0,0,1,0,0,0,0,0,0,0,0,0,ebola,1,Wyqy,1,1,NA,0,0,2.52E-07,0.00050226,1,0.000502513,1,0.000502513,0,0,1,1,0,0,ebola
XavierItzm,22888068,10/18/14,0,1,19,392.60893,432.1222992,4,16,18,0,0,2,1041,459.6050016,434.2729374,315,1524,2590,850,12,94,ebola,1,XavierItzm,1,1,0,0,0,2.52E-07,0.00050226,2,0.001005025,2,0.001005025,0,0,2,2,0,0.000195261,BLM
Xboxy,21615116,6/13/14,1,1,1,11.49942503,11.49942503,1,2,2,0,0,0,0,0,0,0,0,0,0,0,0,FIFA,1,Xboxy,1,1,NA,0,0,2.52E-07,0.00050226,0,0,0,0,0,0,0,0,0,0,FIFA
XcoIu,21617654,6/14/14,1,1,0,95.99040096,95.99040096,1,1,1,0,0,0,0,0,0,0,0,0,0,0,0,FIFA,1,XcoIu,1,1,NA,0,0,2.52E-07,0.00050226,0,0,0,0,0,0,0,0,0,0,FIFA
Xqxf,22765172,10/6/14,1,1,17,105.8937735,23.13882361,63,461,612,91,5,26,0,0,0,0,0,0,0,0,0,ebola,1,Xqxf,1,1,0,873,0.00022056,2.54E-07,0.00050454,14,0.007035176,5,0.002512563,9,0.004522613,28,14,14,0.000246882,ebola
Xstokenmen,21602446,6/11/14,1,1,0,51.99480052,51.99480052,1,1,1,0,0,0,0,0,0,0,0,0,0,0,0,FIFA,1,Xstokenmen,1,1,NA,0,0,2.52E-07,0.00050226,0,0,0,0,0,0,0,0,0,0,FIFA
XxMorningXxXStarxX,24410372,3/13/15,1,1,0,-12.99870013,-12.99870013,1,1,1,0,0,0,0,0,0,0,0,0,0,0,0,BLM,1,XxMorningXxXStarxX,1,1,NA,0,0,2.52E-07,0.00050226,0,0,0,0,0,0,0,0,0,0,BLM
Xxxebloadubnusxxx,23436940,12/9/14,1,1,0,23.99760024,23.99760024,1,1,1,0,0,0,0,0,0,0,0,0,0,0,0,ebola,1,Xxxebloadubnusxxx,1,1,NA,0,0,2.52E-07,0.00050226,1,0.000502513,1,0.000502513,0,0,1,1,0,0,ebola
Yankeekid13,23376982,12/3/14,1,1,0,16.99830017,16.99830017,1,1,1,0,0,0,0,0,0,0,0,0,0,0,0,BLM,1,Yankeekid13,1,1,NA,0,0,2.52E-07,0.00050226,0,0,0,0,0,0,0,0,0,0,BLM
Yellow Dingo,23215288,11/18/14,1,3,20,386.897899,504.196308,80,122,304,49,51,36,179,388.800668,218.1803209,2001,3111,8624,785,1343,672,ebola,3,Yellow Dingo,3,1,0,195,4.93E-05,2.59E-07,0.000514905,13,0.006532663,4,0.00201005,9,0.004522613,21,6,15,2.15E-05,ebola
Yessy1205,21753789,7/3/14,1,1,1,76.1814719,5.687464453,4,16,22,0,2,4,0,0,0,0,0,0,0,0,0,FIFA,1,Yessy1205,1,1,0,12,3.03E-06,2.53E-07,0.000502512,3,0.001507538,2,0.001005025,1,0.000502513,7,4,3,0,FIFA
Yogo770,23068686,11/4/14,1,1,11,51.44809845,41.11983552,8,25,29,3,0,1,225,5.749928126,58.33236113,5,6,8,0,0,0,ebola,1,Yogo770,1,1,0,1,2.53E-07,2.53E-07,0.000502513,2,0.001005025,1,0.000502513,1,0.000502513,2,1,1,0,ebola
Youareagrt,24523851,3/24/15,1,2,0,33.49916252,41.99860005,3,3,4,0,1,0,0,0,0,0,0,0,0,0,0,BLM,2,Youareagrt,2,1,0,0,0,2.52E-07,0.00050226,2,0.001005025,2,0.001005025,0,0,2,2,0,0,BLM
Yunghomiek,25561760,6/21/15,1,1,0,0,0,1,2,2,0,0,0,0,0,0,0,0,0,0,0,0,BLM,1,Yunghomiek,1,1,NA,0,0,2.52E-07,0.00050226,0,0,0,0,0,0,0,0,0,0,BLM
ZeFreightTrain,25764360,7/14/15,1,2,10,-3.333222226,-3.333222226,2,3,3,0,0,0,0,0,0,0,0,0,0,0,0,BLM,2,ZeFreightTrain,2,1,NA,0,0,2.52E-07,0.00050226,0,0,0,0,0,0,0,0,0,0,BLM
Zexcoiler Kingbolt,26896767,11/26/15,1,1,14,388.0332406,-64.33118896,3,3,59,0,34,19,108,540.8157236,-23.99760024,1,1,22,2,13,4,BLM,1,Zexcoiler Kingbolt,1,1,NA,0,0,2.52E-07,0.00050226,1,0.000502513,1,0.000502513,0,0,2,2,0,0.002798827,BLM